Actual Fare,Predicted Fare
11.3,12.19
68.3,73.69
7.0,7.98
3.5,7.08
14.0,12.59
18.0,20.27
8.1,7.27
12.9,14.67
6.0,5.48
21.0,15.09
3.5,4.87
20.1,22.98
5.3,4.71
15.7,17.0
45.0,38.99
13.0,9.64
6.1,8.24
7.3,7.87
8.1,6.26
16.5,3.73
36.27,35.1
15.0,14.61
8.9,8.23
10.5,10.93
5.7,6.55
9.7,7.93
11.3,11.34
22.1,27.16
5.9,5.33
7.7,7.59
17.3,15.23
4.5,4.61
6.0,8.03
3.3,8.58
13.7,14.01
9.0,8.04
19.3,11.53
9.0,7.75
3.3,5.54
5.0,5.26
4.9,6.07
6.5,7.64
3.7,6.66
5.0,4.54
8.1,10.53
13.3,11.45
8.9,7.67
8.9,11.27
7.5,10.93
9.0,8.59
7.3,8.99
8.0,7.85
18.9,17.35
38.5,41.78
2.5,20.51
6.5,7.74
6.5,5.41
7.7,11.08
43.95,31.67
12.0,13.23
6.1,5.06
7.0,7.67
4.9,5.41
12.9,13.15
10.9,11.23
10.1,8.27
10.0,10.96
8.5,8.2
8.9,10.86
7.5,7.27
4.5,4.86
20.1,14.11
27.0,6.01
12.0,10.22
8.5,7.32
8.5,7.93
6.9,6.77
5.0,4.57
9.7,11.88
10.1,11.03
10.0,11.55
22.9,22.73
11.0,10.82
7.0,6.11
10.9,12.26
5.3,6.87
10.5,9.21
8.1,9.97
15.5,11.86
27.7,34.35
9.3,9.4
13.7,14.19
7.7,5.09
4.1,5.19
20.0,17.05
3.5,4.5
17.0,17.38
12.5,14.28
7.3,7.62
10.0,9.72
7.7,7.63
4.9,4.58
8.0,6.77
39.54,33.89
4.5,4.76
4.5,15.25
5.5,4.73
12.9,13.03
13.7,15.76
21.5,18.37
5.7,7.32
8.1,7.42
25.0,14.96
5.7,14.85
10.5,13.11
8.5,8.08
17.0,17.53
10.5,10.17
6.5,5.13
4.5,3.88
6.1,7.32
9.5,10.78
7.7,6.7
8.1,9.4
12.5,12.1
9.0,6.61
17.3,16.06
21.0,12.86
7.0,6.14
5.3,5.82
5.4,4.36
10.7,9.73
57.33,53.53
7.3,7.12
7.7,9.33
7.5,5.37
9.7,8.35
14.65,7.8
17.0,14.58
8.5,7.98
10.5,11.01
7.0,6.45
5.7,8.67
10.5,9.93
4.5,6.24
8.0,11.06
7.0,4.01
16.0,14.09
7.0,8.87
18.0,17.55
12.5,4.79
6.5,7.05
14.1,15.79
5.3,6.77
6.9,7.71
8.5,9.66
15.5,12.14
9.5,6.01
4.1,4.18
9.7,12.02
38.33,40.7
10.9,12.37
10.0,10.23
5.7,7.17
4.5,8.38
7.7,8.91
4.5,5.92
17.0,16.9
73.0,65.05
9.5,13.37
8.1,8.5
3.7,4.25
24.0,24.93
16.1,17.23
27.47,33.85
14.0,12.26
5.7,5.1
7.0,7.84
6.5,6.21
11.3,12.29
3.3,5.07
11.3,13.61
10.1,9.54
68.25,4.75
4.5,5.15
7.5,5.98
6.9,7.1
11.0,9.17
6.0,13.69
6.5,7.22
18.0,16.7
10.5,10.21
4.1,4.62
8.5,9.11
13.7,14.24
5.3,6.28
12.1,9.02
16.5,12.96
8.0,7.76
3.7,4.71
10.0,8.92
39.7,39.08
7.0,7.06
5.0,5.03
7.7,7.85
16.5,18.0
5.3,6.64
7.3,8.55
14.0,12.85
14.5,10.15
6.5,6.87
7.3,9.69
17.5,17.66
8.1,8.8
24.9,32.86
5.3,55.41
4.0,4.69
4.2,5.21
3.7,5.14
5.5,5.44
6.1,6.41
4.5,5.82
11.3,13.44
10.5,13.81
9.7,12.21
4.5,5.28
6.1,7.14
7.3,8.29
10.9,10.7
20.9,23.64
5.3,7.62
24.0,24.36
6.0,6.0
10.5,6.59
18.0,17.35
22.1,24.91
6.9,6.78
5.3,5.2
7.5,6.98
10.1,10.52
13.5,10.66
18.9,25.91
7.7,12.15
4.0,4.1
14.0,11.4
5.3,4.34
23.0,17.34
4.5,6.85
9.0,10.15
6.1,7.53
6.9,7.34
9.5,7.49
49.15,54.66
8.9,9.54
25.5,25.42
10.9,14.86
9.0,5.65
8.1,10.48
5.7,10.63
4.9,6.35
11.5,11.19
6.1,7.44
7.7,8.64
11.7,8.37
11.7,11.58
6.5,6.64
20.0,13.54
7.3,8.56
5.5,5.81
17.3,17.0
7.0,8.14
5.7,6.82
7.3,10.41
4.6,4.43
11.5,11.02
37.83,37.74
7.3,11.04
13.5,12.55
11.3,15.52
8.1,9.89
57.54,50.55
15.5,14.9
22.0,17.01
21.3,22.49
6.5,4.46
34.5,26.0
12.1,11.4
7.3,8.06
9.5,8.69
8.9,9.81
5.0,4.93
8.5,9.91
7.7,8.19
9.3,8.55
8.0,7.34
4.0,4.66
24.8,27.89
14.9,15.39
6.5,7.0
14.9,14.96
6.5,6.5
9.3,10.56
4.5,4.28
12.5,8.63
14.5,15.34
6.1,7.79
8.1,5.98
6.1,6.18
6.5,7.1
12.5,12.67
4.1,3.99
7.0,7.07
8.1,8.33
4.9,5.92
4.1,4.35
5.3,6.81
8.1,6.17
5.5,5.97
6.1,7.27
5.0,5.68
18.0,18.87
25.5,19.27
5.3,6.46
6.5,9.19
18.5,11.83
8.9,10.27
17.7,21.28
7.3,9.55
6.0,7.18
7.3,8.8
4.0,5.33
7.0,6.29
8.5,15.58
62.66,17.07
13.0,15.19
6.1,5.76
27.0,22.21
6.1,6.19
29.83,26.16
22.0,5.26
7.0,7.91
11.5,11.94
4.1,5.97
11.3,9.57
8.5,8.6
4.1,6.82
5.5,6.94
9.3,10.35
10.9,13.25
6.5,5.4
5.3,6.68
4.1,5.02
11.0,10.85
6.9,8.74
8.5,10.54
5.7,6.75
16.9,14.71
6.9,6.64
9.5,7.85
5.3,5.46
40.5,50.17
10.5,12.13
10.5,11.09
8.0,8.52
10.9,11.05
5.5,4.69
13.5,14.31
13.7,14.6
16.5,10.49
9.3,8.98
8.9,6.68
4.0,4.59
7.7,10.39
7.7,9.59
12.0,13.44
6.0,5.74
19.7,22.84
6.5,5.37
21.7,24.86
10.1,12.66
10.5,12.25
8.9,8.48
9.3,9.5
6.9,7.04
49.8,54.03
8.0,7.06
6.1,6.01
4.1,4.6
7.5,7.96
12.5,7.51
6.1,6.56
18.0,13.82
10.5,9.02
22.0,12.17
10.5,8.75
14.5,17.57
7.0,7.08
14.5,15.53
12.5,12.44
9.7,10.08
4.1,4.78
9.0,8.76
12.5,13.94
4.5,5.4
3.7,4.19
21.0,18.68
5.0,4.91
7.3,8.55
27.07,32.64
12.0,11.61
15.7,16.94
9.5,8.1
9.0,8.44
7.8,8.88
14.5,11.62
16.3,26.05
16.5,18.63
26.5,24.31
14.5,13.97
17.0,13.99
4.5,5.27
11.5,10.97
10.0,9.21
15.3,19.03
7.5,7.39
43.33,29.28
5.5,11.58
6.5,6.02
6.5,8.27
11.3,9.7
7.0,6.8
21.5,22.76
3.3,13.19
49.57,40.77
7.7,7.87
2.9,4.75
6.5,6.49
36.54,30.69
6.9,7.37
8.0,8.69
5.0,6.62
8.1,9.63
10.1,10.75
45.0,50.6
6.9,7.19
16.0,9.96
10.0,8.91
16.9,22.96
4.5,5.07
16.1,19.11
3.7,4.49
9.0,9.62
11.7,12.01
19.3,20.18
6.0,5.84
4.0,4.28
17.0,15.97
10.9,10.44
8.1,9.15
9.3,10.51
18.5,19.0
12.1,15.86
16.5,9.27
8.0,8.17
6.0,6.22
6.9,7.37
7.3,8.14
6.9,8.29
8.5,12.79
20.5,20.72
8.5,7.36
5.0,5.98
5.5,6.99
10.1,11.36
22.9,23.11
29.3,40.85
5.5,6.07
11.5,12.26
9.7,12.14
5.7,7.78
7.5,7.47
9.7,12.68
8.5,8.53
5.7,11.27
7.0,5.56
10.5,10.36
3.5,5.53
13.5,10.74
4.5,4.85
15.5,14.76
39.5,29.74
5.1,5.8
52.0,49.27
7.3,9.54
6.0,5.79
5.5,6.56
10.1,12.1
30.5,31.03
5.7,6.89
10.0,7.46
10.5,12.67
6.5,8.53
9.0,8.21
11.5,6.54
3.5,10.5
4.0,4.3
19.0,20.59
9.7,11.21
6.5,6.94
4.5,6.15
52.0,53.25
6.9,7.8
10.0,10.7
5.5,4.8
4.5,5.35
5.3,5.11
6.9,6.28
18.5,20.17
18.9,3.58
9.5,9.67
10.0,9.35
27.0,9.96
6.0,6.03
7.3,7.67
6.5,7.0
7.0,5.92
4.5,5.44
12.5,14.71
11.3,13.83
5.5,5.37
13.3,15.45
20.1,19.0
20.5,18.66
11.0,10.61
28.1,34.08
5.7,7.77
11.3,11.63
5.0,5.77
4.0,5.51
6.0,8.12
8.0,7.11
19.5,18.43
4.1,4.95
8.1,10.57
6.0,6.51
4.5,5.12
9.5,5.28
8.5,8.72
5.3,4.84
6.2,8.02
10.1,6.28
5.5,5.52
11.5,10.83
18.5,14.3
60.65,53.3
11.3,14.24
10.9,11.75
6.9,7.16
50.33,38.14
9.3,12.03
4.0,5.73
6.0,6.85
7.3,5.87
7.0,8.29
9.0,6.82
12.5,9.49
6.5,7.83
8.5,7.51
6.0,6.81
11.0,8.64
3.3,4.44
4.1,4.84
45.0,50.53
8.9,12.22
12.5,7.84
18.0,17.74
8.5,11.27
4.1,4.86
10.5,7.66
6.5,7.53
34.33,28.82
11.3,16.2
11.0,8.22
10.5,8.44
21.5,14.51
5.3,5.81
10.0,6.69
10.0,10.78
4.0,4.66
33.0,29.88
11.5,11.48
6.5,6.51
9.3,8.83
49.57,51.56
4.5,5.97
9.7,10.67
3.3,5.01
17.5,9.43
9.3,10.31
4.5,6.14
11.3,10.92
6.5,5.97
11.7,17.08
10.1,10.53
6.5,6.9
6.5,7.68
24.5,20.14
9.7,12.21
4.5,4.92
43.33,30.68
4.0,4.42
6.5,7.13
8.5,7.75
4.0,4.33
16.5,13.95
23.3,28.93
11.5,9.79
10.1,11.75
6.5,8.37
8.9,10.56
4.9,5.21
6.1,7.11
10.5,5.82
45.0,51.3
6.9,8.15
56.8,49.7
18.5,22.34
8.1,9.89
5.3,6.47
17.5,10.26
8.9,9.67
16.5,12.12
13.7,18.38
10.0,16.54
8.9,8.85
7.5,6.08
14.5,9.47
8.1,8.03
6.5,5.7
5.7,6.78
8.1,11.0
4.5,6.1
7.0,7.05
3.5,4.82
17.5,18.83
18.0,13.24
8.0,7.65
8.5,7.47
14.5,17.6
45.0,48.84
29.5,32.25
6.0,6.2
6.0,7.3
15.0,11.37
10.5,6.56
7.0,8.34
7.0,7.72
4.1,5.22
7.0,5.4
7.5,6.47
6.5,5.97
3.7,5.17
11.5,9.7
14.5,6.79
6.5,5.73
4.5,4.11
10.1,12.47
6.1,8.03
18.5,18.08
7.7,8.16
5.5,5.27
9.5,8.62
6.5,8.38
10.5,11.17
11.3,15.02
4.1,5.02
6.9,9.87
6.1,7.11
11.0,8.33
8.5,7.94
10.9,11.71
12.5,10.82
8.5,8.53
7.3,6.68
6.1,6.12
9.3,12.25
4.5,5.16
7.3,8.18
13.7,13.98
4.1,6.37
8.1,10.46
6.5,6.24
16.5,19.26
5.3,7.2
5.7,7.65
7.3,7.53
5.3,6.7
5.7,7.6
6.5,6.71
8.5,7.81
12.0,9.46
2.5,9.42
10.1,10.72
49.8,51.25
43.83,37.09
9.5,9.64
6.0,6.52
11.5,10.41
11.3,13.27
5.0,5.43
6.5,6.4
4.5,4.76
4.5,6.05
6.9,7.05
14.1,15.75
9.7,10.63
20.5,7.68
12.5,6.84
57.33,56.08
5.5,5.59
4.1,6.32
3.7,4.66
5.7,5.52
5.7,6.2
8.9,8.76
24.5,19.32
8.5,6.62
4.1,5.32
7.0,5.51
7.7,9.62
9.7,10.83
14.5,12.37
13.3,11.5
10.1,10.17
6.5,6.61
11.7,11.5
6.9,7.9
11.5,12.1
25.0,21.76
6.0,5.5
4.5,5.1
7.3,6.23
6.1,6.04
4.0,4.81
5.0,6.5
10.5,7.17
11.5,8.74
7.7,5.69
12.1,13.22
9.5,7.6
28.1,32.03
11.0,10.67
9.7,11.22
21.5,19.96
7.3,7.38
14.5,18.21
10.5,7.23
50.33,35.95
9.3,10.46
8.1,9.69
15.7,17.13
10.5,12.99
12.5,12.84
6.9,9.99
10.5,12.74
6.5,10.06
6.5,6.1
8.5,10.57
7.5,6.67
7.7,7.29
11.5,8.01
10.5,11.61
4.5,5.35
9.0,6.07
8.9,10.62
6.5,9.57
4.0,5.25
12.1,9.54
12.9,6.63
6.9,7.29
11.5,11.74
11.3,10.61
5.3,5.07
10.0,9.61
5.7,6.6
9.5,6.39
4.5,4.29
3.7,4.61
21.0,15.82
19.3,18.93
22.5,21.43
12.0,10.27
6.5,5.72
6.5,7.54
14.5,12.8
5.3,5.97
6.1,6.76
3.0,6.22
4.5,4.56
4.9,4.61
6.5,22.82
6.5,13.45
4.1,5.74
4.5,4.67
3.7,4.55
4.1,4.56
8.5,12.82
8.9,9.85
10.0,9.63
8.5,7.23
9.7,9.92
7.3,9.54
6.5,7.19
33.5,33.45
6.5,8.65
18.0,14.71
32.4,32.26
91.75,70.55
14.5,17.0
7.5,8.8
6.1,7.71
32.1,32.93
39.33,30.81
8.1,7.41
6.9,10.2
5.7,6.32
5.7,6.29
10.5,9.9
18.5,16.68
5.5,4.67
8.0,6.96
4.0,5.21
12.5,12.1
12.0,8.0
4.9,6.11
13.7,15.43
5.0,5.71
5.3,6.66
4.9,5.16
5.3,6.56
5.5,5.98
9.5,5.14
7.0,6.23
4.1,4.88
7.5,8.1
6.5,7.21
8.9,10.93
5.0,5.61
6.9,7.77
29.83,27.74
5.3,7.13
8.9,9.66
4.5,3.99
8.1,9.83
8.0,7.49
10.1,11.32
4.9,5.98
14.1,11.18
13.5,12.43
8.1,8.08
4.5,4.93
28.25,29.02
5.5,6.11
10.1,8.69
5.3,5.89
4.1,5.2
4.9,6.12
5.5,5.76
8.0,7.15
6.5,7.35
4.9,5.61
8.1,8.07
8.1,9.06
33.5,18.73
32.0,30.59
13.7,14.02
18.5,13.79
17.0,11.65
8.1,10.15
10.1,13.32
8.9,7.98
4.1,5.54
7.3,7.82
6.5,9.0
8.5,6.37
4.5,5.99
9.7,7.86
12.1,11.34
27.0,21.64
8.1,7.72
7.7,12.14
3.7,3.69
11.3,12.98
9.3,13.07
3.7,5.27
5.3,6.32
5.5,6.16
6.5,7.66
15.7,19.83
3.3,13.51
15.0,14.92
5.5,5.49
22.5,19.85
10.5,9.73
7.0,6.49
21.5,22.51
7.3,8.39
6.0,7.52
3.7,3.77
27.5,26.59
5.3,7.51
7.7,8.66
22.0,19.2
10.5,9.11
9.7,9.8
7.0,5.71
10.0,13.36
14.0,11.75
5.3,6.06
6.5,6.2
49.5,41.35
6.1,6.72
7.3,9.33
8.5,10.8
7.7,9.35
41.83,30.28
6.5,8.27
2.5,13.18
26.0,31.17
6.9,8.68
16.0,16.62
15.3,14.73
10.1,12.41
32.9,27.91
7.7,8.9
7.7,7.88
7.7,6.71
6.1,6.26
4.9,7.36
5.9,5.75
6.5,6.04
8.5,8.91
6.5,8.32
6.1,7.44
14.5,15.19
4.9,6.64
4.9,5.6
6.5,7.55
4.5,5.42
11.5,9.94
4.5,6.23
5.7,6.96
9.3,9.78
7.5,6.99
11.5,10.69
20.1,19.21
15.5,12.47
8.9,11.8
4.9,5.21
6.5,6.35
7.0,7.46
7.0,6.71
7.5,6.94
7.3,6.93
7.3,9.64
3.7,5.04
3.7,4.7
11.5,13.89
20.0,13.92
7.3,7.59
10.5,9.26
12.9,14.18
6.1,8.44
7.0,6.3
4.9,6.23
5.3,4.56
8.9,9.39
4.0,5.21
21.5,11.62
8.5,8.6
5.5,5.92
4.5,5.41
4.1,4.98
6.0,6.13
4.0,5.22
5.3,6.9
57.33,53.26
7.5,6.89
8.1,8.37
9.3,12.97
5.7,8.05
15.0,14.04
5.0,6.0
4.9,6.25
8.0,9.7
6.0,5.64
18.0,12.74
15.0,10.48
24.83,18.58
5.0,4.8
7.7,8.86
6.5,7.57
18.5,19.19
8.5,7.31
5.7,6.85
6.9,9.76
7.5,8.2
8.1,9.52
8.5,8.26
10.0,8.66
6.1,6.55
10.9,8.82
12.1,12.76
6.5,7.95
5.3,5.67
5.0,5.35
9.7,8.98
10.5,12.4
8.5,10.47
3.7,16.9
10.1,11.38
6.5,5.25
41.0,39.59
5.3,7.44
12.0,12.87
5.7,6.2
11.3,9.24
10.5,13.15
11.3,12.71
7.3,6.15
3.7,4.7
6.5,7.38
12.5,13.43
33.3,27.77
6.9,6.58
9.3,9.29
9.0,8.62
9.5,9.1
11.0,10.01
9.3,10.64
9.5,6.52
12.9,13.24
7.3,10.56
14.0,11.0
6.1,6.91
6.1,7.62
18.1,21.96
12.5,7.1
14.0,11.49
5.3,5.46
9.7,7.74
10.1,13.82
8.0,5.96
7.3,8.82
11.5,8.87
5.7,6.17
6.9,8.97
8.0,7.2
8.9,11.58
49.8,50.68
6.5,5.67
8.1,6.41
49.57,48.09
8.9,8.63
8.0,6.46
14.5,19.35
10.9,10.15
19.0,15.79
29.83,27.2
7.3,8.49
11.3,11.77
4.9,6.12
5.3,5.01
3.7,5.37
10.9,8.7
6.9,7.43
11.7,12.14
11.3,11.72
13.3,10.67
21.3,11.84
12.1,15.52
4.5,4.42
10.5,10.25
10.5,10.9
4.9,5.89
9.5,10.81
7.3,8.71
4.0,13.51
7.3,8.73
10.9,11.68
14.9,16.26
29.0,18.86
9.7,10.48
11.0,9.08
11.0,12.76
7.5,7.43
5.3,6.52
5.0,4.73
6.5,10.34
6.1,7.01
6.9,7.96
14.9,17.86
8.5,6.44
6.5,7.82
6.5,6.26
4.5,4.81
2.9,3.87
5.0,4.86
9.0,9.14
3.7,5.67
8.1,8.54
8.1,8.4
12.5,13.82
9.5,7.79
7.0,7.22
6.5,7.34
9.0,7.51
8.5,8.47
14.5,16.36
3.7,4.3
7.0,8.23
6.9,7.91
10.1,11.97
4.1,5.48
7.0,5.75
10.5,9.38
7.5,10.92
10.0,9.65
11.0,11.11
12.0,12.44
8.5,6.6
17.0,13.37
5.5,7.3
37.33,31.65
5.0,5.56
4.5,5.53
4.1,6.37
5.3,6.55
13.3,13.15
13.3,15.99
9.0,6.87
8.9,9.82
4.1,4.84
17.3,18.77
5.0,5.25
3.7,4.4
6.9,8.28
9.7,13.32
8.1,7.69
5.3,5.06
7.7,7.78
10.9,10.25
7.0,7.94
12.0,8.9
5.3,5.63
5.7,11.35
14.9,16.69
26.0,19.66
6.9,7.7
8.5,10.65
7.0,8.54
6.5,5.98
7.0,7.7
7.3,8.4
16.5,11.96
38.0,35.72
8.1,8.52
6.9,7.17
18.5,17.93
8.9,11.05
11.7,15.86
17.0,17.08
5.0,4.66
11.7,13.68
11.5,13.76
31.0,25.15
13.5,12.26
7.7,9.46
2.5,9.08
18.5,25.42
8.5,10.35
11.7,11.07
6.0,5.92
5.5,4.32
9.7,12.78
10.5,10.74
11.3,15.23
12.5,8.17
5.7,6.53
4.5,6.06
17.3,14.48
4.5,5.76
5.3,5.38
5.5,5.49
7.3,9.23
6.1,8.41
4.9,6.74
7.3,7.7
6.0,6.11
4.1,5.47
4.5,5.18
9.7,10.87
8.9,9.93
4.9,5.83
20.0,14.56
17.7,18.66
8.5,7.47
8.1,9.03
14.9,16.53
4.9,6.41
7.7,6.58
8.5,10.16
13.7,18.1
8.1,9.52
8.5,9.47
20.1,24.11
11.0,9.73
3.7,4.72
5.7,6.25
9.3,10.25
5.3,7.37
8.5,8.7
10.5,8.57
6.5,6.94
8.9,10.82
4.5,5.1
7.0,7.05
3.0,16.11
18.0,14.7
9.7,9.92
5.3,6.43
3.3,5.24
8.5,9.87
17.5,15.32
7.3,8.6
9.0,10.65
19.0,16.75
8.0,7.81
25.5,19.99
18.5,21.68
12.1,11.71
7.7,7.51
8.0,7.14
9.0,8.55
7.5,8.24
4.5,4.93
4.1,4.7
4.9,5.49
57.54,53.04
4.9,5.77
6.1,6.45
7.0,6.24
16.0,12.11
8.5,7.7
4.1,5.04
11.0,9.3
5.3,6.79
6.5,5.69
6.0,5.78
8.9,9.33
6.5,7.8
10.5,8.69
8.9,10.76
4.5,4.11
28.9,10.67
14.0,12.48
14.5,13.6
11.7,8.91
4.0,4.58
7.5,11.0
22.0,40.78
10.1,11.33
6.0,6.99
5.0,5.01
8.9,8.69
5.7,7.96
6.1,5.59
3.3,4.29
14.0,14.08
4.5,4.65
14.5,10.69
6.5,6.97
23.7,32.77
13.0,10.66
6.5,7.44
5.3,4.94
4.9,5.95
10.5,9.06
5.0,5.53
4.1,5.62
6.9,7.84
14.9,13.78
11.7,13.98
9.0,7.84
7.5,6.47
6.1,12.82
12.5,10.59
3.3,5.75
6.9,8.12
3.7,5.86
6.5,6.59
5.3,6.91
16.5,8.58
28.5,39.16
9.5,7.41
5.3,7.11
15.5,15.74
4.5,7.84
6.0,6.18
6.9,5.73
13.7,8.51
8.5,9.5
8.6,7.44
5.7,6.86
9.7,11.5
12.1,14.67
9.3,9.53
5.3,7.51
8.0,7.61
7.0,6.98
4.9,9.4
3.7,5.14
39.0,34.69
9.7,7.53
6.0,5.28
6.5,7.46
9.5,9.29
42.0,37.35
108.0,56.68
5.3,6.79
9.7,11.75
5.3,4.7
15.0,15.1
19.0,14.73
5.7,6.5
22.5,17.23
7.3,9.89
11.7,7.88
6.9,8.43
11.5,11.2
35.5,29.12
28.5,23.59
5.7,5.68
14.1,13.25
4.5,6.28
6.5,7.97
21.3,23.47
4.5,5.72
42.83,33.73
35.0,24.55
5.7,6.57
11.3,15.37
49.57,6.47
4.9,4.88
4.9,5.65
6.5,6.18
30.0,27.34
9.3,11.58
5.5,6.34
12.0,11.63
10.0,11.64
31.3,18.25
9.3,9.82
6.5,6.75
5.5,6.9
10.0,8.92
13.7,7.85
7.3,8.43
4.0,5.52
43.5,44.84
7.0,6.06
9.3,10.74
10.1,9.31
3.7,6.03
11.0,11.45
27.0,23.33
4.5,17.95
8.5,9.13
8.5,8.37
7.5,7.37
8.1,6.56
11.7,12.91
9.5,10.48
16.5,17.17
12.1,11.23
8.9,10.86
9.3,8.69
12.0,9.64
8.5,6.53
4.0,4.64
32.33,32.93
4.9,5.42
25.0,13.76
10.5,12.31
8.0,8.29
5.5,5.6
8.9,5.84
11.5,9.65
4.5,5.16
10.5,11.45
7.7,11.73
4.0,4.74
39.33,38.64
13.5,10.98
17.7,17.98
14.1,14.23
4.5,5.16
10.1,8.98
8.0,8.56
15.0,14.43
15.0,8.23
4.1,4.84
14.9,14.59
12.5,14.52
21.5,18.95
3.3,4.22
11.3,8.94
3.5,4.79
3.7,4.8
7.7,8.06
5.0,4.77
5.7,5.61
5.3,5.03
7.3,8.9
4.1,6.75
4.0,4.65
3.3,4.93
8.1,9.55
5.7,5.57
5.7,7.53
16.9,11.7
5.7,6.23
4.1,5.07
4.5,5.28
7.3,8.92
5.0,7.11
27.47,31.36
10.5,9.73
6.9,8.17
29.33,24.75
5.3,7.47
18.0,10.11
5.7,6.91
9.5,8.43
11.0,10.73
10.0,10.46
11.7,12.82
5.0,5.28
5.5,5.88
15.0,14.31
13.7,18.42
23.7,25.84
9.5,9.57
8.5,10.71
4.5,6.51
18.0,16.58
6.1,9.69
6.5,6.56
22.5,19.85
9.3,9.45
17.5,13.75
8.5,7.83
7.9,8.64
10.5,12.48
5.3,6.28
13.5,13.31
10.5,12.82
7.3,8.13
9.7,10.71
13.7,10.52
3.5,5.08
8.0,7.54
5.3,6.83
5.7,5.16
3.7,3.72
6.1,5.51
14.5,10.57
16.5,14.71
38.5,38.44
5.3,6.29
9.7,8.79
12.9,13.0
8.1,7.73
6.9,10.27
13.5,9.98
7.5,6.45
8.5,10.19
7.0,6.54
14.0,8.38
4.5,5.1
7.0,6.55
22.0,20.96
4.5,5.9
6.5,8.17
26.5,27.81
6.1,5.59
7.7,10.17
7.0,8.34
8.0,7.66
11.0,13.75
20.3,12.77
10.1,5.97
5.7,6.68
4.9,6.04
5.0,4.11
16.5,12.9
30.5,19.99
13.3,15.38
9.0,9.69
27.87,33.16
6.5,6.89
6.5,4.87
12.0,10.9
6.5,6.91
4.9,6.77
10.0,11.39
9.7,10.07
8.9,4.23
49.57,50.64
5.5,5.8
8.5,4.82
17.0,14.25
9.3,10.04
9.5,10.11
5.7,5.22
6.1,7.43
6.5,6.43
21.5,12.92
5.3,8.75
14.1,13.34
10.5,13.12
5.3,6.75
4.9,5.8
24.27,25.8
6.9,6.63
5.3,5.43
7.7,9.72
8.5,10.53
6.5,9.77
6.5,7.67
52.0,50.08
10.5,11.7
6.1,7.81
5.5,5.89
8.5,11.0
57.33,53.32
7.3,4.8
12.5,14.49
6.1,6.91
4.1,7.15
9.3,9.88
8.1,7.4
20.5,24.83
14.0,12.65
8.5,7.74
8.1,8.56
8.0,9.18
4.9,4.62
4.9,5.3
6.0,5.87
5.7,6.51
6.7,7.04
12.0,12.57
4.9,5.48
15.7,18.43
14.0,7.99
14.0,9.37
4.9,5.34
4.1,5.69
8.1,9.06
8.0,11.17
8.0,9.52
14.9,10.56
4.5,4.64
8.9,10.26
4.1,4.45
10.0,7.98
13.7,18.34
6.5,7.15
4.0,4.33
4.9,5.83
8.5,8.34
4.9,6.01
6.9,7.48
8.5,11.56
5.7,7.38
5.5,4.68
6.5,4.98
7.0,7.13
2.5,4.91
15.0,12.64
8.5,5.89
7.3,8.51
10.0,10.34
11.5,9.91
4.5,5.64
21.0,16.8
21.0,16.31
24.1,20.59
6.0,6.54
12.5,11.74
7.0,8.07
15.0,10.62
12.1,13.2
6.1,7.18
11.3,9.2
7.5,7.24
6.0,4.0
15.5,11.78
4.9,7.09
16.0,15.54
13.0,10.22
8.5,9.3
10.9,9.84
33.04,30.87
6.5,5.19
12.0,10.73
5.3,5.67
45.0,8.01
8.0,6.38
6.5,6.01
4.0,4.22
57.54,51.68
7.7,6.98
7.5,6.37
8.5,7.22
7.3,8.64
15.5,16.46
15.3,4.75
9.5,10.36
4.0,4.33
9.3,9.77
7.5,8.57
7.7,8.75
8.0,6.07
6.1,7.99
29.5,26.82
10.1,9.79
4.9,6.67
9.5,8.74
5.5,5.12
18.5,18.28
7.5,7.6
4.9,5.69
14.1,17.3
8.9,9.88
16.0,17.19
4.1,9.19
8.5,9.12
8.5,5.83
10.5,9.48
6.1,28.86
12.5,9.48
10.1,10.76
11.7,11.59
4.9,5.79
10.5,8.17
10.1,12.38
2.5,7.47
9.3,9.69
4.9,5.82
9.0,7.36
6.1,8.01
4.0,4.34
5.3,7.65
10.5,11.28
10.9,13.68
11.7,14.27
10.1,11.93
4.1,5.68
5.0,4.26
6.1,5.12
12.0,13.56
10.1,13.53
9.7,13.21
4.5,3.55
7.3,7.73
7.5,5.98
8.5,7.23
6.0,6.5
27.5,27.5
5.7,6.88
22.1,18.48
6.9,7.24
9.5,10.34
6.0,5.63
5.3,6.85
21.0,15.05
14.5,11.0
13.3,10.06
9.3,9.08
14.5,6.43
8.1,5.83
7.0,6.96
4.5,5.01
7.5,6.77
13.7,16.53
7.7,6.33
8.0,6.86
11.3,13.39
4.1,4.3
12.5,13.34
4.1,4.59
7.7,8.92
27.0,21.01
3.7,5.48
10.0,8.51
19.0,13.29
4.1,4.95
4.5,7.73
11.3,12.52
6.1,5.61
4.5,5.58
3.7,4.29
6.5,8.75
10.1,12.39
12.5,14.97
3.3,10.34
16.1,15.48
11.5,12.4
5.3,7.82
7.0,7.35
6.5,4.87
5.7,7.0
17.5,13.46
22.0,19.16
12.1,13.08
4.5,5.66
11.5,9.27
14.1,16.18
7.7,9.36
10.9,12.42
12.5,14.94
33.5,12.24
10.1,9.24
67.24,90.28
8.9,9.28
12.0,9.39
14.9,20.99
10.1,10.4
5.3,4.89
12.9,12.45
15.5,13.61
3.7,4.84
13.3,12.36
4.5,5.6
7.7,6.82
4.5,5.93
13.0,12.07
4.1,4.84
5.7,8.28
15.3,9.12
9.3,10.24
10.5,8.68
7.3,8.56
6.9,5.38
3.3,3.72
4.5,5.04
9.5,8.53
17.7,19.04
7.0,17.15
7.5,8.14
9.0,7.32
6.0,5.97
6.9,7.43
4.5,4.93
4.1,6.22
11.0,9.24
9.7,11.1
9.0,8.32
12.5,12.36
6.5,6.91
8.5,8.37
4.0,10.56
10.0,10.84
21.5,17.99
4.0,5.49
6.9,8.42
6.9,6.94
24.0,20.37
3.7,4.83
21.3,24.13
6.5,8.32
6.5,6.29
13.0,12.6
4.0,11.61
4.1,6.56
10.5,9.03
8.0,8.76
4.5,5.5
11.7,11.15
25.0,22.23
7.0,7.66
28.0,26.2
5.5,6.21
17.83,11.82
6.1,6.92
6.1,7.38
3.7,5.25
6.5,6.66
9.3,9.41
8.0,7.67
5.7,6.69
10.0,8.52
3.5,3.72
5.3,6.86
4.5,4.0
10.9,12.97
14.0,11.5
5.7,7.0
11.3,13.01
4.5,5.0
9.7,10.63
10.0,12.27
18.0,16.95
7.3,7.14
6.5,5.86
9.0,9.73
7.7,7.2
3.5,4.57
5.3,5.69
9.5,8.75
6.1,4.62
34.9,37.17
11.0,10.78
10.9,14.32
5.5,5.66
14.5,11.92
32.54,31.51
10.5,9.13
11.7,14.5
9.5,6.49
8.9,9.11
25.0,23.17
5.0,3.76
57.33,17.52
6.0,6.98
10.0,8.92
6.0,5.65
8.5,9.18
6.9,6.07
11.0,11.01
7.0,5.47
19.5,16.84
9.0,7.24
6.5,7.73
6.9,7.33
12.9,6.19
6.1,8.79
25.5,17.87
8.5,9.51
10.5,11.65
5.3,9.15
12.5,7.18
8.0,12.17
5.4,4.04
41.33,37.43
3.7,4.4
12.0,5.52
6.0,6.69
18.9,17.07
4.0,5.61
7.5,6.15
16.0,13.15
5.3,4.8
9.0,10.93
4.5,5.32
26.5,17.86
14.1,12.83
10.0,9.11
6.9,6.83
19.3,23.4
5.7,6.79
22.5,21.42
5.5,5.99
8.9,11.2
25.7,30.71
21.5,18.57
12.5,9.88
6.5,6.4
20.0,18.58
7.0,6.92
5.5,5.05
7.5,7.08
4.9,6.39
8.5,9.77
5.5,5.71
9.5,9.3
4.9,6.35
18.5,21.02
6.5,6.83
7.0,7.53
7.7,7.35
4.5,12.87
8.5,9.57
9.5,9.42
9.0,8.3
11.0,8.94
32.9,36.75
7.3,-1.68
10.0,9.14
17.7,17.4
6.9,7.75
7.7,7.77
15.7,15.21
14.5,14.27
9.0,9.88
10.1,10.02
10.0,11.19
10.5,13.52
7.5,6.44
14.9,12.4
12.5,14.51
6.1,7.73
15.7,11.18
25.5,23.03
8.0,7.41
12.5,10.46
27.5,24.01
12.0,9.22
8.5,9.09
5.5,10.81
5.0,5.37
3.7,4.35
16.9,15.75
8.9,5.79
16.0,15.31
10.9,14.01
6.1,7.67
18.5,11.16
7.3,9.33
5.3,5.56
13.7,10.4
12.1,12.04
11.3,12.35
6.5,7.79
7.0,7.09
8.9,7.42
5.7,7.18
6.0,5.98
9.0,7.74
8.1,8.11
4.1,5.57
6.1,7.13
6.1,8.68
30.0,24.25
7.3,8.01
4.5,4.25
6.9,9.67
9.3,11.51
8.9,7.6
4.9,5.28
22.9,22.26
15.0,16.16
11.0,8.44
5.7,5.63
50.0,11.39
9.0,7.52
15.5,14.84
5.5,4.81
9.0,7.75
15.3,17.4
9.3,10.93
9.5,5.82
6.5,7.58
16.9,19.15
12.5,9.02
8.5,10.44
5.7,6.16
11.7,12.77
10.0,7.1
6.9,8.25
13.7,16.13
15.7,12.23
6.9,8.49
3.3,5.13
9.5,8.22
4.5,6.07
13.3,4.63
8.5,7.86
4.1,5.2
17.0,14.26
8.5,6.52
3.3,3.74
9.3,6.71
7.5,6.9
5.5,5.86
21.7,18.1
4.5,4.65
25.5,19.37
14.0,14.17
5.5,5.46
7.5,7.93
4.1,6.29
6.9,8.93
10.1,10.81
4.0,4.24
5.5,6.2
4.5,5.07
9.0,9.27
6.5,6.55
8.0,6.46
8.1,7.07
5.3,5.39
4.5,5.78
16.9,19.77
3.7,4.36
6.1,6.98
7.7,8.68
8.5,9.26
4.5,4.76
8.5,9.41
7.7,7.26
49.8,49.94
16.1,81.52
25.5,30.97
38.54,34.77
4.9,5.25
4.9,6.36
10.5,9.9
10.5,9.15
7.0,7.19
14.1,14.38
30.83,18.88
5.0,5.31
7.0,8.31
4.9,6.78
12.5,8.81
5.3,6.33
14.5,14.08
32.5,24.06
3.7,4.82
5.5,5.6
6.5,10.56
9.7,9.21
7.0,6.66
8.5,8.57
9.0,10.28
10.0,8.95
25.0,17.95
7.0,7.9
6.5,8.36
5.7,7.13
11.5,9.71
8.5,9.34
16.5,10.07
33.83,31.87
6.1,7.56
11.7,10.36
11.0,10.33
7.3,6.73
4.5,5.67
80.0,12.73
24.5,27.55
11.0,8.71
5.7,6.77
4.1,5.31
11.0,11.13
7.5,5.85
13.5,11.24
7.7,11.39
6.1,6.06
10.1,10.71
6.5,6.15
6.9,7.39
18.0,17.24
19.7,17.4
9.5,9.22
8.5,10.63
9.7,10.69
9.5,8.66
6.0,6.97
10.0,9.96
4.5,6.37
8.1,9.35
59.8,51.15
10.0,10.56
5.3,5.34
13.0,13.23
6.1,7.23
57.33,50.64
8.1,9.03
5.5,5.09
15.7,17.82
6.5,6.55
45.0,28.05
33.83,26.45
4.0,4.28
4.5,4.82
10.5,10.48
30.1,32.66
30.0,27.33
8.5,7.83
7.5,7.79
12.1,8.25
13.5,15.24
49.8,62.39
13.5,10.85
32.9,30.43
72.33,57.5
7.7,10.02
6.0,6.76
3.7,5.18
4.5,4.81
6.9,8.23
10.0,10.78
5.3,5.54
8.5,8.57
7.0,5.59
24.9,25.79
5.7,7.48
3.3,5.53
7.7,8.83
16.9,21.71
7.3,7.13
2.9,8.11
4.9,7.96
9.7,11.85
18.0,17.55
7.0,7.18
12.9,15.19
8.5,10.89
13.7,13.29
5.5,5.34
23.55,24.09
11.3,10.43
9.3,11.26
5.3,6.08
5.7,5.38
6.9,9.4
37.33,32.42
6.1,9.54
4.9,3.97
8.5,7.7
20.0,14.91
9.7,9.95
6.5,6.45
45.0,49.3
11.7,9.38
38.0,37.36
14.5,12.61
4.9,6.12
26.6,29.43
19.0,18.85
8.5,8.0
10.1,11.36
6.1,9.79
21.5,19.15
48.33,36.54
6.0,5.95
4.5,5.93
3.7,5.62
29.0,32.62
5.0,5.06
23.0,17.22
14.9,16.44
4.9,6.19
12.5,9.53
13.5,13.16
6.5,10.66
5.5,6.43
4.1,13.6
4.9,5.13
12.1,15.8
4.5,6.71
5.7,8.21
7.0,9.15
6.5,8.25
4.9,5.83
8.1,6.43
10.1,8.08
8.5,6.39
9.0,9.43
4.9,4.85
12.5,11.42
6.9,5.78
6.9,8.21
10.5,10.66
6.5,6.64
126.83,96.74
10.5,12.2
10.5,10.64
6.1,4.71
9.0,5.99
7.3,7.59
8.1,8.59
4.5,5.56
6.1,6.43
5.7,6.97
16.5,9.67
4.9,6.28
8.0,6.37
9.5,8.35
6.5,7.46
24.5,19.85
8.9,10.04
7.3,7.8
7.0,4.76
4.1,5.58
15.0,15.26
6.0,6.11
6.5,7.5
23.3,24.85
8.1,11.42
20.9,5.81
29.3,10.9
10.0,8.91
15.3,14.96
6.1,5.29
49.57,52.82
4.5,5.56
4.0,3.85
9.0,5.63
13.0,8.81
12.5,19.13
8.5,7.11
5.0,5.73
11.0,9.49
6.5,7.21
9.0,8.55
6.1,6.99
7.7,6.77
38.83,33.09
12.5,14.89
8.3,9.49
6.5,6.55
9.0,8.2
6.0,6.36
10.1,8.11
7.3,7.27
6.0,7.28
19.3,21.64
23.5,29.04
11.0,9.8
20.9,10.64
4.5,4.83
8.5,8.09
7.3,10.27
10.1,9.92
5.0,6.54
4.0,5.08
5.3,11.26
10.1,8.55
10.9,14.4
12.9,13.52
6.1,6.51
6.0,5.63
10.0,8.93
33.33,27.49
57.33,51.6
10.0,6.37
5.3,7.5
11.0,10.67
8.0,8.49
15.3,19.28
10.0,8.32
6.1,5.96
8.5,11.26
5.7,5.39
8.5,8.02
6.5,6.53
5.5,6.09
7.5,5.61
5.3,7.28
7.7,9.5
9.0,8.8
9.7,9.59
7.5,6.91
6.0,6.62
17.0,10.46
10.0,49.22
6.5,6.29
3.3,3.47
4.9,5.71
8.5,8.63
8.5,9.58
4.9,11.55
12.1,15.36
6.5,8.44
17.0,15.33
8.5,8.75
5.3,5.27
13.5,11.44
12.0,9.15
13.7,15.46
14.9,16.43
16.9,12.56
15.3,17.54
16.9,28.98
25.0,16.65
18.9,18.38
5.0,5.53
15.0,13.22
5.3,4.69
7.3,6.32
26.1,32.0
8.1,8.84
9.7,16.06
11.3,13.46
6.9,7.41
5.3,6.64
18.0,18.09
9.7,8.06
9.7,11.62
3.7,2.81
16.5,18.65
14.5,15.86
16.1,18.89
8.1,9.92
5.5,5.51
6.5,6.39
15.3,15.83
18.9,21.2
11.7,14.73
8.9,10.62
9.0,7.76
7.7,10.54
68.3,76.22
11.5,11.71
9.5,8.86
10.5,6.1
3.3,4.31
6.5,15.07
13.5,6.77
7.3,5.71
21.7,13.97
7.7,5.79
4.5,5.61
16.0,9.2
9.3,12.36
10.1,11.78
9.0,12.0
10.0,9.32
5.3,5.19
8.1,7.51
6.9,7.79
22.5,13.66
15.7,19.15
6.9,8.69
9.5,9.72
10.9,11.9
23.5,21.94
5.0,6.36
5.3,5.23
6.0,6.96
6.9,8.18
18.9,18.79
15.5,15.67
8.5,8.35
15.7,9.06
7.3,5.99
7.1,5.9
21.5,18.45
6.5,7.78
5.7,5.69
40.9,44.11
7.7,9.01
6.9,7.88
7.3,7.49
4.1,4.29
5.5,6.69
7.0,5.37
10.1,13.21
12.5,9.57
6.5,6.45
14.9,15.91
19.0,11.9
5.7,6.58
5.5,5.36
6.5,6.57
7.0,6.59
25.0,20.83
7.4,8.29
6.1,7.4
7.3,7.1
12.5,13.27
16.5,16.12
14.5,9.98
5.3,5.85
2.9,6.0
11.4,11.74
3.7,5.05
7.3,9.79
10.9,10.38
12.1,15.0
7.5,7.53
4.5,4.02
17.5,13.13
23.3,21.81
3.5,5.05
13.5,11.64
4.9,6.39
6.9,7.93
8.5,7.95
5.5,4.58
3.7,4.46
4.9,6.62
7.0,7.38
8.0,8.88
38.1,35.17
14.5,13.15
3.7,9.33
4.0,4.46
9.0,7.98
9.7,12.22
6.0,5.99
40.33,36.29
11.0,5.74
6.0,5.67
4.0,5.28
20.0,18.62
10.9,5.85
4.9,5.8
6.1,7.83
10.5,9.05
17.0,19.05
16.9,17.99
18.5,22.44
6.1,5.17
10.9,10.97
3.7,4.39
39.3,36.64
13.3,15.21
6.1,6.54
9.7,9.61
19.5,12.9
37.07,35.42
7.3,7.86
7.5,8.6
8.1,9.02
10.1,11.24
16.1,16.18
8.5,5.48
5.5,6.44
12.9,11.07
6.1,5.29
5.3,7.01
34.27,34.96
3.7,4.38
11.0,10.43
12.1,15.93
13.5,11.15
6.0,7.82
4.9,6.04
4.1,5.42
4.5,5.16
9.3,9.03
15.0,13.85
8.5,6.63
10.5,9.74
16.5,19.97
26.5,22.93
4.9,5.95
8.5,8.98
13.3,15.72
5.7,5.62
6.0,6.82
8.1,9.2
6.0,5.42
6.0,5.53
14.1,14.29
10.5,9.68
7.5,7.74
12.5,8.8
4.5,5.5
18.0,15.43
14.9,14.2
3.3,6.29
6.1,6.99
49.15,49.9
9.3,11.53
6.0,5.23
2.9,3.94
25.5,21.17
13.0,7.96
30.5,19.18
5.3,5.71
6.1,5.61
8.0,10.2
4.1,4.86
27.7,32.73
8.5,6.08
22.5,17.65
6.9,7.86
22.5,10.14
3.7,4.34
7.0,5.09
8.1,8.99
6.9,7.8
6.1,7.14
5.5,5.87
5.7,11.91
7.0,6.26
15.0,13.08
35.5,36.3
10.0,9.01
10.0,10.15
9.5,8.75
12.0,9.31
21.0,18.53
6.5,7.22
33.47,33.9
16.5,18.86
34.67,35.71
27.5,17.96
40.5,41.09
22.5,32.66
17.5,13.62
10.0,10.58
3.7,5.5
9.3,7.37
11.7,13.06
7.5,6.48
5.0,5.8
5.5,4.81
22.9,13.37
10.9,14.08
10.5,14.27
4.5,6.13
8.0,7.77
45.0,51.04
8.5,9.0
7.0,9.46
23.0,16.83
9.7,11.54
5.3,6.24
45.0,51.37
6.5,9.68
8.1,8.31
7.5,5.56
9.0,6.66
5.3,5.21
9.0,7.33
4.9,4.62
5.7,8.54
6.0,5.24
4.5,5.86
13.0,9.91
6.0,6.91
2.5,6.99
7.3,8.16
4.9,6.1
5.7,6.34
4.9,9.77
9.3,9.14
4.0,4.89
5.5,6.81
8.0,6.58
4.5,5.59
18.9,18.99
32.0,22.86
4.1,5.86
30.0,23.61
12.0,13.92
3.8,5.14
23.7,6.38
10.0,9.09
3.7,4.16
7.3,8.94
24.5,24.59
15.5,15.17
7.0,7.84
6.5,7.04
6.5,7.59
5.3,4.49
5.5,6.2
7.5,6.38
10.5,10.23
7.3,7.01
10.5,9.54
8.0,7.38
4.9,5.92
5.3,5.47
3.0,8.5
6.0,5.62
8.5,9.57
4.1,5.14
4.9,9.03
6.5,7.11
8.5,11.53
5.0,4.52
7.5,8.52
6.9,7.98
5.0,6.03
4.9,7.85
5.7,5.92
11.7,10.84
4.0,10.12
9.5,8.66
34.9,37.54
16.5,12.7
7.5,7.56
6.1,6.16
9.3,12.68
12.7,15.37
7.3,8.18
25.0,19.16
9.5,10.36
6.0,6.7
57.33,53.55
12.0,10.42
5.3,5.66
8.5,11.83
29.3,21.34
6.9,7.72
11.5,8.56
11.3,5.73
7.5,6.65
3.7,4.06
4.5,4.57
45.0,49.57
49.8,47.04
5.3,5.15
14.1,11.58
41.83,36.03
20.9,21.49
8.5,7.02
7.3,8.88
15.0,12.07
8.5,10.08
6.0,6.35
4.9,5.47
24.0,20.78
6.5,8.3
6.1,5.76
15.0,14.23
4.0,4.36
6.1,8.6
11.0,10.28
6.5,7.02
27.7,32.4
9.3,11.6
9.7,12.65
5.3,5.34
16.5,15.0
7.7,6.49
15.5,12.13
8.5,9.76
5.3,7.51
9.5,9.64
11.0,10.3
12.5,10.27
6.9,8.17
4.5,4.92
7.7,7.93
57.33,10.81
7.7,9.97
4.9,5.49
6.1,7.18
9.0,8.47
10.5,11.44
7.3,6.84
6.5,9.17
8.9,10.01
8.9,8.81
4.1,5.74
4.9,6.16
12.5,13.12
7.0,8.03
13.0,13.35
4.5,4.9
6.9,6.95
28.1,10.21
31.7,33.38
10.5,10.7
57.33,52.08
8.5,7.36
8.0,5.8
4.5,5.22
10.0,9.33
11.3,14.34
10.5,10.4
5.3,6.13
7.0,6.84
5.3,5.15
17.0,15.4
5.3,6.5
3.5,3.85
7.5,9.6
6.9,10.08
7.3,6.91
16.0,15.19
4.5,5.28
10.9,13.7
6.9,5.74
4.1,5.42
8.5,10.99
4.9,6.92
7.5,6.83
6.0,6.15
7.7,7.06
5.0,5.8
16.5,9.94
34.9,34.22
15.5,13.61
7.0,6.24
6.5,7.88
10.5,10.66
8.5,6.22
5.3,7.79
57.33,48.17
22.0,15.94
11.3,9.82
14.5,10.52
10.5,10.81
16.0,14.32
30.5,20.93
6.0,6.69
8.0,5.69
9.0,7.7
13.3,11.36
6.1,8.54
12.9,11.84
7.0,8.48
14.1,17.37
34.65,26.89
13.5,14.51
10.1,12.5
14.1,16.01
10.9,8.23
6.5,5.88
7.3,7.67
7.7,6.08
16.5,16.93
9.5,9.99
8.1,7.45
8.5,6.87
14.5,15.42
10.5,10.32
9.0,8.5
8.5,9.35
6.5,5.3
8.5,10.02
7.3,8.26
19.0,9.65
11.5,10.23
8.9,9.92
14.1,11.96
6.1,5.83
4.0,11.33
4.5,4.81
16.1,18.7
25.0,34.25
6.5,7.46
3.3,4.62
8.1,7.46
8.9,11.14
10.1,10.83
3.7,5.37
9.0,7.7
52.0,49.01
6.1,6.66
13.3,17.9
3.8,3.78
3.3,5.18
8.0,9.46
39.04,35.41
6.1,6.95
7.5,8.69
8.0,9.39
7.7,8.48
15.3,16.81
13.0,13.01
10.5,12.62
8.5,9.48
9.7,9.83
5.7,6.35
9.0,7.18
10.5,10.61
8.0,7.49
7.3,8.08
6.5,4.63
14.5,15.48
4.1,4.73
3.5,4.54
15.7,16.64
11.0,9.66
9.0,8.07
8.5,8.74
4.5,5.55
3.3,4.08
14.9,17.18
10.1,14.49
5.5,6.64
14.9,17.79
8.0,7.44
8.0,8.91
57.33,52.26
2.5,10.88
13.5,10.56
6.5,9.57
15.0,15.33
3.3,5.02
45.0,48.35
5.0,4.93
8.5,7.23
10.5,7.13
12.5,11.23
4.5,5.2
15.0,13.22
3.7,4.51
8.5,8.13
10.5,11.67
6.9,7.34
10.5,13.03
4.5,7.82
11.0,8.4
4.1,8.24
7.5,7.84
14.0,11.79
6.9,6.73
10.1,10.08
16.0,16.89
12.1,12.89
4.9,6.62
6.0,6.84
13.0,10.99
13.7,12.34
8.0,9.91
8.5,10.09
15.0,13.13
7.0,5.63
28.0,30.86
7.5,7.71
5.0,5.45
4.1,7.02
16.5,12.83
6.5,7.79
8.9,10.8
8.1,7.83
15.0,15.47
8.5,8.34
3.3,5.52
16.0,15.42
17.0,14.86
5.3,6.0
7.5,5.5
16.5,14.23
4.0,5.37
15.7,4.67
9.7,11.19
9.5,11.33
8.9,8.81
5.5,5.88
13.7,5.68
7.3,7.4
9.5,8.97
3.0,7.55
4.9,5.99
7.7,7.9
6.0,4.74
9.3,10.25
5.0,5.9
5.3,6.17
4.5,5.08
14.0,12.92
12.5,14.11
18.0,16.47
4.5,5.01
9.3,9.7
7.0,8.04
5.7,5.37
5.7,6.5
4.5,5.02
6.0,7.28
8.0,7.53
9.3,29.31
6.1,7.55
9.0,8.08
14.9,14.42
12.5,13.31
10.5,10.93
6.5,3.34
5.5,4.65
7.3,10.42
23.0,20.14
5.0,5.64
11.0,10.25
8.5,10.48
8.5,5.36
6.1,5.63
8.1,10.31
6.1,7.42
7.5,7.72
11.3,12.55
7.0,7.08
10.1,10.73
7.7,5.32
7.0,7.09
9.3,11.0
10.0,8.44
20.0,12.9
7.7,7.83
8.9,11.3
6.5,5.49
7.7,7.19
4.5,4.89
6.5,7.86
7.5,7.71
9.5,10.22
4.5,5.94
8.9,11.69
7.3,9.29
7.0,7.2
9.7,10.89
10.1,11.54
92.4,68.03
4.0,5.75
10.1,10.92
10.1,14.29
11.5,11.27
6.9,6.77
8.0,6.88
7.0,8.05
7.5,7.96
11.0,12.18
14.1,12.81
6.5,6.13
9.7,10.06
8.1,8.1
8.5,9.78
13.5,10.26
7.8,7.73
4.9,5.28
8.1,17.95
2.5,6.81
5.7,6.76
6.0,5.82
8.5,9.06
3.7,5.26
38.5,7.62
13.3,12.43
9.0,8.6
33.3,29.61
13.5,7.09
8.5,9.94
26.1,28.89
29.87,19.4
6.1,8.33
8.0,8.56
10.5,8.04
12.0,11.94
12.5,14.4
14.5,12.4
29.3,41.8
9.7,10.2
5.3,6.38
10.0,12.97
4.5,5.47
8.5,7.01
6.5,11.17
10.0,9.97
6.1,5.07
5.3,5.72
11.3,13.43
7.8,7.28
5.3,6.9
23.87,24.03
12.0,21.68
4.9,5.62
2.9,4.62
12.1,15.47
8.1,8.02
15.3,18.42
4.5,10.95
15.3,14.84
7.0,6.14
10.5,11.88
8.5,10.56
7.3,10.48
6.5,6.51
9.5,9.18
8.1,8.78
30.0,34.46
6.1,6.71
29.47,31.69
15.3,18.31
13.0,10.92
6.5,8.97
7.7,10.71
10.9,11.12
10.1,7.3
18.5,24.24
26.9,29.78
6.1,7.21
18.1,22.01
16.5,18.37
9.5,5.69
4.9,5.09
8.9,11.18
34.8,30.84
7.3,9.86
15.3,16.07
5.0,14.56
8.9,8.04
12.1,10.33
10.1,11.97
5.7,7.11
5.7,6.57
17.7,25.58
9.3,8.23
7.3,13.21
17.5,15.57
8.9,9.06
7.3,6.39
4.5,12.31
8.1,9.27
10.1,12.88
5.7,8.47
4.1,5.11
7.5,8.66
6.1,10.2
4.5,5.68
14.9,11.42
8.9,11.19
10.5,10.03
10.5,12.85
6.1,13.98
21.7,18.62
10.0,8.26
6.1,8.09
10.5,11.68
3.3,4.28
7.3,10.46
9.0,10.7
6.5,5.32
4.1,5.18
3.0,3.94
9.5,10.61
8.1,9.51
11.0,9.63
8.5,10.84
10.0,6.26
7.7,12.26
30.2,17.2
49.7,56.01
8.1,9.54
4.1,4.58
6.1,9.58
9.0,9.01
6.1,7.35
15.5,14.46
10.5,11.96
27.0,25.61
7.7,8.73
12.5,11.01
4.5,6.23
52.0,51.14
9.0,6.13
10.0,8.76
11.5,10.87
7.0,6.61
14.0,12.49
7.5,6.55
12.5,13.63
3.7,4.85
6.0,7.68
5.7,5.65
4.9,5.84
23.7,28.58
18.1,20.31
4.9,8.07
45.0,53.78
14.5,13.89
7.5,6.48
98.0,44.52
9.7,10.86
14.0,12.85
57.33,54.43
7.3,7.4
4.1,5.65
6.1,6.5
16.0,10.86
6.5,5.69
4.9,5.24
10.0,11.65
6.5,6.89
6.0,6.75
7.5,6.85
5.5,5.03
17.5,13.1
4.5,4.34
15.3,14.58
73.25,73.94
10.5,14.95
26.5,14.68
4.9,5.17
8.0,10.18
7.0,5.81
6.5,6.94
29.3,35.64
10.9,9.89
8.9,12.07
8.9,9.54
10.1,6.05
7.5,15.97
5.5,5.86
8.9,9.25
6.1,6.25
29.3,31.76
10.5,10.93
4.5,6.22
4.5,5.17
11.7,12.63
8.5,13.02
9.5,9.25
17.5,14.39
11.4,11.91
6.5,6.4
14.5,12.42
10.5,6.65
9.5,9.21
40.83,33.93
7.3,8.07
6.1,5.97
6.5,5.55
2.9,5.26
7.7,9.84
6.5,9.36
15.3,14.9
5.5,6.11
6.5,6.93
8.5,7.67
4.5,4.39
4.9,5.01
6.0,5.74
10.5,8.94
10.9,10.52
3.7,4.65
7.0,8.6
17.7,19.29
35.83,36.57
6.9,6.43
8.9,10.15
15.0,6.96
26.5,19.9
9.5,11.47
7.7,15.84
11.5,8.23
8.5,11.87
4.1,16.38
7.0,7.94
7.3,8.16
9.7,11.39
8.1,16.9
15.3,24.77
12.0,12.01
6.0,7.16
7.0,7.9
8.9,10.12
20.0,12.4
49.15,53.33
5.0,5.0
9.7,10.7
8.0,7.69
15.3,14.2
8.1,8.37
33.0,23.82
17.0,13.52
9.3,9.84
2.9,7.49
7.3,8.92
8.0,7.84
8.9,11.18
6.9,7.02
6.9,6.76
7.5,7.56
4.1,5.94
7.3,8.79
14.0,11.92
12.0,11.78
10.5,8.94
6.9,8.51
11.7,9.67
5.0,4.55
7.1,8.61
7.3,9.46
8.1,7.3
8.5,8.2
6.9,8.37
6.5,5.74
11.3,16.5
7.7,6.56
7.3,8.61
3.5,4.52
6.5,7.58
3.7,4.7
24.25,28.62
12.1,14.29
8.1,6.41
21.0,22.65
5.7,6.34
4.5,6.02
10.9,12.75
16.5,14.06
23.5,28.68
7.0,6.59
4.9,5.71
10.0,8.76
8.9,10.91
12.9,12.46
6.5,6.4
11.5,10.34
4.0,5.43
5.3,12.77
15.7,17.96
7.0,8.08
7.5,7.86
7.7,7.03
5.7,5.44
5.7,10.81
17.3,15.9
9.7,11.85
10.1,9.27
14.9,16.54
9.5,8.35
7.0,5.78
4.5,4.98
4.5,5.3
11.0,12.96
14.1,15.5
11.0,12.37
4.1,5.17
8.1,6.72
8.1,9.43
8.5,10.12
11.3,12.35
5.0,5.66
5.5,4.99
6.5,8.74
13.3,16.62
6.5,5.98
6.0,6.13
8.1,9.15
28.5,22.69
10.0,9.46
8.9,11.44
5.7,7.74
4.9,6.13
10.1,8.41
6.5,10.09
37.87,6.64
8.5,8.63
10.1,13.12
5.3,6.31
5.5,5.24
13.0,10.13
6.5,6.23
5.3,6.37
4.5,5.15
4.0,3.79
7.3,7.72
8.5,8.47
8.5,7.6
9.3,11.31
42.1,45.4
7.3,7.89
24.5,29.26
5.3,5.48
8.5,6.95
20.9,20.28
4.5,4.58
4.5,5.17
5.7,7.36
8.5,10.04
5.5,5.16
6.9,7.02
5.3,6.85
12.1,11.87
23.3,19.03
4.9,6.65
23.3,23.41
15.7,16.8
4.9,5.78
25.0,24.76
3.5,4.37
21.0,13.58
6.0,6.7
8.5,7.98
9.3,5.97
10.0,10.41
4.9,5.37
7.3,8.97
5.5,5.11
3.7,4.4
9.5,7.78
13.3,18.14
5.7,6.83
4.9,7.24
6.5,7.18
8.5,5.28
11.5,11.87
4.9,5.88
4.2,4.44
10.5,11.9
6.1,8.2
9.5,9.25
6.9,6.34
11.0,10.59
3.7,5.03
6.5,6.68
7.0,8.98
24.5,19.07
4.9,5.88
24.5,26.7
13.3,12.76
5.7,6.27
19.5,14.08
9.0,8.33
8.5,8.57
13.5,11.43
6.9,7.49
13.5,11.17
10.0,9.13
3.5,4.61
33.3,33.5
7.5,7.74
10.1,10.61
6.9,9.29
6.9,6.81
4.5,4.42
6.0,6.56
6.1,6.58
7.5,7.23
4.5,4.03
4.9,5.5
13.5,10.27
62.5,65.91
4.5,5.62
4.9,19.11
7.3,11.24
8.5,8.89
12.1,12.32
6.5,8.98
8.1,8.89
4.1,6.04
6.5,6.39
16.0,14.27
16.5,14.15
9.3,9.77
5.7,8.01
6.1,6.34
4.5,5.06
6.5,7.03
12.1,12.24
3.3,5.01
4.5,4.5
10.9,11.64
5.7,7.16
8.1,5.64
13.5,13.62
4.9,6.05
10.9,8.61
19.5,17.16
20.1,18.52
11.0,10.31
49.57,52.84
11.7,13.11
5.3,7.6
15.5,14.85
34.0,35.31
15.3,18.25
9.0,10.96
9.7,11.92
6.5,7.37
6.9,8.02
8.1,8.14
12.1,11.21
11.0,10.17
42.75,46.3
10.5,11.67
7.0,6.03
15.3,10.26
8.9,7.5
6.5,5.06
32.5,43.29
4.0,11.73
5.3,6.4
6.9,6.86
7.0,5.64
16.9,15.02
5.5,6.49
18.5,15.25
3.7,4.75
11.3,8.35
6.1,7.31
8.0,7.0
9.5,8.78
5.5,5.81
7.5,7.15
9.5,8.93
17.5,12.23
11.3,14.56
11.0,8.46
15.0,14.18
6.9,6.69
14.5,10.47
7.3,9.05
6.5,6.44
6.5,7.34
11.0,9.28
13.0,12.93
11.5,9.58
17.0,16.47
4.5,6.32
11.0,10.67
14.9,18.98
11.7,13.42
16.0,13.46
10.5,13.02
4.1,5.41
7.5,8.75
12.1,10.78
12.0,7.87
10.5,9.08
5.3,9.92
18.1,16.69
3.5,4.71
10.9,10.43
9.3,10.63
14.1,14.34
8.5,7.85
18.5,19.39
12.9,16.33
13.0,13.94
11.0,8.0
11.7,14.06
49.57,51.79
11.3,8.39
3.5,10.17
8.5,8.72
9.3,9.35
10.9,8.67
5.3,6.27
6.9,7.38
4.5,6.21
3.7,5.3
17.7,21.87
7.3,7.2
13.0,12.08
28.8,32.99
5.3,5.99
12.5,10.67
6.0,5.56
34.83,29.85
5.3,5.07
13.5,12.38
9.7,7.86
12.5,9.86
6.5,5.22
8.0,8.26
7.7,8.41
6.1,7.72
4.5,4.0
16.9,14.85
11.7,11.81
8.5,10.19
11.7,10.96
7.0,6.28
14.0,12.28
66.3,87.85
14.9,5.21
9.0,8.04
10.5,11.62
11.7,10.03
7.7,6.4
6.0,5.0
57.33,50.69
9.0,9.84
24.5,24.91
6.1,7.8
5.3,9.25
5.0,5.34
5.0,5.75
4.5,4.37
13.3,17.32
4.1,5.65
57.33,50.53
6.9,7.47
5.3,5.67
4.9,9.95
7.5,8.59
9.0,9.15
7.0,8.34
8.0,8.32
5.3,7.07
20.0,14.53
10.5,10.01
17.0,20.49
4.9,5.57
3.3,5.27
29.7,32.57
8.5,7.99
53.0,57.41
16.0,14.4
27.0,14.91
4.5,5.88
8.5,8.0
26.0,15.74
7.0,8.21
18.0,16.47
7.7,8.37
12.0,8.48
5.3,6.24
11.3,13.03
5.7,6.98
9.7,10.63
9.7,10.48
36.67,35.67
7.7,10.55
5.3,6.64
18.1,13.78
10.5,11.15
34.3,19.43
11.7,16.44
16.1,81.65
4.1,4.84
8.1,11.42
4.9,5.88
15.5,11.1
14.1,14.59
7.3,7.64
9.7,10.69
28.83,31.36
9.3,10.72
10.5,13.1
22.0,18.34
10.0,7.85
4.5,4.61
6.1,6.73
10.5,10.28
6.9,7.38
11.3,11.79
11.5,10.16
10.1,10.43
8.0,8.86
17.5,16.03
5.5,5.52
7.7,9.89
16.5,15.76
4.9,4.83
11.3,80.82
30.0,26.08
4.5,5.5
4.5,4.25
8.0,9.37
8.5,5.97
13.0,9.38
8.5,11.0
6.9,8.61
14.1,15.91
7.7,6.96
10.1,10.17
11.7,15.62
6.1,5.73
13.0,10.11
10.5,11.55
5.3,6.5
5.5,5.19
16.5,16.59
6.9,7.99
52.0,11.84
7.3,9.59
14.5,10.36
8.1,11.17
10.9,13.42
11.7,13.27
4.0,5.15
10.0,10.72
16.0,14.43
10.0,9.09
10.0,10.17
10.0,11.39
8.5,8.32
6.5,6.35
9.0,6.56
10.5,14.14
11.7,8.16
8.0,8.7
12.9,20.38
8.5,10.22
10.5,11.75
10.9,8.28
3.7,5.04
8.5,9.42
6.9,6.34
12.9,14.67
19.0,16.68
12.0,12.29
10.0,10.29
17.0,16.91
12.5,14.22
31.5,29.3
7.5,6.3
8.1,7.06
6.9,7.25
26.5,26.5
6.9,8.03
40.8,28.47
4.1,5.87
13.7,15.68
4.1,6.53
6.9,7.85
5.0,4.56
6.0,5.67
14.0,9.45
14.5,16.05
10.5,10.68
43.33,26.59
5.3,6.46
12.1,12.47
11.0,7.31
10.0,7.9
5.5,6.47
5.7,6.77
4.5,4.83
16.0,15.78
9.7,11.62
6.5,8.66
7.3,6.3
7.5,5.44
17.5,19.75
11.0,12.1
4.9,3.66
2.9,10.37
10.5,9.27
9.0,8.73
6.9,6.99
6.0,6.52
21.5,20.3
9.7,11.37
4.9,6.0
42.5,27.81
9.7,11.45
16.5,13.56
16.0,15.19
6.5,5.79
7.0,6.95
10.0,11.98
8.5,9.37
14.1,15.3
6.5,9.01
12.1,13.83
12.5,7.3
13.0,7.13
7.3,9.34
5.5,6.96
2.5,7.14
4.5,5.14
5.7,5.86
6.9,9.7
6.5,7.21
5.7,6.46
3.7,4.73
5.7,7.0
25.3,25.73
11.7,12.96
6.5,8.88
13.5,12.66
6.5,7.37
6.9,6.19
11.5,8.8
10.5,13.03
6.5,8.38
2.9,4.31
6.0,6.59
14.0,7.4
6.9,8.43
5.8,6.05
10.0,7.91
16.5,18.49
5.3,6.34
13.0,9.5
15.3,5.27
6.5,6.92
18.9,23.68
36.83,36.49
12.5,9.24
5.7,10.23
6.9,7.69
5.7,7.6
7.7,8.39
11.0,7.69
4.1,6.33
9.5,8.15
5.3,4.73
5.5,5.13
8.0,7.83
3.5,4.29
6.5,5.17
10.5,9.81
8.5,9.65
8.9,10.06
9.5,8.69
57.33,52.42
20.0,16.18
9.5,7.81
7.7,10.94
8.5,11.81
6.1,7.47
5.7,5.84
6.9,6.48
16.9,7.33
9.5,8.5
9.7,10.47
4.1,7.61
13.3,13.3
13.3,13.84
4.5,5.72
12.1,9.98
4.9,5.14
5.0,5.37
6.5,9.09
6.0,5.42
5.7,5.8
16.9,17.37
9.5,8.64
4.0,4.58
6.5,12.13
11.3,12.05
14.5,13.95
4.9,6.22
32.33,28.97
7.3,8.08
41.83,33.15
4.1,5.85
6.1,7.85
10.5,9.45
5.5,4.94
12.5,11.7
18.5,13.48
6.0,5.78
7.0,6.11
3.7,5.16
5.0,6.31
5.7,6.2
9.0,8.55
5.0,6.07
29.7,37.43
11.3,10.08
10.5,10.88
2.9,34.58
16.5,18.1
7.5,8.83
69.0,10.43
24.9,28.52
12.1,12.33
6.0,5.59
6.1,7.29
5.7,6.49
8.5,8.57
4.1,5.88
6.1,5.86
9.0,9.67
8.5,6.91
37.3,36.48
5.5,6.55
10.5,11.53
5.7,5.88
5.0,6.16
19.7,15.83
6.1,5.88
35.87,41.0
10.0,9.2
5.7,7.7
12.9,13.79
6.1,6.61
6.5,5.81
19.0,20.0
23.7,4.59
4.1,6.31
4.9,6.88
8.0,8.26
11.3,11.53
5.7,7.36
6.9,6.67
22.0,19.57
4.9,6.31
49.57,52.46
12.0,6.2
33.0,25.4
18.5,14.84
57.33,49.28
35.83,34.52
4.0,4.11
4.9,6.88
4.5,11.56
6.0,5.63
11.5,9.6
6.1,7.57
12.5,12.34
15.0,11.06
6.0,6.03
9.0,10.6
16.0,15.24
16.1,18.33
10.5,8.42
7.5,6.56
16.0,11.06
11.3,13.69
6.1,6.77
7.5,9.46
5.7,6.0
9.0,9.91
16.5,9.76
13.3,18.5
5.0,5.47
4.1,4.54
5.7,6.15
7.5,6.24
6.1,29.25
49.57,47.58
7.3,8.3
8.0,7.91
13.5,10.83
12.0,40.84
34.9,30.99
12.1,13.11
4.1,4.72
8.9,11.25
61.5,47.66
6.0,8.83
5.5,6.36
7.5,8.43
11.3,13.72
8.5,3.72
8.1,7.74
42.0,36.39
8.5,12.85
12.5,10.41
5.7,6.33
5.0,5.41
61.0,39.66
11.3,9.56
6.1,11.51
7.7,9.88
2.5,12.86
57.33,54.49
7.0,8.02
17.0,12.99
7.7,6.11
5.3,7.03
35.83,31.82
44.0,29.55
8.5,7.1
10.5,10.55
10.1,6.69
5.0,5.04
4.1,5.17
7.7,7.73
5.7,6.39
4.0,5.53
8.5,8.06
4.9,5.06
4.1,4.6
12.5,12.33
6.5,7.68
5.5,5.79
6.5,6.56
13.3,16.34
6.0,12.77
9.0,8.52
45.0,10.88
16.9,21.64
6.5,5.8
19.5,20.66
8.0,8.14
6.9,10.36
3.3,8.94
14.0,12.42
4.5,8.76
7.3,7.43
15.7,6.24
7.7,9.52
6.0,6.91
13.0,7.66
8.9,9.41
9.5,6.99
56.8,51.38
13.3,12.89
7.0,6.54
14.5,13.68
9.7,6.1
57.33,53.88
4.1,5.83
9.3,9.59
6.5,6.67
4.5,15.81
12.5,12.57
9.3,10.96
4.0,5.72
8.9,9.51
6.1,7.94
28.1,35.08
5.0,5.88
6.0,6.19
11.3,11.07
19.5,16.4
9.5,4.83
16.1,16.96
8.5,10.24
6.5,6.22
5.0,6.0
31.3,38.46
9.5,9.49
10.1,8.92
10.5,10.8
10.5,9.04
5.0,5.85
4.5,5.63
13.7,14.25
9.7,11.39
10.5,6.65
12.9,13.38
5.3,7.06
9.3,11.5
5.3,5.47
10.1,10.04
16.5,17.93
8.0,7.55
11.7,15.28
4.5,5.9
4.5,5.31
8.1,6.87
7.3,8.11
5.5,5.58
5.3,6.23
18.9,13.84
9.0,7.68
11.3,12.37
8.5,7.0
3.7,4.65
6.1,6.1
8.9,8.41
5.3,5.39
7.5,6.34
7.3,8.94
8.5,8.33
3.3,4.92
5.0,6.4
17.0,14.97
10.5,13.34
36.33,34.37
3.5,5.36
9.3,11.12
7.7,7.73
18.83,13.76
8.5,9.43
9.0,6.49
6.5,8.91
18.0,11.0
7.0,8.51
19.0,15.3
5.5,6.49
11.7,10.7
4.9,5.79
6.0,4.87
4.1,5.79
8.5,7.85
7.0,7.9
6.0,6.92
17.5,14.58
4.1,5.66
22.5,32.12
7.5,7.54
12.5,11.65
4.5,5.67
33.5,25.11
6.5,7.58
17.0,17.4
20.0,18.29
19.5,17.46
13.5,12.37
5.7,7.31
8.9,10.0
4.5,5.89
5.7,6.14
4.1,5.18
3.5,4.18
5.0,6.71
57.33,56.95
8.5,9.74
3.5,5.47
15.0,11.49
7.7,7.73
6.1,6.76
6.9,8.56
8.9,10.26
7.3,9.5
6.9,7.28
47.83,35.45
5.3,5.44
15.33,11.87
6.1,6.99
14.5,15.98
3.3,4.52
11.7,11.52
6.9,6.96
17.0,17.45
8.1,7.85
7.0,5.77
9.7,9.05
4.5,4.59
5.7,7.33
14.1,13.51
4.9,6.53
20.5,15.37
15.5,17.86
6.1,7.72
6.5,5.66
8.1,6.43
25.7,26.1
6.1,9.6
4.1,4.8
7.7,7.49
7.7,8.03
20.5,24.04
6.0,7.79
5.3,6.16
5.7,6.34
6.5,6.94
21.4,23.83
7.0,8.26
11.0,9.48
8.5,41.44
6.9,6.54
52.0,51.96
10.5,11.94
6.1,5.5
11.7,9.27
13.5,11.92
10.0,8.38
9.5,7.3
15.5,12.35
12.0,7.49
6.9,6.77
10.5,8.7
8.0,8.34
8.9,9.23
26.1,10.55
11.0,9.38
6.0,6.74
10.5,9.43
3.5,4.55
5.5,6.27
4.9,5.12
7.0,7.49
15.0,12.44
6.5,5.39
3.7,4.96
24.1,29.2
15.5,8.37
7.0,8.41
14.0,11.44
5.7,7.78
16.0,13.22
11.0,8.03
77.5,69.07
12.5,10.02
3.3,4.14
5.7,7.52
9.5,9.51
7.3,7.63
7.7,9.2
18.0,16.03
8.0,6.2
9.7,8.37
7.3,9.39
49.8,50.42
4.9,5.99
8.1,11.17
19.3,23.36
32.27,38.34
4.5,4.52
10.0,11.15
9.7,10.03
10.5,9.57
34.5,8.49
10.0,8.2
8.5,9.04
10.0,9.83
7.7,8.12
6.1,7.09
13.3,9.81
23.05,26.04
6.5,6.68
15.3,14.18
9.5,7.14
14.5,11.35
19.0,14.99
6.1,7.11
4.5,4.72
7.5,6.08
10.5,9.75
10.5,11.71
21.5,19.62
5.5,5.16
8.5,13.1
6.5,6.9
5.5,6.59
7.3,9.15
28.67,29.33
29.5,31.68
9.0,9.88
7.0,6.26
24.0,20.81
10.9,12.11
7.3,8.72
57.33,53.19
13.0,12.83
8.5,8.71
6.0,6.17
8.5,10.06
6.1,6.1
7.7,8.13
8.5,8.86
8.0,6.53
3.7,4.66
12.0,10.18
14.9,16.8
10.5,10.93
9.5,8.0
4.1,5.24
4.1,5.4
10.0,9.54
4.5,5.39
6.5,9.1
8.1,9.88
4.5,5.88
5.7,6.05
15.5,13.49
6.9,8.09
3.7,4.4
5.3,4.97
7.3,7.16
7.3,8.89
4.9,6.36
7.0,6.13
7.5,8.63
4.1,5.26
8.5,11.87
6.9,7.26
4.9,5.76
5.3,6.23
9.0,8.27
13.0,7.69
34.8,33.77
11.0,8.85
8.9,10.88
18.9,22.26
17.0,12.91
39.83,36.57
4.5,4.24
7.3,9.2
8.9,8.68
24.1,22.78
6.0,6.74
7.0,6.74
17.7,21.19
5.3,5.78
13.0,13.66
51.83,36.18
25.3,28.09
8.5,9.08
7.7,10.44
6.0,6.04
5.5,5.14
5.5,5.58
13.5,12.47
8.5,10.14
57.33,51.85
7.7,9.77
11.0,10.06
4.5,5.24
12.9,15.1
25.0,18.54
4.9,5.75
11.7,13.34
14.0,10.95
18.0,14.59
9.5,7.32
8.1,9.99
8.5,8.74
6.9,10.37
47.5,45.56
13.0,11.43
10.0,11.11
10.0,7.17
57.33,48.36
16.1,21.96
2.5,8.22
6.5,7.35
8.0,6.74
8.0,7.76
8.9,8.8
15.5,14.29
6.9,7.06
11.0,8.43
3.3,5.34
9.5,9.09
29.7,35.78
6.5,8.37
34.5,24.0
6.0,5.99
10.0,7.44
17.3,16.11
19.5,14.06
3.5,4.85
17.3,20.28
12.5,12.87
25.0,23.66
36.0,29.09
6.5,8.55
9.7,11.3
4.1,5.22
8.5,9.36
12.0,7.9
14.5,15.68
9.0,12.08
56.8,49.69
15.5,14.63
6.1,6.49
8.5,8.86
14.0,11.73
4.0,16.56
18.5,13.51
9.7,11.77
20.9,14.54
8.0,8.54
3.7,6.01
6.2,6.63
5.3,8.11
6.5,6.73
9.0,7.67
28.67,31.83
29.07,36.19
7.3,7.87
4.5,3.99
9.0,6.97
8.1,8.25
10.5,13.0
10.5,10.59
10.0,8.24
8.9,9.25
27.7,29.45
17.3,17.12
10.5,11.25
6.5,9.23
4.1,11.58
5.3,5.29
48.0,11.38
13.0,12.06
6.1,7.11
6.5,11.33
12.0,12.48
7.5,8.46
6.5,5.51
8.0,7.6
27.3,26.1
8.5,9.26
46.83,36.04
5.5,5.82
9.5,9.3
6.9,9.72
4.0,3.78
4.1,4.31
28.0,26.57
8.9,8.72
5.0,4.02
9.7,11.08
4.5,4.3
4.5,5.02
12.1,14.66
16.0,11.92
4.1,5.04
7.3,8.57
12.5,11.46
7.7,9.53
9.7,10.92
6.0,6.2
12.5,10.05
15.7,11.46
18.5,17.64
12.9,16.32
10.5,8.29
6.5,6.95
7.7,9.65
8.0,6.75
6.0,5.6
9.3,8.11
12.9,14.31
34.5,37.86
21.0,13.7
6.9,7.02
6.9,8.81
13.5,12.77
4.1,5.22
5.3,5.42
17.0,4.15
6.1,8.64
4.9,8.5
6.9,6.6
5.3,5.93
6.9,8.5
5.3,7.08
4.9,5.77
15.0,13.7
10.6,9.11
8.0,7.56
4.9,5.37
8.1,9.24
7.5,6.48
8.5,7.49
8.5,7.33
13.5,11.9
5.0,6.15
13.7,14.37
4.9,8.05
3.3,4.99
6.0,7.22
5.3,6.74
12.0,7.96
11.7,13.48
3.3,4.72
6.5,6.63
29.0,26.23
3.7,5.64
16.9,15.72
4.5,6.97
16.5,13.99
16.5,9.43
8.5,8.7
4.5,5.98
7.0,6.76
8.1,8.66
8.5,11.41
28.1,32.82
4.9,4.51
5.0,5.65
10.5,11.59
4.9,6.21
6.5,6.74
9.0,8.08
4.5,3.84
8.5,8.26
6.0,5.55
12.0,11.38
7.1,7.01
32.1,34.64
18.0,13.98
9.7,10.01
9.3,10.95
6.1,6.11
8.9,8.81
14.0,14.79
8.9,11.11
5.5,5.58
16.5,15.97
7.5,6.55
12.5,10.72
31.0,32.66
10.9,11.87
6.0,4.61
4.9,5.51
6.1,7.74
7.3,8.2
12.0,9.66
14.1,14.34
11.0,14.33
9.0,8.46
28.9,35.62
6.0,5.67
11.3,21.17
6.9,9.18
14.5,10.54
8.5,8.22
6.5,7.55
7.7,5.26
32.9,36.9
11.4,11.52
25.5,20.72
30.1,28.46
6.5,8.75
37.47,35.89
8.5,6.05
7.0,7.54
15.5,11.01
12.5,15.41
18.1,16.81
8.1,8.0
7.5,6.33
14.9,16.6
5.3,6.63
6.9,6.22
23.5,19.15
5.5,5.35
9.7,10.9
3.5,4.57
4.5,5.59
3.7,4.07
12.9,16.27
10.0,8.86
8.9,9.4
7.5,8.56
13.0,7.99
6.5,8.39
15.3,18.34
9.0,6.86
9.3,9.93
6.1,6.6
5.7,12.74
19.7,21.21
4.9,8.11
5.0,5.61
7.0,5.29
15.0,12.45
45.0,48.89
13.3,14.91
6.9,8.06
21.3,23.77
12.1,9.24
10.1,9.96
5.0,6.26
10.1,11.26
12.9,16.83
6.5,6.31
7.7,7.05
4.9,5.26
6.0,5.06
5.3,5.5
5.5,5.8
7.7,7.83
5.7,5.16
7.7,7.29
9.0,7.15
7.7,7.98
4.0,5.08
5.5,6.29
25.5,16.96
8.0,6.62
3.7,4.42
6.1,4.43
10.1,10.57
6.9,7.83
12.9,15.55
24.1,30.34
20.0,18.78
9.7,9.45
4.1,12.83
4.5,6.09
18.0,14.91
16.0,12.87
7.3,7.91
7.5,5.11
12.1,13.17
16.9,20.47
4.5,4.7
8.9,8.64
22.5,17.32
5.3,6.16
9.5,12.62
16.5,17.51
7.0,5.26
5.5,5.47
7.0,7.72
9.7,13.02
5.0,5.37
8.5,7.02
28.5,27.79
4.9,6.47
5.3,9.27
7.7,7.34
8.9,7.91
11.3,12.15
8.0,8.76
25.7,31.01
7.4,7.44
11.0,10.03
7.7,7.52
9.5,6.52
4.9,5.49
7.7,7.12
7.7,8.63
5.0,4.96
5.3,7.25
6.9,8.84
57.54,53.28
22.5,23.64
17.7,21.64
4.9,5.99
14.0,11.08
10.0,8.2
6.0,6.91
4.1,5.73
9.7,7.2
8.1,14.65
10.9,16.34
6.1,5.89
5.3,24.07
10.0,6.75
6.9,6.72
12.1,8.02
4.1,4.77
30.0,23.32
2.5,8.65
11.5,12.31
5.3,5.79
4.9,7.71
7.7,9.67
8.5,10.73
10.0,9.59
13.5,5.67
5.7,21.03
11.7,13.24
4.1,5.64
25.5,29.7
18.5,15.84
4.5,4.82
3.7,4.88
3.7,4.51
4.5,6.39
5.0,5.28
16.9,14.73
16.1,14.63
8.9,10.4
9.0,7.69
11.5,9.45
18.1,20.4
3.5,4.59
19.5,20.2
14.5,9.44
16.5,13.58
6.5,6.63
4.0,4.61
9.3,12.38
6.1,6.64
6.0,5.81
36.0,26.55
4.5,4.69
6.5,6.39
7.0,9.28
12.5,10.18
57.33,54.85
6.5,7.72
19.0,10.83
6.0,6.93
8.0,8.39
6.5,6.14
5.5,5.69
6.0,5.94
7.7,8.07
7.5,7.26
5.3,6.0
5.7,5.02
8.0,6.13
57.33,51.26
7.5,6.56
16.0,12.57
6.1,6.75
13.7,14.64
5.3,7.41
5.7,7.28
13.3,14.79
4.5,16.24
5.7,6.03
7.0,7.45
2.5,8.99
6.1,6.02
7.0,7.59
10.0,10.39
10.0,12.48
4.0,5.65
3.5,5.05
3.7,4.58
19.7,17.93
9.3,11.88
8.1,8.3
7.7,8.83
8.1,9.11
4.9,4.2
8.5,7.55
7.7,7.95
6.1,7.7
8.1,10.44
4.5,4.99
8.9,8.62
8.1,11.32
6.9,7.47
12.5,5.93
6.9,8.1
15.5,12.05
10.5,10.08
7.0,6.23
5.7,7.11
6.9,8.25
13.3,11.8
120.0,43.12
12.5,12.0
16.1,15.07
4.5,5.32
18.5,17.44
7.3,6.99
8.0,5.88
34.83,33.45
9.7,12.89
8.5,9.62
6.0,6.93
9.0,9.09
6.1,7.24
6.2,6.11
5.7,10.49
4.1,4.53
6.0,5.39
6.1,8.44
6.5,6.11
32.8,23.92
4.1,5.82
8.1,9.21
16.1,20.16
3.5,4.28
14.1,13.6
3.7,5.44
16.9,12.28
5.0,5.46
6.9,7.19
5.0,6.09
7.3,42.74
7.5,7.06
4.9,6.02
22.0,17.72
6.5,6.31
17.0,15.74
11.0,10.05
5.0,6.21
6.9,8.35
12.5,12.35
9.7,12.63
5.7,6.71
18.0,14.19
5.3,5.62
6.1,9.56
8.5,7.79
10.0,11.32
4.1,4.28
7.5,10.56
5.7,6.65
8.0,6.29
12.1,12.02
26.5,26.7
6.1,7.65
17.0,15.34
4.1,13.54
10.5,11.76
11.5,12.61
10.1,9.33
6.1,11.34
9.7,10.34
5.3,5.18
4.9,6.17
12.1,14.45
9.0,6.6
14.1,15.64
6.0,5.35
16.5,10.76
27.7,36.95
8.5,7.96
4.5,9.38
8.5,8.18
15.7,14.98
6.0,5.1
2.9,5.56
6.0,7.39
5.5,5.66
6.9,7.82
6.5,9.28
9.3,11.71
29.0,12.03
4.6,4.41
17.0,16.88
9.3,10.2
7.3,8.99
7.7,8.13
10.1,13.29
8.5,8.23
4.1,5.53
13.5,13.03
8.1,10.35
9.0,22.34
11.0,6.44
4.5,6.16
8.5,8.04
9.0,7.35
8.0,5.27
10.0,10.04
8.1,6.87
8.9,15.86
7.5,8.55
4.9,5.94
3.7,4.35
6.5,7.92
9.5,9.41
9.0,8.28
3.7,4.16
5.3,6.06
11.7,11.9
8.0,8.04
8.0,6.46
5.5,7.59
10.5,9.51
5.3,6.0
4.9,3.96
13.7,16.36
4.5,5.06
9.7,13.48
18.1,16.27
7.0,7.3
6.5,7.96
5.0,4.93
7.0,4.79
8.5,9.83
5.0,4.85
8.5,8.3
32.33,27.48
25.7,29.04
9.0,8.74
6.1,6.96
11.0,6.82
4.1,11.75
4.9,4.97
3.7,5.19
3.7,5.7
5.7,6.14
5.0,4.83
8.9,11.2
8.5,10.32
5.1,6.36
8.1,8.86
7.0,6.55
5.7,6.93
12.1,12.34
12.5,11.99
10.5,9.67
13.3,14.22
4.9,5.53
6.9,8.59
17.0,15.64
27.55,30.05
14.1,9.72
8.5,7.15
11.5,12.17
11.5,12.63
52.0,49.33
8.9,8.0
5.7,6.73
7.7,8.64
10.9,8.94
3.7,5.14
9.0,9.22
14.9,17.16
8.5,8.0
6.1,6.02
11.0,9.31
12.5,19.76
6.5,7.77
6.5,5.15
7.7,7.69
6.5,9.01
9.5,8.34
8.5,9.84
16.0,14.41
13.0,8.32
11.0,8.83
9.0,7.66
20.0,4.93
10.0,10.31
24.5,31.18
6.5,5.97
24.5,22.57
56.44,59.35
6.9,8.3
10.1,12.59
19.5,17.82
2.9,5.87
21.5,18.66
5.7,4.93
4.9,6.82
11.3,10.74
7.5,12.45
4.5,6.31
4.5,6.07
49.8,54.39
2.5,6.25
20.5,18.52
6.1,5.32
40.33,35.93
6.0,6.24
4.5,4.93
8.1,9.54
4.5,4.63
12.5,10.95
6.9,8.03
10.0,7.42
14.5,10.47
7.7,10.1
5.0,4.3
7.5,7.35
10.5,10.57
11.0,6.68
19.3,23.62
6.5,8.23
12.0,5.11
14.1,14.47
7.3,7.82
4.9,6.37
13.0,12.61
10.5,7.22
44.33,37.63
7.7,8.29
8.5,10.09
6.0,6.22
38.83,33.43
10.5,10.8
5.0,6.36
10.9,10.93
9.0,8.74
6.5,7.2
6.9,9.0
20.0,20.8
25.5,14.66
11.0,10.73
8.5,9.58
49.8,53.32
22.9,25.71
15.5,16.85
9.3,11.12
4.0,4.99
5.5,5.32
5.3,5.7
5.7,7.07
51.9,60.61
10.5,9.73
14.5,12.87
6.5,7.03
4.1,5.47
6.5,5.43
8.5,7.25
28.5,30.29
13.0,9.09
8.5,9.45
7.3,7.09
11.5,6.66
6.1,6.77
10.5,10.75
55.8,68.09
8.9,9.71
9.0,5.3
6.5,7.35
10.0,9.77
12.9,17.25
12.5,11.23
16.9,19.57
2.5,18.12
4.1,7.19
8.9,10.62
13.5,9.74
9.0,8.03
4.5,5.88
3.7,4.74
13.7,17.21
45.0,51.78
6.1,7.79
6.1,6.04
9.3,10.99
9.7,9.18
8.0,8.93
9.3,12.27
3.7,4.73
9.0,9.45
4.9,4.88
3.5,3.74
6.5,6.54
6.5,7.23
9.0,7.5
7.0,7.03
20.5,24.58
26.1,26.64
15.0,16.1
5.3,5.93
7.3,7.37
6.5,7.28
16.0,15.48
11.7,12.34
7.5,7.05
6.1,6.99
23.3,26.61
6.5,5.84
9.5,9.44
8.5,8.19
12.5,10.96
6.5,7.63
49.57,49.98
16.5,13.92
7.3,9.1
5.0,6.04
8.9,10.43
3.3,3.98
9.3,10.66
3.3,4.81
6.1,8.16
9.7,5.97
8.1,9.5
7.0,4.88
9.3,11.3
7.7,9.31
6.1,6.27
7.7,8.13
4.9,4.93
12.5,15.14
15.3,14.15
20.0,16.01
5.7,8.47
6.0,6.55
14.5,12.75
4.5,4.64
4.9,7.21
49.15,52.01
7.3,7.37
6.9,6.03
28.67,33.71
12.9,11.8
6.9,9.47
10.1,9.15
3.7,4.08
7.3,7.79
18.0,16.95
6.5,7.42
6.0,5.98
14.5,16.59
5.3,7.09
6.0,5.34
9.7,9.87
9.5,7.71
9.5,8.3
20.0,17.58
10.9,11.0
10.1,11.54
15.7,10.98
15.5,9.94
21.5,20.52
7.7,8.83
7.3,8.33
4.1,5.89
6.9,7.62
17.7,17.81
8.9,9.95
11.5,9.28
6.5,6.38
7.3,8.83
8.1,9.14
9.3,10.14
4.9,5.55
6.1,5.64
8.0,7.5
16.5,19.98
11.7,11.82
5.0,5.13
11.7,15.87
7.3,9.2
49.8,52.67
32.67,36.57
5.7,5.45
7.3,8.33
10.1,11.34
6.0,6.62
8.5,11.96
7.7,8.1
6.9,8.82
8.9,10.61
7.0,6.65
5.7,7.14
6.0,4.64
14.0,10.77
7.7,9.14
5.3,7.45
12.5,12.15
26.83,24.47
49.57,55.82
16.0,15.47
5.3,5.32
13.5,15.98
45.0,5.31
8.1,7.83
7.7,11.2
45.0,22.72
8.5,9.83
5.3,6.29
6.9,8.27
6.0,4.77
6.9,7.26
11.5,11.2
23.5,19.57
11.5,9.92
5.5,5.43
10.5,7.4
11.0,12.44
7.7,8.0
4.5,6.5
6.0,6.53
11.3,10.84
9.5,8.64
4.5,5.16
7.7,7.89
12.5,11.33
19.0,15.81
6.5,10.98
6.1,5.26
9.0,8.43
12.0,13.88
40.5,35.67
10.5,10.62
5.0,4.32
4.1,5.36
23.45,29.09
6.5,6.24
7.7,25.93
14.1,12.68
16.5,12.67
7.5,5.93
49.8,52.93
5.7,6.64
5.0,5.76
2.9,3.73
33.07,34.16
4.1,4.33
9.7,10.64
49.8,53.59
8.0,7.93
10.5,14.41
10.5,10.05
5.3,7.74
4.9,6.03
12.9,13.56
8.1,9.25
5.5,5.89
18.5,13.62
6.1,6.79
15.5,13.95
9.3,8.44
4.0,4.73
5.5,6.86
4.0,4.17
5.0,4.61
8.9,7.12
5.7,7.55
10.9,12.17
52.0,49.24
24.5,21.63
26.5,29.53
13.5,10.46
4.5,4.53
24.5,29.33
31.7,39.19
5.5,11.96
6.1,5.95
8.1,9.42
9.3,8.15
6.5,5.88
12.0,7.97
6.9,10.06
6.9,9.07
4.9,5.42
6.9,9.24
5.3,6.6
8.9,11.7
10.5,10.21
5.3,4.58
6.5,9.19
7.5,7.21
10.5,10.87
7.5,7.09
20.5,15.21
4.5,4.29
4.1,4.73
4.9,4.68
6.9,6.4
13.5,9.27
6.1,6.35
6.5,6.1
9.3,11.63
9.0,9.26
31.47,39.16
4.1,4.66
8.1,7.99
8.5,7.45
8.0,5.39
6.9,7.66
8.5,7.01
5.7,7.07
11.5,9.1
32.0,27.8
10.5,8.19
6.1,8.22
14.5,11.05
31.07,34.42
9.0,10.67
10.9,12.13
5.5,6.07
8.0,8.77
6.0,6.91
8.0,8.38
9.0,7.24
16.5,13.16
7.7,7.97
7.7,10.09
9.3,11.25
3.3,4.46
11.7,10.52
8.1,7.4
5.3,6.02
9.5,8.16
5.7,6.26
10.0,8.52
8.5,6.73
21.0,17.93
4.5,5.41
3.3,5.2
9.5,9.71
27.7,31.46
13.7,15.98
5.0,5.14
11.7,12.87
20.5,23.63
5.3,5.4
9.0,7.96
9.3,10.01
22.5,17.87
14.5,13.2
8.1,8.6
17.0,15.6
11.3,8.51
8.1,9.41
6.0,5.75
13.3,14.38
4.5,4.61
10.0,10.31
7.3,7.13
12.9,11.18
8.5,7.82
10.2,10.18
7.5,8.01
8.9,9.46
6.5,7.29
5.0,5.21
6.1,7.69
5.3,8.1
10.0,8.71
8.0,7.86
6.5,7.9
4.1,5.53
15.0,9.06
2.5,8.71
15.5,11.76
57.33,52.01
3.0,5.84
24.5,18.77
7.3,9.61
6.5,7.28
7.3,6.31
14.5,17.12
10.0,8.2
6.9,7.28
8.9,8.84
4.1,5.37
13.0,11.92
32.25,33.75
6.5,5.25
49.8,52.48
9.3,6.47
14.5,12.81
4.5,5.23
3.7,6.15
8.1,8.27
24.5,18.99
9.5,5.8
5.5,5.02
7.3,6.3
5.3,6.84
4.5,5.31
10.5,11.89
34.83,36.06
6.1,8.13
9.3,12.62
4.1,5.02
4.5,5.45
7.3,10.0
67.25,74.86
3.5,4.23
5.7,6.45
5.0,5.0
8.5,8.86
6.1,6.23
10.5,8.88
3.5,4.27
14.9,16.96
3.0,3.14
16.0,11.94
16.5,11.89
3.7,5.14
20.9,22.83
6.5,10.08
12.0,10.62
31.33,36.0
6.1,11.09
11.7,10.63
30.5,35.18
8.5,9.67
6.5,5.91
8.9,9.05
4.5,6.36
49.57,50.14
8.0,8.85
7.5,7.07
23.3,23.64
7.7,8.16
13.7,12.81
5.5,5.6
5.5,5.69
11.0,8.46
7.7,10.45
6.9,10.01
12.9,14.89
8.5,8.67
18.1,19.38
9.5,9.28
12.5,12.56
12.1,16.43
5.5,6.28
36.0,31.32
15.3,14.27
19.5,8.65
4.9,7.08
25.0,20.76
57.33,52.68
11.3,13.18
10.0,9.99
10.1,9.52
10.1,8.66
10.5,11.66
5.7,5.57
3.7,4.1
12.1,12.59
11.5,9.63
8.0,5.85
6.5,8.02
7.0,7.11
6.5,6.09
7.7,15.19
15.3,6.46
8.5,11.42
7.7,9.57
15.5,22.77
10.0,10.56
3.3,9.68
17.5,15.24
12.9,16.38
6.1,8.81
7.3,9.55
7.0,5.44
7.3,9.86
12.1,9.87
7.7,10.67
12.9,16.01
9.3,19.09
5.3,6.27
3.3,5.44
12.1,11.58
12.1,6.72
10.0,7.84
7.3,7.69
5.0,4.78
4.1,5.59
8.9,10.2
6.5,6.77
9.5,11.73
15.0,10.97
8.1,10.98
9.0,9.62
6.9,9.48
5.7,6.81
7.5,6.02
4.5,5.62
4.9,5.46
10.5,8.74
5.0,5.52
10.9,9.77
8.0,7.45
4.5,4.77
8.0,7.08
9.3,8.16
14.5,10.65
7.7,8.5
18.0,18.63
15.5,15.7
7.7,6.47
18.1,22.03
31.7,34.02
4.0,4.86
4.5,5.31
57.33,53.86
9.0,10.0
33.04,28.64
4.1,5.79
12.1,10.85
6.5,6.68
6.9,8.44
49.57,51.87
3.7,4.29
10.1,10.2
5.5,5.59
14.1,14.65
57.33,51.28
7.0,5.6
6.9,5.72
12.1,11.82
4.9,5.23
11.3,7.34
5.0,5.92
6.5,6.34
6.5,7.03
6.5,10.29
4.9,4.57
4.5,5.24
18.0,15.95
7.5,7.44
5.3,6.39
13.5,12.06
7.0,8.64
5.7,5.98
8.9,8.59
20.5,16.77
7.0,8.45
6.0,7.17
9.0,9.28
4.9,4.88
4.5,5.08
10.5,11.03
22.5,17.05
8.5,7.75
5.7,5.49
6.0,5.56
10.5,7.64
5.3,4.79
9.7,7.94
8.9,9.18
8.1,9.93
5.0,7.44
5.3,12.29
5.5,4.81
24.5,31.19
12.1,12.65
7.0,6.36
10.5,12.97
4.5,6.0
7.0,6.47
11.0,10.61
14.0,10.35
25.83,20.79
10.5,8.78
6.5,4.66
13.5,12.54
6.1,7.61
8.5,7.86
20.5,17.65
6.5,8.76
10.5,10.1
6.5,8.96
4.0,4.86
13.0,6.33
36.1,11.15
18.5,8.91
35.33,37.97
7.5,7.35
8.1,8.69
12.5,14.39
9.5,9.76
8.5,10.99
6.9,4.98
11.0,10.9
10.0,10.08
6.5,6.75
5.3,5.18
9.7,9.61
6.5,7.29
30.0,24.65
13.3,5.98
3.7,5.69
9.3,10.13
9.3,8.47
8.5,9.57
11.3,17.03
38.33,35.23
9.7,6.11
2.5,7.89
8.9,8.64
6.1,6.58
15.3,13.17
17.0,17.14
8.1,10.64
11.0,9.52
7.0,5.24
9.7,9.81
8.9,9.94
6.9,4.97
8.5,8.49
6.5,7.99
9.0,9.31
27.83,24.5
9.7,10.03
4.9,6.19
9.7,10.36
10.5,9.41
2.9,4.18
8.5,8.05
31.83,29.7
8.5,11.29
10.5,10.18
6.9,7.69
10.5,9.33
4.5,5.15
22.0,23.18
4.0,3.87
5.0,5.46
6.0,5.51
8.5,6.29
6.5,5.81
8.1,11.82
15.7,17.36
14.1,19.61
5.3,6.09
8.9,7.27
9.0,9.48
4.5,4.79
7.5,8.09
5.3,7.09
14.0,10.58
17.7,27.79
7.3,7.67
6.0,7.02
12.5,11.82
10.1,11.56
5.5,24.1
4.5,4.56
23.5,19.09
52.0,41.38
5.7,7.17
8.5,6.04
7.7,8.91
7.7,7.97
4.5,6.98
6.1,6.46
30.1,36.93
11.3,12.68
5.3,6.61
9.3,23.78
6.0,6.93
4.9,5.31
12.5,12.42
10.1,12.95
5.3,6.2
8.1,7.91
3.3,5.7
6.9,7.03
26.27,28.68
7.3,7.41
11.0,9.94
14.0,11.18
5.3,5.77
6.0,6.18
6.1,8.58
9.5,10.05
8.5,12.74
4.9,5.96
7.3,9.41
6.9,6.45
14.0,8.22
20.5,17.63
7.0,6.04
11.0,7.48
6.5,8.47
38.5,43.11
8.0,9.23
11.0,10.49
14.1,15.38
4.1,5.59
6.5,6.36
13.3,9.88
10.5,9.33
4.9,7.4
5.7,6.66
17.5,9.21
4.0,5.3
37.3,48.95
6.5,8.47
8.5,8.25
28.5,28.05
12.5,10.67
8.0,6.54
8.0,5.13
7.3,7.29
18.0,12.4
4.5,6.05
12.9,11.52
6.1,5.76
12.1,14.58
5.7,6.07
7.3,8.98
8.5,9.16
8.0,6.63
26.5,26.44
3.7,4.52
16.5,15.01
57.54,47.43
8.9,10.38
13.5,7.3
57.54,50.54
5.7,6.48
10.1,9.68
8.5,10.11
12.0,6.92
6.5,7.53
17.3,18.95
6.9,7.32
20.5,23.82
10.0,7.2
17.5,14.4
4.1,4.69
14.5,15.77
7.5,5.57
20.0,18.08
6.5,7.69
15.3,18.55
4.5,4.42
45.0,52.39
26.5,19.26
20.5,25.16
8.0,6.98
12.9,4.84
7.7,10.0
8.9,8.72
7.3,16.91
36.1,30.86
11.0,13.8
16.5,21.26
6.5,7.31
8.5,9.27
7.5,8.18
6.0,5.81
14.5,15.91
8.9,10.64
9.7,9.03
13.0,7.7
3.7,4.92
9.7,7.95
5.5,5.64
14.1,16.03
16.1,14.83
8.5,7.29
4.1,4.47
6.5,7.44
10.0,11.01
6.5,6.7
15.5,10.74
12.9,14.19
57.33,50.99
15.7,16.37
8.1,9.21
4.9,5.14
10.9,10.45
8.0,8.62
5.3,6.01
5.7,8.82
8.0,7.56
11.3,13.44
15.0,13.28
7.3,9.42
4.5,4.59
5.5,5.62
27.5,21.97
4.9,5.49
11.0,10.7
8.1,12.17
7.3,12.18
8.9,9.37
6.1,7.75
4.9,5.82
6.9,8.45
2.5,11.11
5.5,6.45
5.5,6.04
12.0,10.07
9.5,13.6
6.9,8.79
30.5,31.95
13.3,12.99
4.1,5.11
5.3,5.35
6.9,7.39
11.3,7.4
15.5,13.53
8.1,8.91
13.5,12.05
15.3,16.9
12.0,11.19
20.5,11.34
35.5,31.74
7.7,5.8
9.0,8.22
9.7,9.77
6.1,6.91
9.7,10.39
10.9,12.53
18.5,17.27
5.7,6.59
6.5,6.66
14.5,10.62
18.5,16.93
6.9,9.44
13.5,11.81
8.5,8.92
4.9,7.29
7.5,8.2
7.0,5.55
21.7,18.48
10.1,6.47
18.9,19.83
4.5,5.14
18.0,17.82
11.3,12.02
45.0,49.39
5.7,6.68
7.3,7.69
18.0,16.18
4.5,6.03
6.0,4.4
24.5,32.15
7.5,6.65
9.7,10.37
57.33,51.91
9.7,9.54
7.7,8.38
19.5,9.33
11.5,13.01
5.3,6.0
16.1,18.48
10.5,11.17
6.0,6.36
8.1,8.08
6.0,5.55
8.9,11.28
6.0,5.19
14.5,13.69
5.5,6.33
26.0,23.55
3.3,4.18
24.5,27.26
2.5,12.56
7.0,5.59
5.3,5.98
7.3,7.68
4.1,4.58
10.1,10.98
7.0,8.3
7.3,7.61
9.3,7.43
5.5,5.19
9.0,8.83
7.7,7.12
13.0,11.32
6.0,5.55
16.5,15.29
8.1,7.53
49.8,52.0
12.0,10.62
8.1,9.02
8.9,11.34
11.5,10.21
5.3,8.48
8.0,7.87
14.5,16.46
6.5,7.94
12.1,15.88
8.9,10.46
10.9,13.09
49.8,48.35
10.5,10.36
15.0,13.98
4.0,4.31
6.9,7.92
5.7,6.13
7.3,8.62
18.9,20.04
11.3,11.68
10.5,8.73
16.0,11.18
5.3,5.37
8.5,8.67
7.3,10.04
10.5,6.45
6.5,7.56
4.9,6.89
24.0,8.93
3.3,3.87
4.5,5.4
13.7,16.55
19.5,17.28
9.3,9.93
7.0,6.69
56.8,51.79
34.0,29.43
26.5,30.95
12.5,17.7
5.5,4.66
4.1,5.15
4.9,5.82
9.5,9.64
7.7,7.35
9.7,10.8
6.5,7.75
11.3,13.54
13.0,11.77
9.5,8.74
8.0,6.99
6.1,15.21
13.0,12.77
15.5,14.61
7.5,5.84
6.5,8.02
9.0,10.87
5.7,6.86
7.3,7.82
4.5,5.5
8.5,9.41
9.3,10.16
17.7,21.9
15.0,13.3
8.0,8.95
7.7,7.09
13.0,13.75
5.3,5.04
28.0,15.75
23.5,27.17
5.7,7.35
4.5,5.97
11.5,7.89
5.7,6.45
5.3,5.71
10.9,14.19
13.0,12.29
8.5,8.39
3.3,4.68
8.0,6.83
28.54,28.47
4.5,5.76
5.7,8.0
8.9,8.68
5.3,5.76
9.5,8.34
6.1,6.02
8.5,8.52
4.5,6.48
11.5,8.76
17.3,15.07
9.7,8.56
4.1,9.59
8.2,10.79
9.3,9.94
15.7,16.58
5.0,6.9
14.5,10.77
4.1,4.98
8.5,9.66
10.5,11.56
20.5,15.05
6.0,6.05
7.7,8.66
4.5,4.65
8.5,7.86
5.0,5.8
6.1,8.21
23.4,18.53
12.5,10.6
13.5,11.7
12.9,15.55
7.7,7.69
27.7,34.49
4.5,5.44
7.0,9.01
14.6,-4.44
14.5,11.55
6.1,4.11
17.5,16.26
28.9,27.9
17.5,14.74
14.0,13.56
12.1,14.04
8.1,7.48
8.9,11.6
12.5,12.49
4.9,6.27
16.5,22.13
6.5,8.29
11.5,18.94
9.0,9.84
8.9,10.11
6.9,7.87
33.3,31.29
8.5,9.45
57.33,11.82
15.0,13.19
4.5,6.36
6.0,5.32
7.7,8.58
7.5,7.32
18.9,18.37
23.0,17.54
9.0,7.0
9.3,7.24
31.0,27.78
18.5,15.87
14.9,14.32
5.0,4.64
5.5,5.83
12.0,8.89
9.3,7.76
22.9,22.12
8.5,6.78
3.3,4.82
29.7,31.22
31.0,24.83
10.5,13.32
6.5,7.79
5.3,13.5
12.5,10.4
7.7,8.99
6.5,7.08
79.75,68.85
8.9,7.9
6.9,7.2
8.5,10.53
15.0,8.04
8.5,9.42
8.9,11.5
9.0,8.63
8.5,7.46
28.5,16.78
13.7,14.75
4.5,5.41
9.5,8.61
10.1,13.9
23.0,20.37
7.0,6.59
8.9,9.85
8.5,10.68
7.5,5.71
4.5,5.48
31.47,10.21
19.0,14.9
11.3,13.65
3.5,4.23
9.0,6.49
9.7,12.79
8.5,7.94
5.7,6.31
18.5,18.37
8.5,7.88
26.33,27.61
4.5,6.81
10.1,12.1
8.5,8.7
3.7,5.94
6.1,5.33
6.5,8.81
11.0,10.07
48.33,34.63
57.33,52.18
12.5,11.51
7.0,6.63
13.0,9.97
19.7,20.09
6.1,7.6
8.1,7.49
11.0,9.77
14.0,12.04
5.0,5.54
5.0,6.63
4.5,6.07
8.0,6.67
6.9,7.95
19.0,17.22
24.0,19.89
10.1,11.15
4.5,4.76
6.1,6.75
7.5,6.99
18.0,17.33
16.5,11.91
2.9,7.28
7.3,8.5
11.3,12.24
10.9,13.19
5.3,7.36
8.1,7.51
6.1,5.71
3.7,10.35
9.7,12.12
5.7,6.82
6.5,6.32
37.5,36.87
4.1,5.85
57.33,51.34
8.1,7.83
6.9,6.1
14.1,16.84
5.3,6.59
10.1,13.91
42.0,39.89
8.5,8.21
8.0,7.48
8.1,7.65
34.9,42.21
19.5,21.77
16.1,16.65
6.5,7.58
6.0,6.52
30.83,28.14
9.0,4.32
49.8,51.92
6.9,7.29
59.0,58.24
11.3,9.23
45.0,34.4
13.7,15.39
13.5,12.51
7.7,6.76
6.5,7.31
11.7,14.22
12.1,16.04
4.5,5.65
3.3,4.66
13.5,14.16
16.0,10.19
9.0,8.46
9.5,8.97
4.5,5.38
47.83,34.09
9.3,8.54
4.5,4.26
7.7,6.83
5.7,7.28
8.9,11.16
6.5,7.28
7.3,9.0
6.9,7.01
14.5,13.75
5.7,7.16
15.3,15.94
16.5,17.12
18.5,16.55
22.5,21.93
9.0,9.33
4.5,5.55
7.3,7.38
8.5,7.01
3.5,4.34
11.5,9.54
6.5,6.35
8.9,7.77
7.3,8.29
2.5,9.84
6.0,4.74
7.0,6.25
6.5,4.98
8.5,10.53
11.5,12.58
8.9,11.16
9.0,9.88
5.7,6.17
9.3,8.84
5.0,5.11
7.7,4.72
9.0,9.01
14.5,14.55
6.0,5.98
18.0,12.04
6.0,5.89
8.9,9.35
5.0,5.36
6.5,11.2
5.3,6.43
6.5,8.4
57.33,57.06
7.0,6.47
11.0,8.99
13.5,8.3
11.0,7.69
8.1,7.26
7.7,8.61
7.7,9.65
6.1,6.91
9.3,7.31
25.5,21.18
4.5,4.31
11.7,11.17
5.7,6.1
4.5,4.4
52.0,10.35
13.3,12.91
4.0,4.61
4.0,3.67
8.5,7.79
20.9,20.32
7.3,6.48
7.3,6.72
27.0,17.33
8.9,11.74
7.3,8.76
6.1,6.66
10.5,11.1
13.0,11.47
6.1,5.55
8.1,9.83
4.1,4.45
6.1,8.32
10.0,11.32
5.3,6.74
5.5,5.21
12.9,16.34
6.5,10.84
16.0,16.74
2.5,5.76
21.0,19.65
2.9,6.12
7.7,8.39
8.1,7.68
5.3,6.93
10.9,13.1
5.5,6.63
9.7,10.12
7.5,8.98
9.0,8.95
7.7,9.59
15.0,13.05
7.7,7.25
14.0,12.49
6.9,9.13
6.5,6.19
12.5,14.53
5.3,6.91
18.1,20.97
4.0,3.68
10.0,7.84
9.0,9.35
4.5,4.91
7.3,8.55
8.0,7.85
12.0,11.24
11.3,11.94
6.5,7.03
10.5,10.85
8.9,6.44
4.1,5.65
20.1,16.81
8.5,8.58
7.7,8.98
27.3,29.92
2.9,4.18
5.3,4.8
21.0,19.04
17.3,18.41
6.1,5.15
10.6,10.96
9.5,11.13
6.9,7.89
5.7,8.59
30.5,22.19
5.5,14.87
57.33,51.3
6.1,7.72
45.0,53.64
10.5,10.58
5.0,5.05
7.3,7.65
10.9,11.03
17.0,17.66
5.1,4.74
6.5,6.75
13.7,14.47
17.5,16.82
9.5,8.22
6.5,6.21
9.3,11.01
6.5,6.23
11.0,9.46
57.33,53.48
10.1,10.76
7.0,5.06
3.7,4.44
18.0,12.71
11.7,10.83
10.0,7.93
13.0,10.63
13.5,11.38
21.7,24.18
4.9,5.88
14.1,17.29
10.0,8.26
15.3,17.34
6.5,5.79
8.5,5.46
10.1,10.12
4.5,4.53
11.0,10.95
4.9,7.44
5.7,5.2
5.0,5.06
4.0,4.41
14.1,16.92
6.9,7.82
20.5,17.52
5.3,7.26
7.7,11.07
13.5,16.02
4.9,6.96
7.0,7.22
5.3,6.06
7.0,7.59
6.9,9.07
6.9,6.58
8.1,7.85
36.8,30.99
12.0,10.12
31.7,7.82
18.5,20.38
8.1,8.18
16.0,10.34
23.0,17.8
10.5,10.87
5.3,5.13
5.0,6.51
10.5,7.44
4.5,5.42
6.0,5.75
7.5,5.45
6.1,7.63
6.9,7.71
5.3,6.6
7.5,9.94
7.3,7.95
10.9,14.31
26.9,32.68
17.5,18.25
4.5,5.09
10.9,11.05
6.0,5.1
10.5,11.92
8.0,11.82
3.5,5.37
7.5,9.28
23.5,19.23
7.0,7.17
6.5,7.35
6.5,6.65
15.0,14.75
10.5,7.64
8.5,10.44
5.3,6.63
5.3,5.66
6.5,11.05
9.0,10.28
11.5,11.06
12.5,7.3
36.33,36.17
6.1,4.78
19.0,15.93
13.0,11.99
8.0,5.09
8.1,10.19
14.1,10.97
10.1,11.27
4.9,4.7
27.0,24.99
12.5,7.84
5.0,5.27
4.1,5.77
4.5,3.58
8.1,9.64
6.1,6.79
5.5,6.06
49.8,55.36
7.7,8.63
14.0,11.59
9.0,7.46
19.7,15.91
7.5,7.3
11.7,12.31
4.9,4.29
8.2,8.98
8.0,8.49
7.7,9.95
13.0,9.77
10.0,10.23
8.5,8.95
8.5,8.63
16.5,19.67
6.9,9.46
8.5,8.51
18.5,18.5
13.5,4.96
56.8,26.77
6.9,8.0
12.0,11.14
22.1,26.66
10.5,12.07
4.9,15.83
10.1,11.94
9.7,9.44
4.9,4.75
5.3,6.82
10.5,11.54
9.0,9.53
19.5,18.42
7.0,6.96
10.5,11.53
8.1,8.67
27.3,20.5
5.5,5.82
27.3,35.34
5.3,7.42
5.7,5.48
6.1,6.17
9.0,9.54
30.0,23.48
14.0,11.56
8.0,9.46
25.0,20.42
13.7,13.12
67.5,65.94
9.7,8.03
4.5,6.3
7.0,7.69
5.3,6.67
11.3,14.17
7.0,4.53
6.9,17.38
9.0,7.58
12.0,10.61
10.5,8.48
9.0,8.4
4.1,4.52
18.0,13.49
33.0,32.8
22.9,26.79
16.9,14.03
8.0,7.29
4.1,4.41
6.5,7.88
6.9,7.14
11.0,9.98
9.5,9.5
4.9,6.05
8.0,6.9
49.57,24.88
23.3,24.59
13.3,12.3
16.5,19.67
7.7,10.07
8.0,8.32
39.33,27.72
4.1,36.94
20.0,15.46
14.9,16.31
6.1,9.77
4.5,4.44
6.0,5.93
5.3,10.59
6.9,7.55
13.7,17.15
7.3,10.33
10.5,12.16
12.9,15.39
10.1,10.08
5.7,8.08
5.7,8.54
4.1,4.63
8.1,8.35
15.0,14.4
5.0,5.13
4.1,5.85
13.5,12.77
4.0,8.65
10.5,13.37
4.9,6.85
9.7,10.5
14.0,10.38
9.5,13.55
9.0,9.64
8.1,10.28
4.5,6.65
6.1,7.06
14.0,8.18
11.7,14.54
22.5,15.88
20.9,22.62
13.3,17.33
7.5,6.73
8.1,8.95
8.5,7.93
7.3,4.54
13.7,13.58
57.33,52.05
15.7,20.28
5.5,3.77
6.5,5.93
8.1,8.46
8.0,11.18
5.7,6.75
7.7,7.93
3.7,4.39
6.1,6.77
57.33,49.27
49.8,52.19
10.5,4.27
6.5,6.53
13.0,12.39
6.5,6.46
12.5,13.24
4.1,4.83
4.5,5.16
5.5,3.12
8.5,7.24
37.5,35.83
6.5,6.22
5.3,5.81
13.5,13.64
4.9,7.88
5.0,5.67
9.5,8.06
4.5,5.88
11.5,11.92
8.5,9.07
45.0,10.17
3.0,4.16
35.83,32.64
6.5,6.67
5.5,5.65
11.5,8.22
3.7,4.49
25.7,31.14
12.1,14.89
5.3,7.32
8.1,9.29
6.5,6.87
28.67,35.0
6.0,5.27
6.9,8.19
10.5,9.29
6.5,6.01
4.5,4.78
5.7,6.23
15.3,11.43
10.1,7.19
3.5,5.38
10.1,10.99
5.5,6.1
10.5,8.36
10.5,12.78
12.5,11.35
8.5,8.13
57.33,10.79
4.1,4.53
3.5,5.37
6.5,6.14
13.0,12.95
10.0,7.94
5.7,7.53
9.3,8.26
6.9,8.47
3.7,4.61
23.5,10.06
9.0,5.68
9.7,10.85
57.33,52.25
6.1,6.55
7.3,7.08
20.9,20.93
6.9,8.14
7.3,8.1
13.3,14.12
5.5,6.09
28.1,39.9
6.9,6.95
20.1,23.4
11.0,10.1
8.1,8.11
22.5,24.21
7.7,8.91
5.7,6.18
9.0,8.46
16.0,13.26
5.5,5.69
18.1,21.85
3.7,3.9
6.5,8.35
11.5,10.83
11.3,10.47
5.0,5.12
5.3,6.29
5.3,6.88
49.8,10.56
13.7,15.38
5.3,6.2
10.5,7.64
28.33,23.57
6.9,7.94
9.5,7.6
24.5,16.42
7.5,10.28
9.0,8.12
12.5,6.93
17.3,16.98
4.1,6.1
16.1,18.39
4.9,5.79
6.0,5.9
5.5,6.28
4.5,6.24
6.5,8.3
11.3,12.88
12.5,22.11
9.3,11.96
57.33,53.48
7.7,8.98
5.0,4.96
4.1,5.56
9.0,7.29
10.5,9.33
6.0,4.73
5.0,4.28
8.5,8.68
7.3,6.56
14.0,11.81
19.5,16.37
28.67,32.49
39.33,34.63
7.7,9.5
3.7,3.51
6.0,5.55
4.9,5.49
5.3,5.98
4.9,6.39
10.5,5.99
8.9,9.76
10.1,14.39
22.1,27.83
7.0,6.23
10.0,10.62
10.5,9.29
8.5,9.28
15.0,12.48
4.1,5.34
5.5,5.38
6.0,6.54
6.5,5.64
19.0,17.75
5.7,7.67
14.5,20.68
10.9,11.34
14.5,11.71
16.1,5.94
16.0,14.57
11.7,13.17
12.5,12.52
5.3,6.92
11.5,11.69
27.33,28.01
10.5,8.76
30.5,34.0
10.0,9.96
3.7,5.7
6.0,6.15
12.5,12.51
19.5,19.86
12.1,23.59
5.3,5.59
9.5,5.89
10.0,9.89
5.4,5.21
32.5,34.06
12.5,6.17
8.1,6.44
5.0,5.35
8.0,7.95
13.0,11.82
13.5,13.13
4.5,4.28
30.9,12.37
7.7,22.34
11.7,11.77
4.1,5.74
8.5,8.89
8.0,4.5
4.1,5.46
11.3,8.31
10.0,9.38
11.7,14.45
49.83,37.89
19.8,18.37
4.1,4.65
8.5,8.7
13.3,14.15
4.5,6.03
9.5,9.67
4.9,5.19
9.3,11.85
6.5,8.76
11.0,8.25
42.0,27.61
16.9,14.6
5.3,7.26
8.9,12.29
4.9,6.7
7.3,8.68
16.0,11.6
18.0,15.11
9.7,10.31
5.0,5.5
7.0,7.87
12.0,9.88
12.1,14.79
4.0,5.59
49.3,40.83
11.5,12.65
6.1,6.69
10.5,23.47
8.9,9.97
12.5,12.21
4.9,4.53
24.0,10.26
5.7,6.27
94.95,14.28
7.3,10.4
7.5,7.53
6.0,5.61
11.3,12.02
7.5,6.0
3.7,6.34
5.5,10.33
21.5,18.86
2.9,9.26
45.0,52.61
6.0,5.34
4.5,5.15
17.5,14.84
6.0,6.16
39.3,34.1
7.7,7.99
31.3,33.71
3.7,4.37
11.5,10.49
12.1,13.53
6.5,6.8
14.6,18.09
4.0,5.31
8.0,7.76
8.9,10.38
14.0,14.03
10.5,10.34
12.0,13.1
5.5,6.57
5.7,8.45
4.1,5.4
9.5,9.67
24.0,22.76
3.3,5.11
18.0,17.89
7.7,9.45
33.83,33.4
9.7,11.17
34.5,25.7
9.4,10.5
4.1,4.21
6.0,7.24
7.7,7.78
7.5,7.28
6.1,5.43
16.0,13.79
3.7,4.56
7.7,8.92
14.5,13.52
2.9,3.84
9.0,7.6
16.5,23.88
4.9,4.13
7.3,8.39
9.5,8.66
11.0,9.57
4.9,6.21
29.33,28.12
9.0,7.7
5.7,6.94
11.7,11.82
4.1,4.82
36.5,38.58
3.5,4.95
8.9,10.39
9.7,10.33
9.0,8.27
29.7,37.26
12.5,33.72
5.3,7.87
15.3,16.5
49.8,35.25
10.5,11.31
4.5,6.02
6.1,7.34
4.9,4.88
9.5,7.87
4.1,5.91
7.5,8.4
5.3,7.24
9.3,10.44
9.3,4.6
12.5,9.48
7.7,8.58
6.5,7.05
8.9,10.27
6.5,7.86
6.5,5.07
4.0,4.22
5.3,6.33
9.3,8.76
10.5,10.13
6.5,8.28
8.1,8.48
7.5,6.41
6.1,6.81
11.5,10.98
8.1,7.5
4.9,5.25
36.5,50.12
18.9,18.26
20.5,22.88
6.9,7.37
4.9,5.89
8.9,9.98
11.5,13.48
10.5,10.54
8.1,9.14
15.5,11.96
4.5,4.62
21.5,13.07
13.0,10.24
9.7,11.39
10.1,9.2
7.5,14.32
8.9,8.88
8.5,7.14
23.5,13.79
5.7,5.68
7.3,8.63
7.1,5.84
4.1,12.93
7.7,8.21
4.6,3.8
6.5,5.27
9.7,9.64
7.3,8.01
8.5,7.09
4.5,5.49
7.5,6.53
11.0,9.21
7.3,6.82
10.0,8.7
12.5,13.87
14.1,18.58
13.5,13.73
5.5,4.36
16.5,14.66
4.1,4.59
10.5,9.61
5.0,5.74
5.7,8.68
15.3,13.05
15.0,12.56
5.0,6.19
6.5,6.1
3.5,5.38
12.5,9.2
15.5,14.81
7.3,11.79
16.0,13.44
14.0,10.59
8.5,7.29
6.5,5.95
6.5,6.71
4.5,5.72
4.1,5.17
9.3,9.65
9.0,8.42
5.3,6.69
8.0,7.55
4.5,3.85
8.9,7.41
41.83,32.54
14.9,13.69
3.7,4.58
6.9,8.5
19.7,19.69
4.5,4.75
57.33,55.53
10.5,6.83
9.3,8.57
6.0,5.92
5.0,5.48
7.0,7.88
7.5,6.25
9.0,10.54
17.5,11.79
7.0,6.54
10.0,8.87
4.5,6.29
7.3,9.32
13.5,13.09
5.9,6.07
29.9,29.55
8.9,6.9
9.5,9.24
7.1,7.45
5.7,5.49
6.9,6.88
37.83,34.47
7.5,7.62
13.5,11.39
8.0,6.39
12.5,11.99
13.0,9.74
8.5,11.93
18.5,19.59
14.5,10.72
5.5,5.64
35.83,28.95
23.5,24.79
11.5,11.17
13.0,12.79
8.0,7.74
10.9,10.64
4.0,4.26
3.7,6.47
4.9,6.13
6.5,7.29
5.7,5.23
7.3,9.55
4.1,4.61
9.3,8.95
4.1,45.96
9.5,10.41
7.7,10.5
13.0,9.45
8.0,7.52
14.5,18.49
10.1,11.56
4.9,5.72
4.5,6.45
6.0,6.46
10.0,7.34
14.9,17.24
6.0,6.84
10.0,10.7
6.5,6.89
10.0,8.03
7.5,6.65
12.1,16.63
13.9,14.66
14.5,8.6
6.1,6.57
19.5,16.87
4.5,5.33
8.7,7.91
10.5,9.32
22.5,22.56
14.9,19.5
8.9,12.32
9.3,9.17
10.5,10.55
9.3,11.01
9.0,8.42
13.7,10.36
3.7,4.39
5.5,5.5
5.0,5.51
11.3,12.21
6.5,6.0
8.5,6.69
28.0,10.25
7.0,7.9
13.3,10.06
9.0,9.04
9.3,8.86
11.5,9.54
4.1,5.7
7.3,10.35
8.5,7.93
8.9,9.42
10.0,8.66
8.5,9.4
14.5,18.71
11.5,12.73
3.5,5.29
13.3,13.65
7.9,7.04
6.0,4.41
10.9,12.14
7.0,6.61
17.0,17.4
8.9,8.77
9.7,7.09
6.5,6.87
5.7,5.99
4.9,6.01
12.9,13.06
10.5,10.47
8.1,9.29
7.3,7.6
9.0,8.05
6.5,7.44
8.0,8.29
4.0,4.38
9.3,11.79
8.9,12.4
7.5,8.69
6.5,7.33
4.5,5.21
7.7,7.08
6.5,6.72
6.0,4.94
8.0,7.7
4.5,6.34
8.5,9.19
8.5,10.54
4.9,6.41
54.0,54.72
11.0,12.74
22.0,22.27
6.5,6.11
9.0,8.5
5.7,6.32
4.5,20.66
15.7,23.34
36.33,36.32
9.5,11.53
20.0,19.66
7.3,8.57
8.9,15.25
6.1,6.71
9.3,12.89
19.5,13.54
34.8,32.32
8.1,10.07
6.1,6.89
6.9,6.84
6.1,6.88
8.1,10.72
3.7,5.32
6.0,6.46
12.5,10.32
21.7,5.98
18.1,18.94
8.1,7.8
4.9,5.63
12.0,13.14
20.0,14.2
9.3,11.09
19.87,21.47
6.0,7.2
12.9,15.62
14.0,12.96
6.9,8.72
3.7,5.01
4.9,9.25
6.9,7.19
10.0,7.87
5.7,7.97
52.0,51.8
8.5,8.49
4.9,6.46
6.1,6.78
6.5,7.29
4.9,6.98
12.9,7.55
34.5,24.07
18.5,10.42
17.0,18.55
3.7,5.49
8.5,10.26
8.5,7.98
9.5,9.04
5.7,8.14
12.0,9.76
5.3,6.88
7.3,10.8
9.3,10.08
12.0,11.51
6.0,5.95
11.3,13.75
8.9,9.02
37.7,40.38
3.5,3.68
6.5,6.97
6.9,5.83
11.3,13.89
7.5,6.59
6.5,6.69
32.83,28.84
4.5,5.2
4.5,6.17
5.7,7.03
12.9,14.1
28.0,23.13
6.1,6.1
16.1,13.94
6.5,6.51
11.0,12.3
7.5,6.53
11.3,12.22
12.5,12.42
4.9,6.98
10.5,8.9
21.0,15.25
19.5,16.45
10.5,13.18
26.5,19.81
8.0,5.09
19.0,14.63
10.1,14.15
9.0,8.67
8.0,8.64
15.3,17.12
11.5,9.63
12.9,18.37
9.3,12.47
8.5,8.71
47.83,37.26
4.5,5.68
25.5,23.7
8.5,8.55
7.7,8.74
6.1,7.34
4.1,10.86
12.5,14.07
14.9,16.94
6.5,6.84
17.0,15.94
8.1,9.63
8.5,9.58
8.5,8.91
36.0,26.99
6.1,6.07
5.0,4.37
3.7,4.48
5.5,5.99
8.0,7.36
4.5,4.76
34.0,7.0
8.5,9.02
17.5,12.43
6.1,6.89
11.7,12.62
26.9,27.66
11.5,9.95
9.0,9.91
10.5,11.06
8.1,9.53
12.0,12.37
5.0,4.54
7.5,8.58
6.9,7.21
8.5,6.62
9.5,8.53
5.0,6.04
7.0,8.5
7.0,6.34
13.3,14.74
6.0,8.24
5.5,11.43
5.3,6.53
10.5,12.35
7.5,7.64
11.3,11.16
12.9,49.89
8.5,9.77
10.1,13.21
6.9,8.61
10.9,14.53
5.3,4.99
5.5,5.79
6.5,9.2
9.0,8.7
3.7,4.75
17.3,21.74
6.5,5.51
4.1,11.19
13.5,13.35
4.1,4.54
6.5,10.67
4.5,6.17
17.5,15.9
26.0,24.88
10.5,11.3
11.5,9.7
10.9,12.49
23.3,31.09
9.7,10.32
18.5,15.9
13.0,11.91
6.5,5.71
4.1,6.81
6.5,6.15
8.5,8.3
4.5,4.91
7.0,7.79
4.9,4.61
11.3,12.07
9.0,8.8
7.5,6.12
12.5,10.43
18.5,17.05
24.5,26.53
7.0,7.94
23.83,13.63
9.3,9.99
26.5,27.97
7.0,7.43
10.0,9.56
5.5,4.64
4.5,5.3
20.1,7.17
8.1,9.16
28.1,26.24
7.3,10.12
11.0,10.62
5.0,6.23
5.5,5.71
11.5,7.65
6.5,7.09
12.5,14.41
7.5,8.33
8.1,7.61
18.1,18.47
12.1,12.82
22.0,20.35
10.0,7.65
14.5,11.76
8.1,10.22
7.0,7.25
20.1,19.08
7.0,6.97
6.9,13.39
5.0,6.4
10.5,10.11
6.1,7.12
12.0,12.16
23.5,19.77
8.5,8.28
49.8,52.48
42.33,35.52
5.7,5.23
6.9,6.99
13.0,10.6
7.5,7.14
14.9,16.05
10.9,11.54
6.0,7.77
9.0,8.41
8.1,9.84
14.1,15.28
5.5,4.74
6.5,6.08
16.9,17.25
14.1,13.02
6.1,6.98
12.9,13.73
9.0,8.39
8.5,9.38
5.7,5.57
20.0,14.67
4.1,5.4
8.5,8.38
7.3,6.57
8.5,6.95
40.9,49.92
27.3,24.36
9.5,6.64
10.0,10.52
10.5,12.08
11.5,10.87
8.0,9.45
18.9,20.93
14.9,15.1
8.9,9.53
11.7,7.16
9.0,8.87
7.0,7.41
10.5,8.88
8.9,11.99
6.5,12.24
10.1,4.77
5.7,5.03
10.5,7.54
5.5,5.01
49.8,55.4
13.3,14.91
15.0,11.58
4.5,4.71
12.5,14.72
17.5,10.16
7.0,7.28
7.3,8.24
6.5,6.69
7.4,7.39
19.0,14.29
9.0,10.49
17.3,18.5
10.5,8.73
23.3,21.54
19.7,33.2
5.7,5.54
16.0,13.11
14.0,9.96
7.0,6.26
14.0,13.47
20.1,24.04
8.0,8.32
10.9,12.06
29.33,24.6
6.5,6.99
4.1,5.18
5.3,5.99
19.5,20.85
20.0,18.04
4.9,4.81
25.0,17.69
12.1,16.83
12.9,12.65
5.5,5.25
8.9,11.04
4.9,4.62
4.0,4.24
11.5,6.63
6.0,6.42
12.1,14.0
8.5,11.18
7.0,4.85
17.3,16.88
4.5,5.42
8.1,8.46
12.5,10.68
5.0,5.73
8.1,9.25
18.5,17.8
14.5,8.99
4.1,4.85
5.5,6.64
8.5,10.44
5.0,4.57
7.7,8.96
11.0,9.06
7.7,9.51
23.0,14.81
8.9,11.92
7.7,13.41
12.5,14.32
6.5,6.97
41.8,44.13
32.5,27.04
3.7,4.78
4.1,4.79
5.5,6.53
8.1,10.26
8.0,5.23
7.0,7.88
5.5,10.16
5.5,5.38
35.3,31.52
12.1,13.39
7.7,9.51
9.3,5.87
4.5,4.21
7.3,9.24
6.9,8.06
9.5,9.95
3.3,5.67
6.1,7.05
10.1,9.83
11.0,13.68
10.0,8.86
21.3,27.39
22.1,21.22
7.3,7.92
5.0,6.63
8.1,10.58
9.4,8.22
6.5,8.31
8.5,11.4
16.0,12.66
6.5,5.33
24.9,25.37
16.1,15.48
17.7,15.3
8.9,11.53
14.9,17.24
17.0,17.53
8.5,11.16
4.0,4.68
6.5,6.12
7.7,9.03
4.5,5.91
8.9,12.18
4.9,6.18
8.1,9.79
8.0,10.37
5.7,5.13
8.1,8.88
13.5,13.64
7.5,7.51
39.8,33.59
4.9,8.3
5.7,5.7
9.5,7.49
15.3,16.7
6.1,8.3
31.5,13.53
16.9,14.14
5.0,4.9
3.7,4.21
4.5,4.86
5.5,8.78
49.8,52.76
17.7,17.92
8.1,8.02
16.5,18.75
4.9,7.14
8.5,10.07
8.0,9.08
7.5,6.64
9.3,11.33
7.3,6.7
16.5,9.19
11.3,13.96
8.6,7.56
8.1,3.95
2.5,5.97
7.7,11.4
23.5,15.53
9.0,8.62
7.3,8.45
4.5,5.02
13.0,11.2
10.5,11.41
25.7,27.23
8.1,7.71
5.3,12.61
8.5,5.38
6.0,6.48
4.1,6.11
7.3,6.55
6.0,4.56
15.3,19.28
12.5,12.17
25.5,20.92
6.9,8.37
16.5,19.51
4.5,4.8
10.5,8.98
6.9,8.01
5.7,5.5
18.9,17.92
8.9,8.67
4.5,4.32
12.0,14.33
6.5,7.2
3.7,4.83
5.3,5.03
8.5,9.11
4.5,4.8
48.0,44.3
17.5,14.61
5.3,6.32
6.0,5.55
6.5,6.74
8.1,8.84
7.3,9.1
6.0,7.21
7.0,5.7
6.1,6.78
4.9,6.15
4.5,5.2
6.1,8.58
4.9,5.88
8.5,8.79
5.5,6.47
4.9,5.63
6.9,8.23
9.5,9.42
12.0,13.17
7.7,7.44
10.9,10.37
12.0,11.11
5.5,3.82
33.8,32.16
7.3,10.38
28.9,32.57
25.3,32.64
7.3,8.5
8.1,8.95
7.3,7.05
14.5,11.77
6.1,6.49
15.0,16.28
12.5,10.23
5.3,11.9
6.1,5.89
13.7,11.66
10.5,9.27
7.5,9.79
8.5,6.91
5.5,5.68
3.3,4.65
10.1,11.46
8.1,10.1
30.27,31.3
5.5,6.18
8.5,9.84
11.7,10.63
5.0,4.74
28.0,20.52
12.5,11.45
16.1,17.69
5.3,7.08
4.5,4.7
7.0,6.46
13.0,14.18
6.0,7.04
8.5,7.11
4.1,5.14
7.5,7.13
15.5,14.05
10.0,11.23
24.1,27.1
4.9,6.76
15.0,8.77
9.7,10.1
8.9,9.74
12.5,10.99
3.5,5.39
4.5,5.2
4.9,6.35
10.0,7.46
5.0,5.19
4.5,6.39
7.0,5.6
11.7,13.45
6.5,5.99
8.0,10.4
24.0,14.73
18.1,20.5
6.9,7.69
20.5,9.89
8.0,6.97
11.3,11.56
27.3,30.79
11.0,11.08
6.5,7.99
8.5,6.49
5.0,4.55
18.5,17.21
7.3,9.8
15.5,13.18
8.5,9.85
6.9,7.69
4.5,4.99
3.7,4.16
9.0,7.85
30.27,30.58
22.0,25.06
8.1,9.12
3.3,5.37
3.7,5.87
15.3,12.4
7.0,7.72
4.5,4.82
41.5,33.08
6.1,7.65
3.3,3.45
11.7,12.59
8.5,8.17
9.3,11.09
10.5,10.28
12.5,10.53
21.5,17.41
8.0,6.91
7.5,7.72
6.1,7.25
19.3,17.86
4.5,4.81
4.1,10.29
4.5,6.0
7.3,10.1
11.8,10.54
5.3,7.18
4.5,9.55
8.9,6.07
17.5,15.34
8.6,9.08
49.8,48.37
21.3,22.73
5.3,5.97
5.7,7.31
48.65,66.11
5.7,6.99
11.7,14.31
4.5,4.9
6.9,9.82
7.3,6.76
8.1,9.15
19.5,17.83
10.5,9.3
6.5,5.89
7.3,9.27
5.0,5.58
7.3,9.09
17.5,18.21
16.1,17.05
5.3,6.28
7.3,8.49
8.1,9.69
8.0,8.71
4.9,6.74
8.9,9.71
24.5,28.53
3.7,5.2
6.0,4.62
7.0,6.62
12.5,9.53
8.0,7.59
23.07,23.83
15.0,15.7
26.83,22.13
15.3,18.0
10.0,7.75
5.3,16.98
12.0,9.33
14.0,10.92
5.3,5.16
6.9,6.54
15.5,16.81
8.1,6.41
14.0,10.56
7.3,5.95
5.7,6.12
9.5,9.97
5.0,4.69
6.0,5.42
5.7,5.01
3.7,4.81
49.8,52.2
11.7,11.66
6.5,5.04
9.0,6.26
8.9,6.91
3.3,4.67
4.0,5.77
5.7,7.03
6.5,8.58
6.0,6.99
22.0,17.75
7.5,6.95
6.1,8.08
6.5,6.01
6.5,5.5
10.0,12.53
11.7,11.38
9.3,7.07
10.9,12.67
9.5,7.18
5.7,5.75
4.9,6.02
9.5,7.61
8.9,12.47
12.5,12.48
8.9,10.17
5.0,5.28
4.5,5.39
9.3,13.18
52.0,50.76
4.9,6.63
8.1,8.85
62.5,57.28
4.1,5.97
8.0,8.6
6.5,8.27
6.1,7.67
14.5,10.3
4.1,4.58
20.5,20.34
5.3,6.43
10.1,10.73
5.7,5.77
4.0,4.81
6.9,8.15
6.5,7.27
11.3,13.88
10.5,9.63
14.5,12.37
4.5,4.62
5.7,7.11
7.5,6.87
13.0,9.22
7.0,6.13
16.5,13.14
5.0,4.65
6.5,6.49
7.3,6.74
52.0,52.03
8.5,10.03
8.5,7.01
8.0,7.84
11.7,11.04
7.0,8.24
5.0,5.01
6.9,6.67
11.3,12.81
11.3,12.46
8.5,8.59
6.9,9.38
22.9,10.94
44.33,43.66
9.7,7.24
4.5,5.45
19.0,16.37
9.7,7.19
10.5,11.59
3.7,4.77
3.7,4.69
4.1,4.88
13.0,9.64
5.7,6.84
10.5,10.11
4.9,5.77
15.5,11.57
8.0,8.45
4.1,5.68
5.7,6.27
6.1,8.01
5.3,15.2
7.5,10.81
9.0,10.59
5.0,4.89
4.1,4.19
12.5,13.7
15.3,14.57
7.5,7.85
5.7,5.02
15.5,15.7
5.0,5.95
8.1,8.46
10.5,11.37
4.5,6.15
9.0,9.33
10.5,10.74
11.5,11.33
4.1,5.37
8.0,8.07
3.7,4.29
11.3,11.4
13.0,10.68
12.1,12.89
8.1,8.19
8.0,7.85
4.0,5.32
9.3,9.33
5.3,6.05
13.7,15.51
6.1,7.4
5.5,4.45
5.0,7.26
8.5,10.11
11.3,16.08
4.5,5.71
13.5,11.86
6.5,7.53
3.0,4.12
5.0,4.72
5.5,5.68
8.5,6.05
10.1,10.82
10.0,10.54
4.5,4.68
4.0,5.03
9.0,10.75
17.0,16.31
8.5,7.61
7.0,6.54
27.87,31.24
11.3,14.14
14.5,14.81
6.5,9.47
8.5,8.89
6.1,8.18
5.0,5.37
18.0,16.71
8.9,10.51
5.5,6.39
18.1,21.51
4.9,6.14
47.54,39.76
23.47,29.73
4.0,5.74
4.0,4.1
8.9,10.81
88.0,36.45
6.5,8.83
8.9,10.72
17.5,14.8
4.5,4.78
14.1,13.18
6.5,8.35
6.0,6.29
6.0,5.95
7.7,7.88
4.9,5.92
7.0,6.68
6.5,7.53
5.5,11.36
26.5,30.09
9.7,10.51
9.3,10.97
4.0,4.43
6.9,6.28
9.0,8.37
6.1,5.6
22.0,16.4
11.3,13.62
10.0,8.11
11.7,12.45
5.0,7.29
7.0,7.89
5.5,5.98
23.0,15.3
10.5,10.88
5.7,6.01
6.5,6.32
4.5,4.83
12.5,10.13
18.1,17.94
4.0,5.63
20.0,18.24
6.9,7.31
7.7,7.68
4.5,6.45
6.5,4.88
11.5,8.92
12.0,7.96
4.5,7.0
7.7,8.68
2.5,26.85
7.3,7.49
5.7,9.27
5.5,5.66
6.1,5.68
10.0,11.72
14.9,14.67
4.1,4.58
6.0,14.2
8.5,9.05
16.0,12.16
10.9,12.21
8.1,10.1
7.7,7.91
5.5,5.2
5.7,5.93
12.9,15.02
6.0,6.98
5.0,5.24
10.5,8.81
7.0,6.81
4.5,7.16
7.3,7.82
10.0,9.04
6.5,5.93
6.9,8.59
22.0,21.26
14.9,17.1
8.0,7.65
12.1,10.66
4.9,5.94
3.5,6.2
9.0,9.99
38.83,37.42
7.3,7.41
15.3,9.59
12.9,16.21
12.0,11.37
52.0,52.09
8.5,8.48
15.7,9.76
3.5,4.59
6.1,7.15
21.3,12.63
8.0,6.3
10.0,9.19
8.1,8.99
5.3,8.07
4.9,4.87
7.0,5.47
4.0,5.92
11.3,11.05
7.0,6.45
3.7,4.14
9.0,9.18
12.5,13.64
15.5,13.28
9.5,8.87
8.9,12.14
12.5,9.91
8.5,8.53
5.7,5.96
4.1,5.96
3.3,5.07
8.0,8.42
10.5,11.34
7.3,9.41
9.7,10.23
2.5,8.35
7.0,6.84
7.3,8.26
15.5,13.88
12.5,9.72
5.0,6.19
15.3,15.02
12.1,14.55
11.5,11.74
12.0,10.56
4.5,6.19
6.9,7.18
3.3,4.63
12.9,13.17
18.5,14.98
8.5,10.61
4.0,4.99
25.5,18.87
27.7,33.7
5.5,3.85
38.5,39.39
6.9,7.74
6.0,6.28
6.5,6.08
52.0,49.99
7.5,5.87
17.5,18.97
49.8,52.53
26.67,29.32
13.3,12.68
6.5,7.16
4.5,5.79
5.5,6.01
20.8,11.58
28.04,32.36
3.0,4.98
5.5,10.09
10.0,9.21
5.0,6.06
7.7,7.77
2.9,12.78
14.1,15.11
6.9,10.39
5.3,7.25
7.5,11.77
5.7,6.34
7.3,7.59
6.9,7.83
15.3,13.04
10.1,8.11
14.1,16.53
15.0,14.05
4.5,5.74
8.5,7.37
23.5,26.8
7.7,10.03
4.0,3.89
4.9,6.22
15.7,16.91
6.1,7.88
8.0,24.2
7.5,9.98
7.3,9.53
20.0,10.22
9.0,8.53
6.0,5.45
4.5,6.31
4.5,7.98
57.33,20.58
7.3,7.61
25.87,27.92
4.1,5.32
7.0,11.61
6.9,5.66
6.1,6.23
8.2,7.54
87.0,67.33
52.0,50.46
6.1,8.43
4.5,4.97
8.0,6.09
30.04,21.96
4.1,5.37
9.7,9.31
14.0,15.17
11.7,10.89
7.7,9.38
57.33,49.81
17.0,6.66
4.5,6.03
10.0,8.15
7.3,8.14
6.9,7.79
16.0,12.6
6.0,6.87
5.3,5.9
6.1,7.22
4.9,6.43
8.5,6.19
7.7,10.09
11.5,13.74
8.1,9.27
5.0,5.56
2.5,8.29
4.5,6.45
6.9,9.54
13.3,15.46
6.5,6.42
12.0,13.27
7.3,9.79
10.9,11.71
4.9,5.63
8.9,9.65
7.0,5.4
5.3,6.22
12.1,12.18
9.3,10.5
6.5,9.51
28.1,30.7
5.7,8.59
14.5,16.26
6.9,8.97
6.0,7.6
21.5,21.51
11.3,12.14
8.5,7.76
5.7,6.09
4.9,9.39
3.0,8.39
6.1,6.42
49.8,50.05
6.5,7.24
26.0,20.13
4.1,4.69
5.7,6.76
6.9,8.65
7.7,9.1
11.3,12.88
6.5,7.61
12.9,14.93
10.0,8.95
10.1,11.35
6.5,8.77
11.5,7.47
7.0,6.39
6.9,9.67
12.0,13.76
19.3,20.64
12.5,9.07
5.3,5.94
8.1,6.66
8.3,7.35
8.5,10.12
9.3,12.37
6.9,7.44
11.3,10.23
33.3,32.81
10.1,11.02
7.7,5.38
4.5,11.47
4.1,6.86
10.1,13.21
12.5,16.2
10.5,10.44
21.5,21.14
2.9,5.52
6.5,6.94
15.0,7.37
18.5,16.46
8.5,7.89
22.9,23.48
10.1,12.26
10.5,9.77
51.0,50.96
11.5,11.71
9.5,7.89
8.1,6.13
10.0,10.48
9.7,9.91
31.5,33.71
26.0,14.58
8.1,7.95
16.0,11.4
6.5,7.98
14.5,16.62
4.9,5.3
7.7,8.61
4.9,6.0
6.9,7.02
5.5,5.7
28.67,30.94
7.0,7.52
2.9,9.72
58.5,56.13
9.5,7.58
5.3,4.93
8.5,9.38
8.1,10.02
12.0,7.72
4.5,5.33
9.3,10.45
7.4,6.72
9.0,7.86
10.5,10.39
4.0,4.32
8.5,7.02
16.0,15.03
9.3,11.34
19.0,13.72
9.3,9.87
29.7,31.83
11.3,12.9
17.5,9.29
4.9,5.71
24.0,16.98
6.5,8.27
68.0,6.29
15.5,12.81
19.5,20.77
5.0,4.39
9.0,9.24
17.5,13.97
9.5,6.6
50.33,36.26
4.5,6.8
4.5,9.17
3.0,4.47
8.0,7.35
4.1,5.62
4.9,11.72
5.7,12.66
18.5,15.95
11.3,13.57
6.5,6.99
10.5,9.76
31.5,29.23
29.5,31.02
7.7,10.81
8.5,9.34
6.5,6.6
12.0,10.43
27.3,23.73
21.0,19.99
16.0,15.31
8.9,10.63
4.5,5.49
6.5,7.2
12.1,11.84
8.0,6.69
8.0,8.2
6.5,5.79
8.9,6.19
9.0,8.46
8.9,9.57
4.1,5.28
50.0,49.04
4.1,5.59
8.9,7.81
13.5,15.44
3.7,3.92
6.5,7.38
10.9,10.6
12.0,9.58
7.0,5.09
6.1,7.36
80.25,69.86
4.9,5.93
10.9,12.13
37.83,32.7
6.5,8.82
11.7,11.26
8.5,10.14
5.7,9.0
9.5,8.15
6.0,6.18
8.5,7.91
6.1,6.36
12.1,12.06
4.9,5.17
18.9,17.0
6.0,6.19
5.5,7.36
16.5,10.73
5.3,5.89
23.5,15.11
6.5,6.13
5.3,6.06
16.5,16.6
7.3,9.2
18.5,16.42
10.0,11.19
11.3,12.38
14.9,9.97
12.5,13.33
4.0,5.77
4.5,10.3
12.0,12.01
5.0,5.94
27.87,31.49
4.5,11.64
7.3,9.69
16.1,17.73
19.5,19.37
11.5,11.23
8.1,10.36
5.5,5.49
14.1,14.53
45.0,46.91
10.9,10.72
8.5,7.03
3.7,5.73
18.67,16.51
21.0,20.62
4.9,7.21
6.0,7.31
5.3,4.81
5.5,5.92
5.3,7.77
7.3,4.79
7.3,10.86
12.5,10.07
12.5,11.84
52.0,50.32
11.7,13.55
3.0,9.83
7.3,8.32
5.7,7.36
5.0,5.76
4.9,4.67
6.5,6.12
16.5,16.32
19.5,16.75
10.1,11.09
8.5,10.44
10.5,11.61
28.9,31.42
6.1,7.85
5.5,5.3
14.1,13.95
2.5,17.39
12.9,11.74
4.9,6.37
8.9,10.25
10.1,10.34
22.9,20.51
13.3,16.7
6.0,6.89
6.1,7.8
4.5,9.16
5.0,5.13
8.1,9.32
31.54,12.75
72.25,75.91
6.1,5.39
8.5,9.06
8.9,10.19
38.9,43.49
12.5,10.2
11.7,15.82
5.7,9.31
5.7,7.34
30.67,33.88
8.5,18.95
15.5,14.23
2.5,8.09
9.0,8.74
10.0,7.16
11.5,10.43
19.7,18.2
3.7,7.5
4.0,5.69
3.7,4.17
4.5,6.48
6.1,6.55
15.5,13.11
4.5,5.88
10.9,12.48
33.83,27.95
19.3,23.62
10.1,10.72
8.5,8.69
6.1,6.9
8.0,14.25
13.0,14.06
5.5,5.93
6.9,6.84
12.0,12.88
6.9,6.69
7.3,6.2
8.0,6.29
8.6,8.79
4.9,7.11
8.9,9.76
8.2,7.77
3.7,4.35
6.5,7.09
30.1,33.63
4.9,6.35
12.1,14.46
29.45,33.43
7.3,9.13
7.7,8.26
6.5,6.93
10.0,9.01
4.9,6.0
4.1,4.99
3.5,4.6
49.8,52.67
4.9,5.41
3.7,3.85
5.7,6.09
4.1,6.32
7.3,8.55
8.5,9.93
18.0,15.33
5.5,6.04
3.5,5.23
9.5,10.82
10.1,10.34
6.9,6.97
3.7,29.37
3.7,5.08
40.5,35.45
5.7,7.69
40.33,35.15
13.5,9.08
12.5,7.96
4.5,5.93
10.9,12.3
8.5,9.33
4.9,5.43
8.5,10.37
6.9,9.17
7.3,9.0
7.7,7.29
50.5,45.41
16.0,13.3
6.1,7.48
35.07,36.18
6.9,7.13
8.0,7.11
14.9,14.02
9.7,9.85
9.5,7.25
4.0,4.05
9.0,7.73
16.9,19.55
27.0,27.5
4.9,7.36
29.6,29.56
6.5,7.24
16.5,14.48
6.5,8.69
8.9,10.29
8.5,8.34
14.5,12.91
19.7,18.21
9.3,11.09
8.5,7.47
5.5,5.9
11.7,12.9
9.4,9.58
4.5,6.47
7.0,6.43
8.0,7.25
6.0,5.07
3.5,4.2
26.4,29.72
7.3,7.51
4.1,5.31
4.5,5.33
17.0,11.36
5.7,6.65
8.0,9.55
5.7,13.31
15.7,10.66
4.9,7.19
7.7,8.25
6.0,7.25
7.0,6.91
8.5,8.67
31.07,35.01
50.5,42.46
10.9,12.48
4.5,6.2
10.0,9.3
4.0,5.59
2.9,13.58
6.5,8.29
13.0,11.93
5.7,8.43
4.5,5.3
8.1,11.59
8.1,7.91
6.9,6.35
27.5,24.98
9.0,7.26
21.0,16.95
11.5,11.15
88.8,50.68
3.5,4.28
4.5,5.23
14.5,12.22
12.9,12.69
6.5,8.04
12.5,14.68
10.0,7.63
4.0,4.5
5.7,7.12
5.3,7.1
10.0,9.32
14.1,15.35
7.0,6.7
7.3,8.89
9.0,7.41
13.5,12.14
10.1,4.74
19.7,19.85
5.7,6.84
16.0,13.23
7.5,1.1
4.5,5.75
8.9,8.52
3.7,4.18
5.0,6.14
6.0,6.38
7.5,7.15
5.5,5.57
4.9,5.48
10.9,11.75
11.7,9.5
13.3,16.03
16.0,15.55
13.0,10.37
5.3,6.56
12.9,15.81
52.0,53.59
4.0,5.15
11.5,9.94
9.5,9.51
9.5,7.72
14.5,15.06
4.9,10.68
13.5,15.02
14.0,14.03
6.5,5.8
6.9,6.0
13.5,11.56
9.3,7.06
25.94,25.89
5.0,5.03
4.1,4.8
10.1,11.04
15.5,11.75
11.5,13.03
14.9,16.95
12.0,10.46
22.0,19.83
6.1,6.03
36.5,11.33
3.7,5.07
8.1,9.42
25.7,32.52
8.5,11.82
9.3,11.02
15.0,12.75
7.0,8.66
6.5,9.1
9.3,7.16
4.9,7.3
8.0,7.81
12.5,10.33
6.5,8.66
4.1,7.59
13.3,13.66
7.7,11.19
11.0,9.09
6.0,4.55
4.5,6.31
10.0,6.73
7.3,8.88
5.0,6.08
5.7,5.77
9.3,10.55
6.5,7.31
4.9,4.36
57.33,51.65
12.1,15.38
8.1,9.28
19.0,18.01
13.3,15.39
10.5,9.37
6.1,6.24
10.9,8.83
6.5,7.23
6.9,7.9
10.0,10.95
7.7,9.21
6.1,7.32
6.0,5.45
12.1,12.75
27.5,26.07
57.54,53.63
8.1,7.66
6.0,6.21
3.7,4.68
4.1,5.47
7.3,7.57
5.3,7.12
28.27,27.11
27.3,32.96
23.5,13.43
9.3,7.0
19.85,24.85
13.5,10.73
6.5,6.38
10.5,9.28
6.0,7.82
49.8,52.26
27.87,16.74
23.3,17.02
6.9,7.2
8.0,5.49
6.5,8.01
42.04,31.88
12.0,10.06
20.5,18.13
7.0,6.24
6.5,7.49
5.5,5.17
9.3,9.32
4.9,6.16
7.3,8.53
14.5,11.14
7.3,7.34
6.5,5.74
11.0,11.07
7.3,7.14
6.9,7.24
8.5,12.46
8.0,8.15
6.5,5.42
4.5,4.97
49.8,49.81
8.1,6.44
5.3,6.34
15.3,16.2
5.5,5.57
7.5,7.62
6.0,4.92
5.7,7.53
5.7,5.48
4.9,5.74
7.3,8.09
25.33,19.13
5.0,5.19
10.5,10.66
5.0,5.09
8.9,9.29
3.7,6.3
6.0,7.12
9.7,12.17
14.5,12.13
4.0,4.97
7.5,7.03
10.5,8.57
6.1,5.4
16.5,12.44
6.5,6.91
6.0,5.43
7.5,7.81
7.3,7.16
16.0,15.11
49.8,50.48
13.3,15.74
5.0,4.6
7.7,12.18
7.7,8.18
11.0,10.78
15.0,9.68
16.0,13.56
8.5,9.93
28.5,22.4
5.3,6.46
7.3,6.94
6.5,6.94
6.5,7.43
7.3,8.23
8.5,5.26
13.5,10.15
12.5,11.66
4.1,5.12
15.7,14.31
7.3,8.66
8.0,6.54
35.5,38.99
16.0,12.41
6.5,5.94
17.0,15.63
12.5,9.43
7.7,5.11
8.1,11.21
4.9,9.53
9.5,7.56
41.3,40.95
11.5,10.99
7.3,7.74
7.7,9.68
38.5,30.82
5.5,4.91
13.0,11.08
4.1,6.15
3.3,4.35
4.0,11.84
6.0,7.73
5.5,5.54
6.0,5.22
4.9,4.85
8.9,8.9
6.1,8.71
9.0,10.14
7.3,7.41
4.9,6.21
6.9,6.26
8.5,7.64
6.0,7.47
6.0,6.27
4.1,5.21
8.9,9.01
7.5,8.08
49.8,52.39
13.0,11.81
7.5,6.52
8.0,7.25
8.9,8.84
8.5,11.18
7.7,9.94
6.5,8.29
6.1,6.48
4.5,5.11
12.5,16.04
7.0,5.75
9.3,10.29
15.7,9.68
6.0,6.28
8.5,9.28
5.7,12.73
15.5,15.75
9.5,9.34
19.3,24.46
11.3,11.6
26.9,32.0
13.3,10.94
5.3,5.31
4.9,5.48
12.1,13.53
9.5,11.07
6.9,8.09
15.0,14.12
6.5,5.58
10.5,10.12
9.3,7.22
18.5,14.6
6.0,12.29
11.5,8.78
6.9,9.46
7.3,8.68
7.3,8.19
18.9,18.44
11.7,14.13
18.5,16.36
8.9,10.45
5.7,6.32
8.1,9.44
13.0,15.65
18.0,14.27
13.0,11.56
6.5,7.57
7.5,7.84
7.5,6.07
5.0,6.33
4.5,6.29
6.0,7.61
28.5,23.01
6.5,5.67
9.5,9.07
18.0,14.81
8.0,5.95
4.5,5.18
12.9,15.09
13.0,9.09
4.9,4.97
16.5,19.88
7.3,8.81
16.1,16.63
19.5,16.34
4.0,4.03
7.5,6.99
4.5,5.54
4.9,6.13
8.9,10.65
6.5,6.26
11.5,5.08
15.0,17.01
9.0,7.91
7.7,9.14
5.7,7.32
4.1,5.21
4.5,5.39
9.3,7.26
5.7,7.89
16.5,11.17
16.1,17.38
25.5,22.34
12.5,7.51
13.7,15.74
21.0,11.34
7.0,6.55
17.0,16.77
4.5,6.34
5.7,7.31
4.5,6.22
8.9,10.52
6.1,6.77
26.2,23.89
8.1,10.96
4.5,5.4
23.0,19.44
8.5,8.35
22.0,17.92
4.5,5.98
5.5,5.97
11.5,10.08
5.7,8.86
5.3,5.58
5.3,7.2
9.0,7.71
4.1,4.84
11.3,9.69
20.5,23.13
6.5,7.61
6.0,5.76
6.1,6.55
6.9,8.68
7.0,8.63
12.5,11.95
6.5,6.3
17.3,20.5
9.7,9.85
20.5,24.18
6.5,8.25
38.83,33.56
11.3,10.07
14.1,14.76
4.5,5.88
5.5,4.6
5.3,9.97
7.7,7.71
4.5,4.86
13.0,10.29
35.0,29.59
5.7,7.23
4.5,5.59
3.7,6.81
5.7,7.18
6.0,6.56
7.3,7.4
4.0,10.22
7.5,8.02
13.7,13.81
6.9,6.78
23.3,26.4
4.9,5.09
11.3,13.32
7.3,9.12
7.3,6.86
28.8,29.39
11.7,11.47
7.5,6.47
6.9,8.65
5.3,6.76
8.5,7.19
6.0,5.78
6.1,7.47
5.0,6.43
4.5,5.16
7.3,6.7
4.9,4.84
6.5,6.61
6.5,9.04
7.0,5.58
4.0,5.22
9.0,9.93
23.5,24.3
5.7,9.67
9.3,10.7
13.5,13.74
26.1,30.94
7.3,7.62
11.0,8.21
52.0,53.22
6.5,8.72
12.5,12.84
6.5,9.01
9.7,4.64
25.5,18.95
5.5,5.38
4.5,4.6
5.3,5.76
6.9,7.88
36.5,31.87
14.1,14.87
24.0,21.68
7.7,10.31
8.5,10.38
7.7,9.18
8.1,6.88
6.9,8.39
11.4,8.79
13.7,12.76
7.3,8.23
7.3,8.08
11.7,13.31
11.0,10.26
3.7,5.39
11.0,9.72
13.0,9.04
4.5,5.77
7.0,7.37
10.0,11.96
6.1,6.8
5.0,5.82
8.1,9.17
4.5,5.38
8.5,8.62
6.1,7.12
6.5,7.4
15.7,16.65
4.5,4.82
5.0,6.92
6.1,7.33
21.7,23.17
5.0,4.95
45.0,48.94
6.9,7.07
6.9,9.31
10.5,13.57
7.5,6.69
6.5,8.44
6.5,7.86
45.7,28.7
7.5,6.67
9.7,10.78
5.3,6.58
21.5,22.66
16.0,11.49
21.5,19.45
41.33,35.13
10.9,14.2
47.04,18.11
45.0,47.71
5.5,4.71
11.8,12.42
6.5,6.94
10.5,10.65
16.5,15.93
36.0,42.45
18.9,22.32
19.3,21.93
3.7,4.16
18.0,13.89
9.5,8.65
7.0,7.21
11.3,12.24
9.0,10.13
8.1,10.18
2.9,10.82
15.7,19.11
3.7,6.99
11.0,10.8
8.9,9.12
7.0,7.59
3.3,4.5
6.9,7.14
9.7,10.79
8.1,9.51
11.7,11.5
10.1,13.35
22.1,24.4
9.0,10.26
4.5,5.96
9.3,8.97
10.5,8.15
5.3,5.05
8.9,9.09
18.0,16.82
8.1,9.88
45.0,45.79
9.3,9.34
10.5,11.56
10.9,12.71
8.1,9.19
8.0,8.12
5.7,7.25
18.0,15.23
4.9,5.69
6.5,9.47
5.3,6.25
7.5,11.68
6.9,7.41
10.5,8.5
8.5,8.25
8.5,10.12
7.5,5.84
6.5,8.24
20.5,16.87
6.5,6.76
5.3,6.57
2.5,6.03
5.3,11.83
6.1,9.87
4.5,5.16
9.0,6.86
5.3,6.49
4.9,5.6
49.8,49.73
4.1,4.57
7.3,8.32
9.7,4.64
9.0,5.64
4.9,6.04
6.9,7.59
7.5,5.74
4.5,5.53
5.5,5.99
7.8,8.67
33.3,35.05
3.7,5.48
16.0,18.34
5.3,6.66
7.3,9.11
28.1,33.58
16.1,19.82
12.5,9.78
6.1,5.63
4.0,4.61
5.3,6.36
6.9,8.07
9.5,7.62
9.3,7.64
8.5,9.15
10.1,10.04
9.5,7.89
15.3,46.16
3.7,4.61
10.1,8.62
8.1,9.69
11.3,13.71
25.5,18.12
9.3,10.18
6.0,7.47
15.0,14.04
4.1,6.01
8.5,6.4
31.8,27.92
15.7,16.9
5.3,6.92
24.0,22.63
23.0,17.65
8.9,9.72
5.7,5.43
17.5,15.04
5.7,6.8
7.0,6.5
11.0,10.6
16.5,15.8
4.9,5.88
4.5,6.87
69.0,63.47
6.1,6.03
9.5,10.24
6.5,5.89
7.3,8.12
10.9,9.8
12.1,12.45
3.3,5.75
8.1,9.09
6.5,7.46
3.3,4.67
11.3,15.39
7.5,9.58
11.7,14.69
10.9,12.24
10.9,12.58
5.3,6.69
7.3,6.45
13.0,11.91
12.5,9.3
8.9,7.61
5.7,6.85
5.3,6.75
8.9,10.43
86.0,81.35
11.4,16.26
16.0,12.08
8.5,5.33
10.9,11.17
7.0,7.17
14.0,12.8
6.5,12.22
13.0,8.4
15.7,17.64
7.3,10.21
6.0,6.32
52.0,42.33
5.5,4.42
8.5,8.02
8.5,8.82
12.0,9.36
5.3,5.89
5.7,6.39
10.0,6.03
9.3,10.45
6.9,8.45
15.0,15.01
8.9,10.09
26.0,24.23
28.5,24.12
8.1,8.29
6.5,4.33
3.7,5.18
11.7,8.73
7.3,7.06
10.9,27.13
15.5,10.34
7.5,5.63
9.3,11.23
6.9,7.62
4.5,5.43
8.1,8.69
8.0,6.58
12.9,13.99
8.5,9.68
10.5,11.98
16.5,19.66
10.5,11.18
7.3,8.08
9.7,11.21
5.0,5.84
14.1,18.45
11.3,12.24
12.1,7.27
16.0,14.83
8.5,8.63
5.0,5.16
17.5,15.12
5.7,6.42
4.0,5.12
13.5,11.48
11.3,12.6
7.3,8.25
11.3,13.69
4.9,4.12
10.0,7.03
12.0,13.03
7.3,7.18
8.9,9.47
7.0,5.95
17.0,14.84
5.5,4.46
7.0,5.59
4.9,6.69
5.0,4.12
9.5,7.62
6.5,6.63
14.0,11.12
10.5,10.26
11.7,9.39
18.5,17.96
6.1,7.52
12.0,9.8
8.1,10.58
32.27,34.46
14.5,15.83
10.5,10.3
5.3,5.58
7.7,7.93
18.0,13.15
31.0,27.85
5.7,7.6
10.5,12.91
8.9,12.59
10.0,10.9
16.5,11.28
23.0,16.51
4.5,5.34
10.5,10.37
6.1,10.36
4.1,5.54
10.5,11.62
8.5,10.3
8.5,7.13
12.5,9.82
10.9,11.31
5.0,5.53
13.0,12.6
26.5,18.95
15.0,14.03
5.3,7.1
6.5,6.37
7.0,7.55
10.2,12.17
8.1,9.31
2.5,5.18
31.3,24.23
3.7,5.12
11.5,9.91
6.0,6.56
26.0,26.48
14.9,13.71
6.5,9.33
8.5,8.93
6.1,7.7
14.5,10.59
2.5,7.55
10.5,9.53
8.5,7.87
4.9,5.2
6.5,7.72
11.7,9.29
16.9,17.88
12.1,11.98
6.5,8.53
5.3,12.09
12.5,13.82
3.5,4.81
3.7,8.28
18.0,15.05
20.1,20.6
5.0,5.35
9.5,5.8
4.9,6.03
4.0,3.99
9.0,8.71
9.0,14.15
5.5,5.87
11.5,10.47
9.5,8.99
31.3,31.57
7.3,8.16
8.5,9.29
5.3,5.58
9.3,11.8
11.5,8.72
19.5,14.44
4.9,5.94
20.1,20.01
12.0,9.39
7.3,17.21
14.0,11.15
13.0,12.87
8.5,7.73
9.7,11.38
10.0,5.98
17.5,17.62
5.7,5.62
7.0,13.68
5.3,6.04
6.0,6.95
14.0,11.5
12.5,10.19
7.3,6.88
10.1,12.45
6.1,12.94
10.9,11.02
9.7,12.9
4.1,5.09
6.5,7.71
6.9,8.41
10.1,10.87
6.1,6.71
11.7,13.32
6.0,5.39
19.5,17.37
11.0,8.71
10.9,10.13
10.9,11.08
8.1,9.9
33.0,41.9
8.1,9.69
10.5,10.8
6.1,7.31
8.0,6.73
6.1,6.12
5.7,4.97
4.1,4.66
9.5,9.72
9.7,13.3
27.5,21.57
18.5,14.9
5.0,6.12
12.0,10.56
19.0,19.1
9.5,8.13
11.7,9.35
13.3,14.21
3.0,4.35
12.9,13.07
6.5,7.81
4.1,16.21
30.5,26.33
12.1,9.77
19.0,15.15
6.5,8.73
4.5,5.63
15.5,7.29
10.0,9.31
8.5,9.69
8.5,8.14
14.0,14.13
7.0,6.87
49.8,48.3
9.7,9.88
14.1,11.02
6.0,6.18
2.9,4.55
6.9,6.49
6.9,10.54
12.5,9.22
5.5,7.02
12.1,10.16
40.83,34.63
6.1,5.96
13.5,13.88
10.1,12.94
12.5,11.15
9.7,10.09
4.5,4.82
4.1,4.75
26.0,24.19
17.0,12.57
7.0,11.87
4.5,4.85
8.9,11.62
4.5,6.87
57.33,52.49
14.0,11.02
6.1,6.9
4.9,37.95
12.5,15.0
14.9,14.25
12.5,9.67
5.0,4.77
11.0,11.81
7.3,7.14
4.5,5.7
2.5,7.02
5.5,4.26
8.1,9.84
8.9,7.04
4.9,14.05
4.5,4.75
9.0,8.92
17.3,17.35
4.1,5.83
11.3,14.77
9.5,8.61
6.9,7.85
12.5,14.03
8.5,9.12
14.0,13.59
7.5,7.36
13.5,10.96
3.5,5.53
7.3,7.22
12.9,12.3
8.0,5.44
14.9,17.42
12.0,9.31
10.9,11.88
18.0,12.79
11.5,8.96
5.5,5.31
8.9,9.02
6.5,7.45
7.7,9.25
8.5,9.46
25.5,27.25
9.3,10.32
14.0,7.27
4.1,5.09
4.1,5.03
10.5,11.52
5.7,5.82
5.5,5.56
12.1,10.9
4.1,5.1
5.7,9.26
5.3,4.94
14.9,15.64
12.5,11.07
16.5,11.15
8.5,8.6
4.0,4.51
7.0,8.53
10.1,10.5
4.9,6.37
7.3,10.11
4.9,5.45
6.5,5.59
5.7,5.96
19.7,21.13
33.3,31.64
7.7,9.1
4.9,7.38
18.1,14.77
8.5,7.04
4.1,5.51
21.0,17.1
6.5,8.73
5.5,6.45
6.0,5.52
5.5,5.71
9.3,11.07
2.9,4.91
12.1,14.22
10.5,10.2
8.5,9.19
6.9,8.21
8.1,9.34
4.9,6.77
4.1,16.46
20.0,15.61
30.33,23.46
14.0,15.9
57.54,53.23
6.0,6.49
6.9,7.38
24.5,25.12
4.0,6.77
5.3,7.1
5.3,5.77
10.1,7.0
5.5,5.32
29.07,31.38
21.5,15.02
15.5,11.51
5.3,5.39
4.5,6.34
4.5,5.56
4.5,8.07
7.0,7.06
17.5,12.07
15.5,12.54
2.5,11.76
8.1,7.36
5.5,6.86
4.9,5.32
14.9,17.5
8.1,10.2
26.8,28.98
12.5,15.16
7.0,6.01
13.7,10.09
3.0,10.48
9.0,8.0
5.7,6.25
6.0,5.98
4.9,6.65
9.0,8.29
4.9,10.51
14.1,17.83
8.0,10.22
11.5,8.81
7.7,9.16
13.7,16.02
14.0,13.22
4.1,4.74
9.7,11.54
6.1,6.69
10.5,11.17
6.5,7.84
12.9,13.16
6.1,8.08
6.5,6.61
21.5,21.71
5.3,5.25
3.3,4.85
15.0,13.69
6.9,8.64
6.5,7.06
8.1,9.69
4.1,4.53
6.9,9.46
4.9,8.67
5.0,4.73
4.0,4.11
9.0,6.38
6.9,6.26
4.1,5.87
8.1,10.34
10.1,8.95
8.5,9.94
6.9,8.79
4.5,5.86
9.0,9.06
19.7,13.14
57.33,54.3
6.5,7.69
4.0,4.85
8.5,7.45
13.7,13.78
5.7,7.4
5.3,6.26
6.9,8.77
6.9,6.67
5.7,6.68
10.5,10.19
4.0,6.56
5.0,5.38
7.0,6.96
8.5,9.17
4.0,3.44
10.9,6.48
9.0,6.35
3.5,5.99
9.3,10.21
10.9,13.32
9.0,8.74
6.9,9.33
4.5,4.86
13.3,13.62
7.0,5.76
11.0,11.74
25.5,21.75
5.0,4.88
5.7,4.77
10.0,9.6
7.5,7.61
21.5,23.84
10.0,11.33
14.5,10.5
5.5,7.28
4.5,4.4
7.3,6.51
6.5,6.85
9.3,10.98
18.1,16.44
11.3,12.01
5.5,4.77
10.5,8.89
4.1,5.16
30.9,34.25
10.5,12.56
6.9,7.53
11.0,9.44
10.5,12.61
6.9,9.71
16.0,14.53
4.5,5.35
8.9,8.65
29.87,33.05
9.3,9.81
21.3,28.15
2.5,9.77
17.7,14.37
13.7,16.68
12.5,15.98
9.7,7.54
10.0,9.07
9.3,10.38
4.5,17.77
5.3,4.45
4.5,3.22
5.0,4.44
5.0,4.58
5.3,6.17
5.0,5.82
9.5,7.08
14.5,15.46
6.0,6.27
36.1,31.9
9.3,11.29
6.5,7.27
9.0,8.38
49.57,53.37
4.5,4.95
4.9,5.58
8.5,8.68
13.7,16.11
7.3,7.1
7.3,6.47
10.5,11.17
6.1,5.37
5.4,4.58
25.0,19.14
16.0,11.7
9.5,9.67
7.5,6.89
6.0,6.17
4.5,5.33
15.0,17.06
7.0,7.81
14.5,16.96
7.5,8.76
16.1,19.3
13.5,14.26
7.7,9.54
9.7,11.68
6.5,7.46
5.5,6.69
4.9,5.7
3.5,8.58
7.7,9.38
14.0,11.08
20.0,21.94
6.5,7.26
7.5,6.62
4.0,4.72
4.9,5.16
16.0,15.89
9.0,9.23
19.0,15.34
7.5,6.92
16.9,20.15
6.5,7.2
5.7,18.21
4.5,4.88
6.0,5.79
32.1,38.19
45.0,49.18
16.9,17.7
10.0,8.14
16.5,16.12
9.5,8.05
9.1,8.71
14.5,12.37
9.5,8.47
12.1,11.3
4.5,5.17
11.0,12.37
10.9,11.53
6.1,5.41
19.0,17.79
12.5,13.27
45.0,48.72
8.5,12.46
6.5,5.91
8.0,7.04
6.9,7.8
31.7,31.96
4.1,5.02
18.1,16.91
8.5,10.75
5.3,7.17
16.5,17.13
12.0,13.85
6.0,7.23
11.5,10.17
10.1,9.33
12.5,14.54
9.5,10.36
6.0,7.36
4.5,5.3
45.0,50.89
9.7,7.17
19.5,15.92
8.1,9.98
9.7,9.33
17.7,19.01
62.0,29.81
4.9,7.75
7.0,7.0
7.7,8.01
11.7,14.91
10.5,8.27
8.5,9.27
6.1,6.14
8.1,5.39
9.5,7.22
4.9,5.87
6.5,7.8
4.1,4.67
5.5,7.56
15.5,14.74
43.83,38.35
7.0,7.13
2.9,8.54
13.3,14.15
4.5,6.68
5.7,5.83
5.7,6.07
8.5,10.02
12.5,12.57
11.0,8.26
32.83,32.75
7.3,7.15
7.3,11.05
8.5,8.6
4.5,6.3
11.7,11.81
5.0,5.5
15.7,18.63
9.0,8.71
3.7,5.6
9.7,12.38
4.1,4.89
6.5,5.97
23.3,27.49
9.7,9.95
13.5,11.67
8.9,10.02
15.3,14.07
10.7,10.11
7.3,8.48
5.0,9.02
5.7,8.46
6.5,5.99
10.5,9.36
7.3,7.82
9.3,9.13
6.1,5.99
5.7,4.82
4.5,5.75
6.9,8.68
5.7,6.88
9.0,9.52
5.5,6.73
4.9,5.83
6.5,9.54
5.7,6.49
7.3,8.71
3.7,5.44
8.9,6.92
10.5,11.93
4.5,6.13
6.0,8.43
6.9,6.61
16.5,12.12
26.25,27.91
10.1,9.65
8.1,10.53
5.0,7.22
7.3,8.98
16.5,19.56
6.1,7.19
8.1,9.35
7.3,8.41
5.5,5.02
14.5,10.81
12.1,14.56
18.0,14.89
3.7,5.7
9.5,7.63
10.5,12.07
17.0,15.32
5.5,4.99
15.0,9.73
21.0,20.03
6.1,6.79
9.7,9.76
29.07,33.76
5.3,6.84
18.5,17.75
6.1,6.26
6.1,6.42
8.5,11.28
5.7,6.78
52.0,50.94
2.9,4.25
20.5,20.74
9.7,10.36
4.5,6.4
22.0,21.03
6.9,8.77
14.5,8.26
10.5,6.36
14.0,9.42
6.0,6.18
7.3,6.95
15.3,12.87
8.5,11.01
5.5,6.09
16.5,8.78
32.0,19.21
12.5,11.29
31.0,18.42
8.5,11.07
9.7,12.23
8.0,7.99
18.5,14.08
5.3,7.18
6.9,9.33
8.0,7.53
9.3,10.08
11.5,9.89
11.3,10.12
10.0,8.86
13.0,8.33
11.0,9.71
6.9,8.16
9.7,13.16
5.3,6.69
30.5,26.11
5.5,5.27
6.1,8.89
8.1,9.64
4.5,9.45
6.1,7.65
7.0,6.71
12.5,14.15
15.0,11.71
5.5,5.37
7.7,9.63
6.1,7.03
6.1,26.56
12.1,13.46
12.1,6.18
6.0,6.03
4.5,6.02
9.3,10.66
6.5,9.33
5.5,5.03
8.0,6.57
16.1,17.11
7.3,8.79
16.0,14.46
11.3,13.81
6.5,7.19
16.5,14.86
10.6,9.96
11.7,11.69
11.0,11.61
13.0,11.69
7.5,6.62
5.3,6.17
9.5,8.83
46.33,38.0
7.7,10.01
4.6,4.95
17.7,16.69
4.5,4.79
24.9,16.02
5.0,6.22
6.9,7.88
24.0,14.26
18.0,13.13
7.3,7.32
9.0,8.38
5.3,5.21
9.7,11.62
10.1,7.74
8.1,9.02
19.3,17.8
3.7,4.37
7.5,6.84
18.9,22.38
45.0,10.33
4.5,5.12
13.7,13.86
9.0,10.12
8.5,8.57
5.5,6.1
33.3,35.17
7.5,5.48
6.5,5.18
15.5,12.82
4.5,4.33
18.9,19.86
8.1,8.63
13.3,15.49
6.9,6.86
4.0,4.59
3.3,6.01
6.1,6.21
18.0,15.17
4.1,4.88
3.3,4.55
7.3,10.71
8.1,10.48
12.5,9.93
7.3,9.51
8.5,7.73
7.7,8.16
4.1,4.6
4.5,5.04
3.0,5.14
5.7,7.27
5.5,6.37
14.0,13.38
4.1,6.12
9.3,6.95
35.0,15.73
4.9,7.44
4.9,5.96
4.9,6.54
4.0,3.95
7.3,8.41
10.5,6.97
10.9,12.66
8.0,6.89
14.0,9.9
7.0,6.1
9.0,8.07
5.3,6.47
16.1,18.88
12.5,11.14
19.5,18.36
7.3,8.16
6.1,6.11
12.5,13.86
4.5,4.85
5.7,8.8
4.0,3.74
5.3,5.81
10.0,8.14
6.5,8.54
13.3,14.53
13.5,13.75
6.1,7.0
11.3,13.53
6.1,5.8
8.5,10.8
31.5,14.01
15.3,16.79
7.3,6.69
6.5,5.34
15.0,15.82
9.0,7.78
11.0,10.44
11.7,14.62
7.7,8.47
5.0,5.69
13.0,10.42
7.0,7.81
18.5,18.93
4.9,5.39
3.3,5.36
35.0,34.67
4.9,5.15
14.0,12.61
23.7,33.66
10.5,12.26
7.3,7.21
7.0,7.84
5.3,5.06
22.5,13.01
4.1,5.38
14.9,15.8
18.5,17.81
23.3,25.42
14.0,12.54
9.5,9.5
10.1,9.57
6.5,7.17
9.7,13.95
14.5,14.12
9.3,10.63
4.5,4.42
11.3,11.11
9.7,10.91
9.3,11.48
4.5,12.45
16.0,4.42
17.0,13.25
6.0,5.23
14.5,13.83
5.3,6.46
4.7,5.3
49.8,46.69
2.5,13.37
13.3,12.67
5.7,4.69
10.5,11.66
5.0,6.03
10.9,9.2
22.0,14.22
8.5,7.63
11.5,14.13
16.0,10.63
8.5,8.19
5.0,4.96
7.5,8.5
4.9,6.69
8.9,10.98
12.9,11.84
15.7,15.11
8.5,8.19
6.9,7.32
11.0,9.6
6.0,8.12
5.5,5.9
9.5,7.19
5.5,6.17
4.9,6.14
3.7,4.6
6.9,8.63
5.0,6.38
10.5,12.32
8.0,8.06
4.5,4.14
5.7,6.77
4.5,5.39
20.0,17.3
10.5,7.2
10.9,10.2
27.3,36.96
42.1,39.91
13.0,12.25
7.0,5.9
20.1,13.83
6.5,7.51
14.5,15.77
9.3,11.18
18.7,14.14
10.0,8.36
10.1,11.88
57.54,52.13
4.1,5.42
4.5,5.64
10.9,14.07
18.0,16.41
31.47,34.66
2.5,9.42
15.0,14.71
11.3,13.04
10.1,10.6
17.7,25.55
6.9,7.14
5.3,8.55
7.7,8.51
3.7,5.87
7.5,6.38
5.5,5.68
14.5,17.01
13.7,9.39
7.0,6.52
6.5,8.59
16.0,13.9
5.5,5.59
6.5,5.5
4.5,5.1
16.5,18.21
14.1,17.59
57.33,51.79
8.5,9.95
10.5,9.61
19.7,14.11
17.5,16.99
19.3,7.8
8.9,9.15
45.0,12.3
7.7,9.09
10.5,11.03
4.5,5.12
8.0,6.84
5.5,5.58
8.1,9.25
5.3,8.27
9.5,7.11
5.3,6.64
9.0,8.81
4.1,4.97
4.5,4.92
7.3,7.65
18.5,15.48
6.9,7.12
11.7,9.16
11.0,7.86
6.1,6.68
7.0,6.36
12.5,12.57
6.9,10.66
15.0,10.75
3.7,5.01
9.7,11.25
5.5,6.46
12.9,15.29
12.0,12.46
12.5,10.45
12.5,11.04
5.3,6.33
29.0,18.51
9.5,8.83
11.7,7.77
5.0,5.73
5.8,6.16
34.9,39.09
20.5,21.0
16.5,16.13
4.9,4.76
10.9,14.21
10.5,9.24
4.9,5.92
29.7,32.48
19.3,20.46
4.1,5.7
17.3,16.38
20.9,23.18
12.1,11.96
5.7,6.58
6.5,8.06
4.9,6.51
6.9,7.59
6.5,8.15
11.0,8.48
6.5,6.74
9.3,10.43
5.5,6.46
12.0,10.97
6.5,7.28
8.5,9.01
8.9,9.21
3.7,5.04
49.57,49.49
3.7,4.84
3.0,8.1
10.0,11.18
4.9,5.95
7.3,7.88
8.5,7.83
9.0,9.05
4.5,4.44
9.7,9.13
6.1,6.64
12.0,11.54
6.1,4.82
11.7,10.15
12.0,7.63
5.5,5.59
7.0,8.51
6.0,7.37
41.83,36.5
8.0,6.61
6.1,11.38
5.0,4.74
16.1,16.98
6.9,7.15
41.83,36.35
8.1,4.11
5.7,7.6
7.0,7.25
7.3,8.31
2.5,10.35
4.9,5.54
5.7,9.59
5.7,7.1
10.1,9.65
3.7,4.86
8.1,10.15
5.5,6.92
4.0,3.65
10.5,11.07
5.7,5.9
4.9,6.04
40.0,8.15
19.5,19.68
28.5,34.61
8.5,8.35
14.5,12.49
2.5,8.28
8.1,9.43
15.0,12.87
4.1,4.28
4.5,7.18
6.7,6.34
5.3,5.81
12.0,12.27
7.0,9.33
11.5,10.22
4.9,8.19
21.3,24.15
26.0,25.05
5.0,5.68
6.5,6.39
36.5,36.6
10.5,8.62
5.0,6.97
3.7,4.58
5.3,5.77
5.7,5.93
45.83,45.44
4.1,12.41
6.1,6.75
3.3,4.47
10.5,5.72
4.5,5.21
4.9,7.04
16.9,16.9
9.0,9.26
43.07,31.34
6.0,6.64
15.5,10.98
10.5,8.42
9.7,13.48
4.1,4.98
8.1,9.11
5.5,6.15
18.5,21.28
4.5,5.03
15.5,13.35
8.9,9.51
12.5,10.87
7.5,8.9
15.5,14.41
11.0,7.45
8.5,10.25
5.0,13.32
5.3,9.08
9.7,11.03
83.15,82.9
18.5,16.3
37.3,44.01
4.5,5.15
3.7,4.87
12.0,8.46
33.07,32.67
5.3,5.72
14.5,13.79
4.5,4.89
5.7,5.13
8.5,8.48
9.7,8.09
7.5,6.68
11.3,12.82
6.5,8.18
4.0,4.35
8.5,8.75
13.5,10.62
5.7,8.93
23.0,24.05
5.7,6.94
22.5,13.03
7.3,7.99
6.9,7.88
6.5,7.71
15.5,12.19
10.0,9.31
8.5,5.23
4.1,4.97
5.7,5.26
6.5,7.58
7.5,7.25
7.3,7.74
6.1,8.14
13.5,10.29
16.5,12.83
8.9,8.4
16.5,14.85
14.1,14.39
9.3,9.71
8.0,9.57
11.7,14.51
9.3,9.94
5.3,6.88
18.5,17.95
8.1,8.62
7.0,12.19
6.5,5.86
15.5,10.13
26.5,24.99
4.9,5.0
11.0,9.12
12.5,10.01
5.5,6.23
10.0,8.93
10.5,8.73
3.7,5.32
12.1,13.4
9.5,8.6
10.5,13.16
4.1,4.55
8.5,26.18
6.5,7.61
8.0,7.61
13.0,14.61
24.0,15.04
8.0,7.07
6.9,8.72
4.0,4.75
19.3,20.72
10.1,9.72
10.5,8.83
2.9,9.21
4.5,4.66
6.0,5.17
6.9,9.04
4.5,5.93
5.0,18.01
57.33,52.51
11.3,11.75
13.5,13.04
18.5,18.87
6.1,8.4
13.7,16.26
9.5,6.65
9.7,10.39
7.0,7.59
8.5,5.37
3.7,5.83
6.1,5.87
10.9,12.45
13.0,14.78
16.1,15.04
12.5,11.35
14.9,17.36
14.1,18.27
16.6,17.28
5.3,4.63
3.3,4.42
7.4,7.44
11.3,9.44
10.0,9.19
4.5,5.26
26.1,32.35
16.1,20.43
16.1,18.29
6.5,8.71
5.7,6.8
11.0,8.68
7.5,5.74
6.9,7.86
13.0,11.58
14.0,11.86
9.7,10.29
13.3,11.82
6.0,5.73
4.9,4.78
8.0,8.35
7.7,19.85
6.9,7.4
96.83,56.22
10.5,9.18
6.5,6.57
13.5,11.88
13.7,15.62
33.3,33.84
4.9,5.3
7.3,7.23
7.0,7.0
13.7,16.95
8.9,10.33
5.3,6.48
4.9,4.69
16.0,14.97
3.7,6.26
7.5,8.14
18.1,20.0
14.1,9.84
4.9,4.44
8.9,10.68
6.5,7.33
15.0,10.99
21.3,14.77
10.5,13.14
18.5,13.73
8.5,7.8
5.3,6.23
6.1,6.81
6.5,7.14
10.5,12.79
15.7,20.06
39.0,19.13
4.5,5.46
8.9,9.09
10.0,11.09
4.1,5.24
12.9,13.48
28.0,24.18
5.5,6.33
9.0,7.82
4.1,6.08
8.5,8.83
28.9,9.07
3.7,4.94
4.5,6.12
9.5,9.5
32.9,46.79
15.7,17.9
4.1,4.6
64.75,59.65
6.9,6.21
8.5,12.94
19.7,22.7
6.5,6.64
6.0,5.75
11.7,14.2
5.3,12.33
15.3,17.0
7.4,6.17
2.5,6.92
5.5,5.23
16.5,20.16
5.7,6.11
9.5,11.17
8.5,8.14
9.7,10.39
7.7,9.19
6.5,5.73
16.5,10.75
3.7,5.09
6.1,5.24
8.0,6.98
11.5,8.9
5.3,5.66
11.0,9.89
9.5,9.56
4.5,4.88
5.7,7.58
13.3,13.0
6.5,5.96
13.5,11.33
7.0,8.09
8.0,9.07
4.0,4.53
20.0,10.66
10.5,10.02
19.4,17.62
20.1,23.61
5.0,6.08
10.9,11.89
8.1,9.29
13.0,11.55
7.0,6.52
6.1,7.81
6.5,5.68
5.3,6.24
4.1,4.96
41.5,40.21
6.9,8.07
8.5,5.71
6.5,5.05
8.5,6.66
8.9,10.92
3.7,5.17
18.1,19.55
7.7,10.36
20.5,19.26
5.7,5.84
7.7,9.59
11.0,9.8
19.5,18.91
6.0,7.92
12.1,12.58
7.3,8.28
6.0,6.25
18.0,11.96
8.9,10.3
13.7,15.24
11.7,12.64
9.5,9.93
8.0,6.63
5.3,14.85
7.3,8.34
6.9,5.9
21.0,11.96
11.7,14.13
3.5,4.18
11.0,10.85
6.1,6.69
10.9,12.1
10.5,10.43
10.5,10.78
9.3,11.72
11.0,7.86
24.0,25.94
12.0,11.97
11.7,13.75
6.9,7.66
2.9,15.0
17.3,16.58
28.0,33.95
3.0,10.66
5.7,6.51
8.5,10.15
8.0,7.62
16.5,16.48
32.1,31.89
5.7,5.74
11.0,10.8
3.7,4.19
6.9,7.71
14.0,13.16
10.0,10.06
13.0,10.6
3.7,4.96
9.7,9.14
5.5,4.85
6.5,6.64
35.33,22.29
13.3,11.6
15.5,16.05
9.3,9.87
28.9,31.71
5.5,6.7
8.0,4.7
15.3,15.95
12.0,11.58
21.5,16.68
14.5,18.24
7.7,7.51
7.3,7.9
6.0,5.34
8.5,9.58
5.3,6.92
5.3,6.03
6.0,6.52
49.57,52.02
23.3,29.73
4.5,4.94
12.0,12.99
5.5,5.23
22.0,17.63
3.0,4.54
7.3,7.86
6.0,7.36
9.5,8.73
5.7,6.33
2.5,10.74
15.5,10.26
6.5,4.63
8.3,7.6
13.0,15.12
6.0,6.93
5.5,7.25
7.0,7.38
8.5,10.22
12.9,14.66
7.7,8.37
19.0,12.71
12.1,12.66
6.5,7.93
6.1,6.52
6.5,10.24
5.3,8.17
5.3,5.87
10.9,12.12
5.5,11.61
3.3,10.91
9.5,8.47
9.7,8.55
7.5,6.85
11.5,8.47
5.7,7.11
6.0,6.32
21.5,16.96
6.9,4.81
21.7,20.48
5.0,5.77
23.5,20.36
13.0,13.95
12.0,13.36
4.5,4.94
10.5,6.44
12.5,13.15
24.5,23.81
15.0,12.05
17.7,19.86
25.3,28.72
16.5,10.61
12.1,13.16
4.9,4.34
12.1,15.8
4.5,5.41
22.1,30.16
4.5,4.27
5.0,5.23
4.5,6.6
8.5,9.48
13.0,12.56
13.0,13.55
8.9,8.4
15.0,14.16
19.5,16.79
49.8,53.35
6.9,9.56
7.0,6.77
7.5,7.62
17.0,17.96
3.5,5.02
5.5,4.52
9.3,10.42
17.7,17.28
20.1,24.16
8.5,11.37
10.0,7.34
13.3,15.1
5.7,6.67
7.3,15.77
4.9,6.31
23.3,18.77
16.9,18.35
9.3,9.71
3.7,3.55
14.5,7.39
57.33,51.07
6.1,7.36
56.8,52.24
5.5,5.31
4.9,5.75
8.0,7.52
11.7,14.62
6.1,5.21
7.5,7.61
3.7,4.98
19.5,17.75
18.0,11.99
5.7,7.97
10.9,10.65
11.5,8.41
11.0,8.28
8.5,7.67
7.7,9.38
4.9,6.4
6.0,6.31
4.5,6.23
10.1,14.07
23.3,18.44
6.5,8.3
11.3,11.33
12.9,12.34
10.9,11.98
13.5,13.0
6.5,6.12
9.5,8.67
6.5,8.29
6.9,7.25
4.5,6.16
8.5,8.82
6.1,6.64
33.83,32.95
7.5,6.09
35.3,34.56
7.5,6.69
15.3,16.84
27.55,27.35
36.33,35.01
4.5,5.72
7.3,8.39
8.0,7.62
12.0,8.42
4.5,5.34
6.0,6.17
8.0,8.01
3.5,9.03
11.0,10.5
6.9,9.0
12.1,14.67
17.0,15.1
8.0,8.42
18.9,11.51
9.3,12.76
17.3,16.8
5.0,4.55
12.9,12.71
9.5,10.37
8.9,2.42
15.0,13.24
16.9,112.24
19.5,16.3
26.67,27.82
12.0,9.79
24.0,27.42
20.5,17.81
7.3,6.73
5.7,8.02
24.5,16.7
8.0,7.78
4.0,3.98
25.0,22.02
7.7,11.33
16.5,13.35
15.5,16.35
4.5,5.15
3.7,4.82
16.9,16.31
14.5,16.9
4.0,5.0
5.3,8.26
9.5,8.92
5.3,6.33
6.5,8.16
16.5,16.27
11.0,9.92
6.0,6.11
9.5,8.67
5.3,6.76
8.1,7.63
5.3,6.46
6.5,6.63
13.7,15.88
14.5,12.74
4.5,5.31
11.3,13.4
11.0,8.82
7.3,7.18
9.5,7.13
8.5,10.62
5.0,4.9
2.5,3.89
8.1,11.16
10.0,7.27
7.0,6.24
9.5,9.89
10.5,9.38
57.33,54.41
4.9,6.02
13.7,16.24
8.1,9.95
5.3,5.93
4.9,8.64
7.7,7.25
5.7,4.67
54.83,41.62
7.3,9.87
11.7,6.31
4.1,5.99
5.7,7.03
5.3,5.33
5.0,5.39
5.0,4.53
26.25,24.67
18.5,20.15
8.1,6.63
5.7,6.47
10.1,10.7
4.1,5.52
8.5,12.32
9.3,13.38
8.0,6.12
4.5,5.47
6.9,6.51
15.5,12.98
6.9,9.13
8.5,10.38
6.0,7.02
5.4,6.3
8.0,8.02
7.5,6.41
8.9,9.9
6.5,9.02
9.7,11.13
4.1,4.36
45.0,52.34
12.5,14.75
8.5,9.9
15.0,12.21
6.5,5.99
21.0,20.65
9.3,9.76
6.9,7.51
42.1,16.22
7.0,6.88
4.2,4.89
10.9,13.02
56.8,51.5
7.7,6.99
8.1,9.87
8.1,5.04
5.0,5.29
20.9,21.55
6.0,6.55
8.0,8.32
4.0,4.25
9.3,11.05
11.7,12.47
8.0,7.82
2.5,64.22
12.5,7.32
10.1,9.46
9.0,7.28
49.8,51.88
11.0,10.02
5.3,6.48
10.9,10.47
6.9,7.93
9.7,9.64
11.7,15.05
13.3,16.41
6.0,8.27
16.0,13.03
12.9,12.74
10.1,11.72
10.0,9.76
14.9,12.37
9.3,7.88
14.5,14.03
28.65,29.41
47.0,46.27
6.9,8.3
6.9,7.11
4.5,4.34
11.3,9.96
23.5,18.31
10.5,9.59
14.0,14.26
43.3,53.38
12.9,15.03
5.3,7.45
9.7,10.2
12.9,14.92
13.3,18.04
6.0,6.13
11.5,8.06
7.3,7.26
3.3,3.81
4.5,5.21
57.54,53.81
8.9,11.33
11.3,12.25
13.5,12.2
5.3,6.0
6.0,5.38
30.5,28.58
35.33,26.98
4.1,5.83
4.1,5.81
9.3,7.6
7.3,9.32
10.1,12.05
2.9,5.12
10.9,11.58
6.5,7.03
7.0,7.02
10.1,9.66
21.0,20.63
6.5,7.83
15.5,11.35
20.1,25.62
4.1,5.19
4.9,6.53
8.0,8.37
8.9,10.09
8.5,10.21
11.3,13.74
9.7,8.4
23.7,11.51
7.7,7.1
4.1,4.38
10.9,11.59
10.5,8.86
4.9,5.91
5.3,6.48
6.0,6.78
8.9,9.73
9.3,10.82
6.1,7.8
28.5,32.78
10.5,8.75
8.5,7.45
8.5,8.4
31.0,28.12
16.0,15.97
10.0,9.42
7.3,6.41
14.5,14.67
5.3,5.49
15.5,16.93
14.9,12.28
13.0,9.25
7.3,8.94
5.7,7.33
3.7,5.85
6.0,4.46
18.9,20.08
14.5,14.61
7.3,6.47
13.3,15.0
8.5,7.55
6.1,5.55
8.5,11.07
6.1,10.07
13.5,11.74
12.5,11.74
10.0,10.28
5.0,6.04
10.5,12.91
13.5,9.65
3.7,4.92
8.5,6.83
6.5,9.68
3.5,5.13
13.3,13.05
6.1,6.08
6.5,7.2
14.5,11.0
18.1,10.49
7.7,9.12
23.0,17.48
6.5,5.46
10.1,10.33
5.0,5.32
18.9,19.81
8.0,8.01
3.5,4.97
7.5,7.98
8.5,7.32
12.9,14.42
9.7,6.99
9.5,9.0
12.0,11.28
12.1,13.67
6.5,5.77
8.0,6.64
23.3,26.24
6.0,6.13
6.9,7.68
10.1,11.35
20.0,17.65
6.5,6.43
16.5,14.44
7.0,6.83
7.0,5.77
4.5,4.96
12.5,10.38
49.57,53.25
5.3,6.15
8.5,7.9
7.3,9.76
52.0,49.88
4.1,4.69
17.5,13.03
9.3,10.95
6.1,7.76
7.7,8.09
5.3,8.76
32.3,29.79
5.5,7.07
9.8,10.43
17.0,15.82
10.1,8.22
19.5,16.69
3.7,4.35
6.5,6.17
4.5,5.63
10.1,9.68
8.5,9.13
16.0,12.97
16.9,17.61
8.0,7.0
3.7,4.42
5.8,6.23
9.5,10.04
7.3,7.11
4.9,6.18
8.9,10.41
7.3,8.14
6.5,5.63
14.0,12.15
10.1,13.09
7.0,5.88
4.5,5.7
9.0,8.98
13.5,13.46
4.0,4.57
10.5,9.88
6.1,5.63
20.0,15.8
26.8,28.73
12.5,15.19
19.0,19.41
13.3,16.64
10.5,11.99
14.0,12.85
11.0,12.85
24.5,19.99
4.9,6.06
8.5,9.34
17.7,20.21
10.9,7.54
9.5,8.0
11.3,13.6
57.54,52.0
4.5,5.32
16.9,15.33
6.1,6.49
5.0,6.76
4.5,6.76
11.4,12.96
6.5,8.31
7.7,8.92
28.83,29.81
3.7,11.36
6.1,7.09
3.7,4.59
10.5,16.56
7.5,7.47
7.3,8.1
8.5,9.85
9.0,8.78
7.5,7.39
5.7,6.99
4.9,6.16
5.0,4.47
8.1,8.02
4.0,4.61
6.5,8.93
13.3,11.86
7.7,7.35
5.7,6.08
6.0,6.23
7.0,6.61
27.0,19.96
7.3,9.37
4.5,5.03
9.0,8.11
6.0,6.73
13.7,9.58
5.5,6.99
11.0,10.88
5.3,6.63
12.5,12.65
18.5,17.12
4.9,6.47
5.5,4.92
21.5,18.26
10.5,8.43
4.5,4.76
8.0,9.66
7.7,6.82
6.5,8.58
8.5,8.51
20.0,21.24
10.9,13.27
7.3,9.61
16.5,11.79
20.5,8.19
4.1,6.03
5.0,4.92
26.9,13.31
6.1,4.59
5.7,5.86
7.0,6.79
8.5,10.3
13.5,11.25
28.0,29.02
7.3,8.58
9.5,10.84
6.5,6.49
4.1,4.95
29.0,23.55
4.9,4.47
7.3,6.87
6.0,5.41
11.0,9.51
11.5,11.14
19.5,14.82
5.3,9.8
6.5,7.31
4.9,6.17
6.1,7.16
22.5,20.56
36.9,36.77
14.5,11.69
18.1,17.85
12.5,8.07
9.7,9.23
9.3,10.62
6.9,7.21
20.1,19.24
3.7,4.56
6.5,6.28
10.1,6.92
12.0,10.23
7.7,8.3
4.0,5.37
6.5,8.11
13.7,15.06
40.0,4.92
7.7,9.72
11.5,11.84
6.5,7.64
6.5,7.66
7.5,6.52
5.3,6.45
12.2,13.09
14.5,17.73
22.5,18.49
4.1,4.52
6.0,6.56
7.7,9.54
9.0,6.73
9.5,6.9
6.5,6.88
6.5,5.84
50.3,37.01
8.5,9.71
24.5,22.62
16.1,20.38
6.9,8.99
11.5,11.38
6.1,6.59
7.3,8.37
6.1,4.94
8.0,7.76
4.1,4.33
12.5,12.75
8.5,6.82
6.9,10.57
5.3,6.62
13.5,9.28
7.0,11.17
6.9,7.73
2.5,11.63
4.9,4.95
4.1,5.86
13.3,15.19
8.5,9.7
6.1,6.8
7.3,9.19
5.5,5.29
7.0,6.94
5.7,6.85
6.0,5.16
8.5,10.32
4.5,4.63
8.5,7.8
11.3,12.72
16.0,10.02
16.1,17.02
16.5,17.09
13.0,14.04
11.5,11.83
25.7,28.07
11.3,8.96
3.5,4.1
3.7,4.14
4.9,5.65
17.0,13.38
10.1,10.27
13.7,14.5
10.1,13.35
52.0,53.11
3.0,8.71
4.9,4.61
7.3,8.81
4.9,6.37
6.5,8.07
12.1,10.8
12.5,10.74
7.0,14.1
4.9,5.08
14.1,17.03
9.3,8.75
12.9,9.98
3.3,4.51
9.7,9.78
10.1,11.94
11.0,10.43
9.5,9.7
17.0,13.21
24.1,27.77
9.0,9.31
11.7,12.47
6.0,6.09
18.9,24.23
10.9,13.59
8.5,7.38
5.7,7.42
4.9,6.95
7.0,6.38
6.5,7.02
15.5,15.16
14.5,13.35
4.0,4.66
7.5,8.86
27.0,26.84
47.0,42.67
5.3,7.08
6.9,8.5
12.1,11.85
11.5,10.63
9.0,9.11
6.9,5.17
4.5,5.75
45.0,53.05
5.3,7.89
8.5,8.24
7.0,7.24
13.0,11.25
8.1,8.07
7.5,5.86
10.1,10.53
32.5,33.91
10.0,9.35
13.7,14.56
5.7,9.27
4.1,5.17
11.0,7.91
2.5,9.01
6.5,5.37
38.5,37.17
14.5,12.37
5.0,7.49
24.0,17.97
39.3,36.29
13.3,15.48
6.1,6.86
6.5,5.43
6.5,5.14
5.3,7.16
4.5,4.82
4.5,5.6
12.0,13.53
10.5,7.61
10.5,10.59
6.0,7.36
9.5,8.35
6.0,5.27
5.5,7.35
7.0,8.96
43.5,32.61
3.7,4.91
8.0,8.46
57.33,55.31
6.1,6.06
13.5,10.06
4.5,4.48
4.1,6.44
6.9,8.34
11.0,9.42
6.1,5.84
11.0,7.93
7.5,7.88
11.7,11.91
6.5,5.89
2.9,4.53
15.0,16.42
5.7,6.73
9.3,8.43
56.8,9.72
6.5,6.16
18.1,23.22
8.9,9.27
12.1,10.54
14.5,10.67
4.5,5.68
14.5,8.98
7.3,8.4
15.5,16.07
9.0,7.48
10.0,6.34
4.1,4.0
18.0,13.98
12.5,12.34
14.0,11.72
14.5,15.58
52.0,37.95
14.5,11.96
18.9,21.81
9.3,9.63
8.5,7.58
8.0,6.78
18.0,15.75
5.7,6.59
10.5,11.03
7.3,8.08
13.0,13.23
17.7,20.33
6.5,6.7
4.9,7.64
4.1,5.98
6.0,6.87
7.3,7.67
12.5,7.46
33.3,36.29
4.5,7.2
9.3,4.07
4.5,5.84
10.5,9.71
8.5,11.3
4.9,7.11
8.5,7.13
9.0,6.55
12.5,11.15
13.3,15.03
8.0,6.19
13.3,12.19
17.3,17.7
5.0,4.77
49.8,52.46
7.3,7.65
5.0,5.95
5.3,7.27
8.0,6.78
5.7,10.02
6.1,8.34
17.5,10.63
9.0,10.26
10.5,7.84
6.1,5.58
4.5,4.26
4.9,6.76
11.3,13.8
4.5,5.13
4.9,4.69
9.5,10.89
4.9,5.83
3.3,5.02
13.3,14.8
17.0,14.21
7.3,8.23
14.0,12.52
10.1,7.96
9.0,6.78
6.5,4.91
12.0,14.35
9.3,6.91
6.5,6.35
8.0,7.45
6.5,7.4
10.5,11.33
4.9,4.84
7.0,9.47
8.5,7.88
18.0,13.7
29.83,24.92
9.0,8.62
12.5,12.87
4.5,4.92
10.0,10.58
8.9,8.19
8.5,8.61
9.3,9.1
6.1,6.1
10.5,10.22
5.3,7.53
11.0,9.03
8.5,9.9
11.0,8.95
5.5,4.28
12.1,11.77
8.9,7.95
4.9,5.1
8.5,9.37
4.0,4.99
4.1,4.3
9.7,13.8
13.5,13.22
6.0,4.57
7.0,6.49
7.0,8.38
38.5,38.32
6.0,5.47
11.3,13.63
9.5,10.09
8.0,18.92
6.1,11.75
4.1,4.81
34.0,23.67
6.5,7.88
4.5,5.44
41.83,10.08
13.0,16.8
10.1,9.37
9.5,7.57
7.7,9.26
15.3,5.9
6.5,7.81
13.5,13.48
12.9,14.21
20.9,23.94
10.0,9.77
6.0,5.87
3.5,4.25
7.0,5.53
5.5,4.92
6.1,5.1
6.9,8.1
4.5,4.26
14.9,15.37
5.3,7.13
7.0,5.73
4.1,6.19
11.0,8.77
5.5,6.24
7.9,9.05
7.0,7.91
7.0,8.52
14.0,11.73
6.1,6.74
4.9,5.49
7.3,8.08
6.5,7.48
4.1,5.74
6.5,6.04
6.5,7.65
5.5,5.41
10.1,11.3
5.3,6.08
11.3,12.98
14.0,9.67
56.8,52.9
10.5,7.52
4.5,4.33
5.5,5.15
10.0,6.37
24.0,18.27
7.5,7.18
9.0,9.68
14.0,7.59
5.0,4.58
7.0,5.73
12.5,10.2
5.7,7.34
4.9,4.54
4.5,5.67
6.5,7.49
42.27,45.24
7.0,7.15
4.0,5.24
9.5,9.21
31.3,28.57
12.1,11.41
6.9,8.94
6.1,6.98
14.0,6.78
8.9,23.11
11.3,11.26
15.3,14.21
9.5,8.54
6.1,6.26
6.0,4.24
28.0,31.93
7.7,9.11
5.7,5.43
56.5,25.04
5.5,11.25
8.5,8.02
11.3,14.44
7.0,5.41
8.0,5.45
8.5,8.06
8.1,10.03
4.5,6.47
8.1,10.16
18.5,15.87
3.7,6.16
5.0,5.74
21.5,25.49
6.1,7.66
15.0,11.65
5.7,10.52
4.9,5.7
9.3,10.25
8.1,8.7
16.5,20.01
11.0,12.15
7.0,5.61
5.3,7.5
4.5,5.97
8.1,8.78
9.5,7.53
4.9,7.49
8.5,9.08
11.3,10.91
6.1,8.09
4.5,5.65
49.57,49.73
7.5,8.95
5.3,6.73
5.3,5.8
9.3,11.65
9.7,11.89
7.0,6.96
4.0,8.57
14.0,14.02
4.5,4.95
6.0,5.5
9.0,9.47
18.5,11.52
6.5,6.74
11.0,10.03
57.33,49.15
16.5,16.26
8.1,6.06
4.5,5.34
7.3,8.14
52.0,47.11
26.5,28.72
6.5,4.87
5.5,5.85
4.9,9.09
15.7,12.87
6.9,6.52
6.9,9.66
9.7,13.99
8.5,8.62
12.5,11.51
7.3,8.6
8.5,8.56
11.5,11.1
5.7,6.69
7.3,8.4
4.9,6.02
9.0,8.88
6.9,9.2
4.1,5.66
12.0,10.1
7.7,7.66
6.3,6.82
5.7,5.0
45.0,54.07
11.0,9.36
11.3,9.89
5.3,5.47
5.3,6.34
49.8,11.73
4.5,5.44
14.9,6.68
6.1,7.32
8.5,11.48
19.5,14.36
12.5,12.03
7.5,5.27
4.1,5.93
10.5,8.5
7.5,6.56
24.1,19.99
7.5,5.95
8.5,9.19
6.9,5.56
6.5,8.66
6.1,5.7
8.1,8.1
8.9,11.11
11.0,9.37
5.5,5.73
4.5,5.23
8.9,9.79
9.5,7.81
14.5,5.37
2.9,3.67
5.0,4.82
7.3,9.48
49.8,52.78
45.83,30.99
5.3,6.08
16.0,14.5
5.3,5.8
9.7,11.72
16.5,10.95
5.3,5.49
17.5,17.09
10.5,12.9
12.5,12.96
8.1,7.8
9.3,8.88
25.3,30.98
6.9,6.53
7.3,8.16
9.5,9.31
5.5,11.2
4.5,6.54
11.7,9.0
3.3,3.65
5.3,6.42
11.5,12.27
10.5,12.4
6.5,10.0
5.3,5.15
14.1,18.14
8.5,10.28
8.5,8.58
5.5,4.9
6.0,5.31
12.9,15.07
8.0,9.3
12.0,10.34
9.5,6.06
14.5,14.63
4.5,3.36
8.9,10.31
6.0,7.7
4.5,5.81
9.3,9.91
12.0,9.61
11.0,13.76
6.5,6.97
12.5,12.0
10.1,12.22
6.5,6.87
9.7,11.19
6.9,7.54
10.5,9.08
4.5,5.63
6.1,6.76
5.7,5.27
8.1,9.54
39.7,45.91
6.0,4.68
105.0,163.63
6.1,6.04
5.0,5.42
8.5,10.33
17.5,14.19
4.1,5.14
7.3,8.81
4.0,4.58
12.1,11.43
6.1,6.23
5.0,6.8
5.7,5.08
23.0,17.94
8.9,8.23
8.0,6.5
7.7,8.8
6.9,7.15
7.0,6.99
12.5,12.75
17.0,15.05
3.5,5.71
9.5,10.74
5.0,6.08
11.7,13.9
3.3,3.9
10.0,9.54
6.1,6.69
6.1,5.95
15.7,15.14
8.5,8.56
4.5,5.14
5.5,4.72
4.5,5.28
6.0,5.78
6.9,7.52
9.7,11.66
5.0,4.78
16.5,10.81
7.0,6.64
10.0,6.16
56.8,53.49
16.5,22.61
12.1,12.95
6.1,7.16
6.5,6.92
8.5,8.91
10.5,11.68
6.9,9.32
5.7,6.11
3.3,5.13
7.0,7.1
5.7,6.34
4.5,5.51
8.0,7.45
6.0,5.21
17.8,18.66
4.1,9.41
24.9,20.58
11.3,11.34
8.1,8.71
10.0,11.62
12.0,14.08
22.9,19.02
8.1,8.68
5.0,4.67
6.1,7.79
8.1,9.6
9.8,10.0
7.7,15.3
32.0,9.44
6.5,7.16
57.33,17.87
7.3,8.98
14.5,9.29
3.7,4.37
7.7,7.49
5.3,5.84
4.1,10.14
7.0,7.51
8.5,8.81
3.7,4.25
7.0,5.67
17.7,21.0
16.5,11.74
6.1,6.42
22.75,22.68
4.5,5.3
7.3,8.43
18.9,22.31
8.0,6.34
9.5,9.93
10.9,12.83
8.5,8.92
15.0,12.72
9.0,7.98
12.9,17.32
13.0,13.17
10.5,10.56
20.1,20.7
9.0,7.71
11.3,9.36
5.3,5.74
5.5,5.26
23.0,21.53
18.9,16.17
6.1,8.74
11.3,11.43
11.7,13.72
11.0,4.31
6.5,6.1
10.1,10.54
11.3,10.87
5.7,6.66
8.5,10.04
14.5,18.68
4.5,4.59
19.3,21.78
9.5,9.07
16.1,14.95
12.9,11.37
8.1,10.18
18.5,8.09
4.5,5.94
6.5,5.88
3.3,9.89
4.9,11.16
5.7,6.97
6.9,5.29
9.5,8.48
9.5,8.89
4.1,4.46
6.1,7.29
4.9,5.98
7.5,6.84
7.3,8.67
9.0,9.08
17.4,18.16
5.7,5.57
5.3,6.98
5.3,6.01
3.3,4.76
9.0,9.08
10.5,5.64
12.5,11.31
5.7,7.12
5.5,4.76
27.7,29.81
15.3,5.98
5.7,6.18
11.0,11.09
6.1,7.45
9.3,7.1
17.7,22.02
30.8,32.59
5.7,6.51
7.3,7.24
7.3,9.88
4.5,4.55
7.5,7.17
6.0,6.7
4.5,4.87
10.5,9.48
8.5,9.16
29.5,23.17
49.3,53.29
14.0,10.97
9.5,8.43
38.33,35.52
4.9,5.15
9.5,6.82
5.5,5.34
9.0,9.6
6.5,6.43
8.5,8.1
8.9,9.48
11.5,11.66
6.5,8.08
12.9,13.35
6.5,5.68
7.3,7.86
10.5,11.34
15.3,11.22
9.5,8.45
9.0,8.12
12.1,15.64
6.5,7.61
5.5,5.12
14.5,15.57
5.7,5.48
7.0,6.93
7.7,10.02
14.0,12.88
12.5,9.71
2.9,4.06
5.7,5.65
4.5,6.83
49.57,52.68
8.5,6.38
5.3,21.28
13.5,13.15
9.0,7.22
20.5,16.3
6.5,6.59
5.0,4.98
9.0,8.69
5.0,5.29
8.5,7.63
8.9,9.43
4.9,6.36
14.0,12.49
23.5,9.87
4.0,5.5
4.5,4.82
5.3,7.78
28.67,28.84
7.3,7.29
3.3,4.1
49.57,38.03
3.3,10.69
14.5,7.55
4.5,4.41
5.7,5.97
6.5,7.63
15.3,15.05
4.5,4.91
42.83,36.54
4.9,5.06
15.3,16.74
5.5,4.84
6.9,8.99
7.7,7.66
10.5,13.39
4.0,6.56
9.7,10.81
7.5,7.86
5.3,6.79
17.3,15.68
4.1,5.2
6.9,12.0
7.7,10.76
17.7,17.38
4.1,5.02
6.5,8.75
8.9,8.91
7.5,8.03
13.0,8.67
8.5,8.13
6.3,4.64
16.5,18.31
10.5,10.41
15.0,11.24
6.5,7.91
4.5,5.76
5.5,6.94
8.1,6.14
7.0,6.5
12.5,13.06
4.9,5.94
5.0,6.42
6.1,8.26
10.5,5.99
15.5,12.71
49.8,55.08
5.3,5.26
14.1,16.14
23.5,20.19
8.5,10.31
3.7,4.65
8.9,8.78
41.83,32.13
3.3,5.4
9.5,8.05
2.9,3.64
16.9,6.48
8.5,9.6
8.5,7.87
7.7,8.38
11.3,14.29
7.5,7.48
5.5,11.51
12.1,13.65
3.5,5.44
10.5,10.43
5.0,5.14
12.1,10.84
6.5,7.32
4.9,6.92
15.5,12.75
9.0,11.13
6.9,6.27
6.5,6.6
29.07,28.89
10.1,10.72
5.3,5.93
7.3,8.2
9.3,12.33
4.5,5.78
24.5,11.59
13.5,12.32
7.5,7.21
43.7,53.32
8.5,8.35
3.7,7.13
6.5,7.08
7.3,8.07
19.5,16.11
9.0,6.78
7.3,6.92
10.5,15.32
13.0,11.96
57.33,50.38
6.5,5.4
9.7,7.9
7.7,10.45
49.8,50.55
14.1,21.19
5.5,4.89
6.5,6.32
14.1,15.65
6.9,6.66
6.9,9.69
8.5,8.92
17.0,17.67
4.9,5.07
5.3,6.12
8.1,10.65
11.7,10.01
5.7,6.33
7.5,6.54
7.0,6.98
10.9,12.21
13.0,12.19
8.1,8.99
14.0,10.2
7.3,8.59
15.5,14.33
5.3,6.85
6.5,5.78
5.7,7.73
13.3,14.93
2.5,7.32
3.5,4.29
8.5,7.54
6.5,7.95
12.9,15.08
11.5,9.15
5.0,6.14
26.5,24.65
7.3,9.79
7.7,8.42
5.3,6.71
7.3,7.45
8.9,10.83
8.1,9.47
10.5,9.7
10.1,10.53
12.0,10.9
18.9,18.98
17.7,20.72
14.5,12.03
8.5,8.4
3.5,4.17
14.5,13.91
9.0,10.46
13.3,12.18
8.9,10.17
9.7,10.47
10.9,5.56
7.5,6.93
10.9,12.69
10.5,8.25
12.0,9.72
57.9,64.82
45.0,45.93
7.0,7.05
9.3,10.54
45.33,41.46
25.47,28.78
10.5,11.46
8.5,8.42
32.5,31.42
5.5,7.68
7.3,8.52
4.1,4.76
32.9,24.85
7.7,8.59
3.3,4.55
6.5,5.08
8.5,7.75
5.7,6.0
7.7,8.94
6.9,7.52
3.3,4.83
27.7,32.41
5.7,6.88
9.3,10.93
6.1,7.44
13.0,10.84
4.5,4.65
38.0,25.59
16.1,14.99
11.5,7.96
6.5,6.96
29.3,31.7
4.5,4.15
13.5,10.96
5.3,7.44
49.57,55.49
14.0,14.56
10.0,6.59
29.7,35.82
9.7,11.67
12.9,15.27
7.5,6.92
15.3,16.03
10.5,5.8
9.7,11.49
10.0,7.13
23.5,21.29
5.7,6.11
9.0,8.9
5.0,5.59
49.57,52.53
5.7,6.27
3.5,5.02
11.5,11.61
8.0,6.84
5.7,8.01
10.9,7.49
11.0,9.98
6.9,6.49
8.0,7.23
7.5,9.12
4.9,5.9
7.7,8.29
9.7,12.23
6.0,6.71
33.0,35.66
9.3,10.15
14.0,11.92
14.1,16.15
8.1,9.82
7.3,8.49
13.3,14.35
9.0,7.78
13.0,10.85
49.15,49.66
8.5,8.67
19.0,16.51
6.5,5.8
6.5,6.26
18.9,23.78
11.3,13.67
13.5,11.61
56.8,52.32
8.9,10.74
4.5,12.22
13.7,13.53
14.5,16.32
19.5,18.24
6.5,4.11
9.0,5.83
9.0,11.38
20.5,18.44
5.5,11.55
13.0,13.44
20.9,24.86
4.0,4.84
4.5,5.37
4.5,5.14
30.1,33.18
8.0,7.98
3.7,5.06
7.5,6.44
12.9,15.22
13.5,10.05
6.9,8.4
14.5,17.87
25.6,24.59
16.5,13.21
15.5,10.19
10.5,8.98
5.7,7.08
20.5,19.22
11.7,13.26
5.0,5.9
4.5,5.64
11.3,12.38
57.33,51.73
11.0,8.12
9.0,8.95
36.27,50.96
15.5,12.04
13.7,13.15
4.5,5.39
22.0,20.09
9.5,7.21
3.7,5.74
8.5,10.82
10.5,11.87
6.1,7.21
13.3,11.86
3.0,9.1
10.9,11.66
5.7,6.23
11.5,9.91
3.5,4.98
11.7,14.62
21.7,18.46
9.5,9.38
10.1,9.38
11.5,10.97
13.7,11.11
5.3,5.5
4.9,6.8
17.0,14.83
6.5,6.98
5.3,5.46
21.3,19.32
8.5,9.97
10.0,7.62
11.0,9.42
11.3,11.39
7.0,9.09
5.0,6.08
6.1,8.41
16.0,15.57
7.7,8.04
11.5,6.96
5.0,5.82
45.0,50.53
6.9,5.94
11.0,11.45
9.3,11.98
10.5,10.43
6.5,7.72
18.5,15.17
5.0,5.41
15.0,12.83
25.0,18.93
13.0,10.91
7.3,8.4
3.5,4.59
20.5,27.89
2.9,6.3
10.1,7.32
8.1,8.62
19.7,22.41
5.5,4.39
12.1,14.67
7.0,7.34
9.5,10.26
13.7,15.05
10.5,13.31
8.5,8.27
8.1,5.7
11.7,8.54
31.2,34.43
17.3,21.75
19.3,21.2
24.1,32.14
14.0,14.08
5.7,5.09
10.5,4.88
9.3,12.2
5.7,6.08
6.0,7.72
8.5,7.32
10.0,8.61
10.0,10.38
6.0,11.85
11.5,13.59
9.7,14.15
11.5,10.08
14.5,11.3
10.1,11.06
6.9,8.04
49.8,51.63
10.0,6.97
17.3,17.43
10.5,13.47
5.3,12.65
9.3,9.37
14.0,9.15
8.1,9.8
6.0,5.79
5.0,5.31
5.0,5.54
8.9,9.18
6.1,6.21
6.0,7.15
10.9,11.44
12.1,11.14
14.9,17.88
6.5,10.06
5.3,12.07
8.9,11.23
6.5,11.01
10.5,10.41
12.5,14.81
11.0,8.33
6.9,9.65
12.5,6.73
14.0,13.27
7.7,7.54
10.0,9.85
8.5,6.78
15.5,14.26
71.0,8.36
6.5,8.66
10.9,12.97
14.5,7.76
5.7,5.91
8.1,8.28
6.1,5.62
23.5,27.59
15.3,12.5
7.5,7.27
26.0,21.12
32.9,34.12
10.5,12.74
15.5,11.16
6.5,7.21
4.1,5.34
6.5,8.73
13.0,10.13
4.5,5.28
12.5,9.85
6.5,6.73
9.3,9.87
2.9,5.2
8.1,10.52
13.7,12.15
22.9,25.76
9.7,10.75
16.0,10.34
16.1,18.87
52.0,49.35
15.5,9.24
8.1,7.94
6.5,7.06
8.0,5.57
9.7,9.69
7.7,7.41
8.1,8.08
7.5,6.69
9.7,5.75
14.5,12.48
3.4,6.79
4.5,4.67
14.5,16.35
9.3,7.91
5.7,6.17
2.5,9.08
7.3,9.05
31.5,28.63
5.3,7.11
12.5,10.5
10.1,11.82
9.0,5.77
9.5,10.16
6.1,7.38
5.0,4.48
4.1,5.78
4.9,6.28
5.0,4.96
11.5,9.33
57.33,47.83
5.3,7.97
3.7,24.64
10.9,8.02
8.0,10.35
38.0,34.19
11.0,10.18
26.9,35.39
6.5,6.26
9.3,6.1
6.1,5.78
4.9,6.56
6.0,7.67
4.5,5.43
7.7,9.5
9.3,9.53
13.0,11.64
6.9,11.94
16.9,9.17
15.0,13.08
8.5,12.08
5.5,5.56
6.0,16.6
7.7,8.77
8.0,8.25
11.5,11.58
22.5,19.74
4.5,6.09
7.3,8.3
12.5,14.17
3.7,4.83
8.0,5.77
24.0,17.99
4.5,10.58
7.3,6.0
14.5,19.29
4.9,5.59
9.3,10.86
9.5,8.8
57.33,55.45
4.5,19.17
9.0,7.98
10.0,8.91
5.3,6.63
16.0,12.01
6.5,7.15
6.5,7.9
4.9,5.41
6.5,6.54
7.3,9.59
5.7,6.3
7.3,8.7
4.9,3.97
2.9,5.13
7.5,6.9
5.5,5.33
27.5,25.07
8.1,8.97
9.7,12.07
15.5,13.61
8.0,8.21
7.0,5.91
5.7,5.51
12.0,11.59
9.3,10.24
6.1,7.97
9.7,10.18
14.1,16.13
11.5,9.39
5.3,6.25
9.5,8.27
15.0,9.63
18.5,14.12
5.7,5.23
7.0,6.32
26.5,25.23
5.9,7.36
9.0,8.61
11.3,10.69
27.3,30.04
4.5,5.35
6.1,6.05
18.0,18.99
4.0,3.83
28.0,17.3
13.3,13.77
4.5,6.33
12.5,5.66
13.5,12.02
5.3,7.37
33.7,34.45
26.0,22.65
14.1,14.04
4.5,5.03
5.7,6.8
6.1,6.16
14.0,12.82
8.9,10.67
3.5,4.88
15.5,14.14
3.3,4.37
34.5,43.17
27.3,29.55
10.5,8.3
8.0,9.38
8.9,11.33
13.0,11.69
8.9,9.27
9.0,6.52
57.54,51.68
9.0,8.95
16.9,16.41
7.3,5.98
10.5,9.13
9.0,8.45
7.0,7.51
14.0,12.86
5.0,10.63
5.0,6.82
26.5,25.58
9.3,10.84
8.5,7.7
11.3,13.16
16.1,20.17
11.5,12.75
5.7,5.81
14.5,13.9
6.1,9.49
5.3,6.15
5.3,6.49
7.7,9.06
7.0,6.76
9.0,7.45
19.3,24.37
9.3,11.1
35.33,37.06
7.0,7.95
16.1,22.05
8.0,9.17
5.3,4.69
5.3,5.85
5.0,9.57
6.1,6.93
2.9,4.62
10.5,11.49
3.3,4.95
6.5,7.75
6.9,7.78
4.5,6.23
6.5,8.0
8.1,9.03
8.5,7.34
7.3,7.15
9.7,11.05
7.3,7.95
8.5,7.95
6.1,9.22
14.5,15.37
4.1,6.59
4.9,4.42
8.1,8.65
4.0,4.37
10.5,12.66
12.1,12.26
4.5,4.15
10.5,9.52
13.0,11.65
18.9,19.21
6.5,7.78
6.9,9.46
6.9,5.61
10.9,13.25
7.5,6.21
10.1,10.92
4.5,5.57
7.3,21.02
8.1,10.22
8.1,6.71
23.0,22.2
6.0,7.96
52.0,48.11
5.3,6.22
6.5,8.39
7.5,6.15
8.5,7.02
6.5,6.26
9.0,9.44
5.0,4.45
53.83,42.98
10.0,9.54
5.3,7.05
31.33,32.21
28.0,26.87
3.7,10.02
4.5,5.14
8.5,9.49
7.7,8.11
10.5,10.93
13.5,14.44
10.5,9.78
40.83,34.19
3.3,9.66
6.5,7.46
5.3,6.2
9.3,11.33
5.7,7.08
23.0,21.38
5.5,7.21
6.1,7.22
5.5,5.46
5.0,6.41
13.7,14.63
15.0,15.65
7.5,7.53
4.9,6.35
5.3,5.34
5.5,5.03
12.5,11.52
10.5,7.12
5.7,5.89
8.5,7.38
5.5,7.22
11.0,10.96
5.5,4.95
6.0,5.97
16.5,11.35
11.5,9.88
18.5,22.85
5.7,10.85
14.6,14.27
10.5,9.27
7.5,7.42
7.7,8.71
4.9,4.88
11.0,12.08
18.5,14.64
11.5,7.39
8.5,8.22
5.0,4.89
5.5,5.76
7.5,8.88
4.0,5.44
2.5,9.2
57.5,45.27
7.0,8.08
4.5,6.01
8.0,7.58
8.5,6.8
32.5,28.35
4.5,5.44
8.9,9.74
10.9,12.57
19.0,11.94
10.5,7.86
4.5,5.21
10.5,7.16
12.5,12.91
10.5,9.08
8.5,8.34
4.9,5.74
4.0,5.37
19.5,20.01
7.3,8.02
8.5,8.1
25.0,26.44
4.0,5.22
10.5,9.53
14.1,18.52
5.0,6.67
10.0,10.55
4.0,4.62
22.5,17.9
10.5,14.57
10.9,11.78
7.7,7.99
6.9,8.45
7.5,10.79
12.1,11.73
5.0,4.76
8.1,8.88
18.0,22.79
17.0,9.49
8.1,9.35
6.5,8.8
8.1,7.93
12.5,9.21
8.9,7.5
9.5,8.21
5.5,5.6
16.1,18.56
8.1,8.28
14.5,11.06
10.0,9.48
20.1,23.42
8.1,8.25
5.0,4.35
6.5,7.03
8.5,5.65
11.0,10.2
12.5,8.82
4.9,5.23
5.7,6.05
4.9,10.85
10.5,12.13
10.1,14.58
7.0,5.73
9.5,17.02
30.83,25.46
10.5,11.58
7.3,8.49
8.0,6.72
10.9,12.37
6.5,6.26
6.5,7.24
14.5,9.35
4.5,5.87
11.3,13.83
6.9,72.8
6.1,7.42
8.0,7.34
3.5,5.92
4.9,5.28
11.7,11.63
9.5,9.08
5.7,6.74
9.3,7.53
11.3,8.42
3.7,4.3
5.7,6.88
4.9,5.46
8.5,7.96
19.0,16.24
4.9,5.25
17.3,19.51
8.5,11.28
7.5,8.02
9.7,9.39
9.5,7.45
4.5,5.23
8.9,8.55
10.0,7.0
8.0,9.29
45.0,51.08
11.5,11.4
14.9,17.65
4.9,5.76
6.0,7.18
27.5,34.05
6.9,6.09
8.5,7.52
10.1,11.2
12.5,11.94
7.3,9.19
12.0,10.63
6.5,7.36
3.7,4.88
9.7,8.42
11.3,15.29
18.0,15.99
28.0,17.88
25.7,28.07
5.3,6.07
20.5,22.5
16.5,16.4
7.3,8.65
6.1,7.27
7.5,7.96
8.0,7.66
5.5,5.1
9.5,7.96
7.5,7.3
5.7,5.56
8.0,7.13
6.9,9.86
6.5,6.95
9.5,9.26
11.5,10.34
10.9,13.44
57.33,50.24
10.5,8.39
57.33,49.62
11.5,7.24
6.5,5.86
13.0,11.18
9.3,11.39
49.57,56.54
10.1,12.17
4.1,5.68
57.33,53.35
5.5,9.35
6.5,6.25
8.5,8.04
5.3,6.29
21.5,22.19
10.9,11.45
8.1,7.68
11.3,15.81
20.9,23.03
4.1,6.57
7.0,6.95
5.7,7.65
6.1,6.2
7.0,7.49
8.5,8.26
13.5,14.82
5.0,5.42
6.1,7.98
11.7,11.95
7.0,6.19
3.3,4.46
4.5,6.05
24.5,22.39
6.1,7.87
7.5,7.19
17.7,17.8
4.5,4.38
7.0,6.31
30.83,27.73
13.7,14.96
8.5,6.94
8.5,11.16
4.5,5.09
5.3,5.6
7.5,7.53
12.5,9.7
6.5,7.46
5.7,8.59
9.0,7.72
8.5,7.12
7.5,8.15
9.0,6.36
8.9,9.16
9.3,10.84
4.9,6.51
18.1,11.73
12.0,10.21
14.9,15.71
18.9,20.0
3.8,5.86
8.5,9.0
3.7,4.59
3.5,3.93
6.3,11.22
6.1,7.36
12.5,4.75
9.5,7.82
19.0,13.37
6.5,6.86
5.3,6.92
14.1,16.25
4.0,5.4
11.7,13.64
4.1,5.34
13.5,10.58
19.5,15.49
9.0,7.99
20.0,19.11
18.9,22.02
10.9,9.09
4.1,5.12
3.7,4.77
22.5,16.83
2.9,6.96
5.5,4.44
5.7,5.95
7.3,9.57
7.5,7.51
4.0,4.43
15.3,15.2
4.1,4.81
9.5,10.06
5.0,5.91
10.1,12.34
12.0,9.01
5.3,6.79
12.0,11.2
8.1,7.07
13.7,13.44
38.83,29.46
10.9,11.71
7.0,7.98
26.0,17.56
15.5,14.9
13.3,15.74
4.5,3.92
10.9,9.94
12.5,8.38
6.5,6.69
52.0,54.08
7.0,8.68
10.5,1.91
5.3,6.38
4.9,6.75
8.9,9.0
24.1,24.0
14.5,16.82
11.0,10.15
5.0,4.93
9.3,6.88
23.7,26.88
5.3,5.33
9.7,10.24
4.5,4.58
20.0,14.89
20.0,15.72
13.0,15.45
2.5,4.1
5.7,6.1
8.5,11.31
5.5,4.82
12.5,12.85
18.5,14.8
25.05,27.13
8.0,8.18
14.0,11.16
6.5,7.5
4.9,6.71
3.0,4.43
5.5,5.82
4.5,4.94
6.9,9.04
49.57,51.05
5.0,4.04
26.9,24.22
17.0,16.61
8.5,8.6
6.5,8.1
19.0,17.49
3.7,6.09
9.0,7.38
14.5,13.98
5.3,5.78
9.5,9.47
17.5,15.48
3.3,5.29
5.7,6.79
6.5,7.53
42.0,26.73
24.1,23.56
5.7,13.62
6.9,7.22
5.0,4.77
6.9,7.34
16.5,15.26
11.7,18.37
4.5,4.3
57.33,52.1
57.33,53.43
13.3,16.27
21.7,24.89
5.7,6.45
20.0,20.16
8.9,13.49
29.7,8.53
4.9,5.96
14.1,13.09
6.5,6.41
5.0,5.58
36.0,34.79
8.5,6.47
10.0,7.33
10.1,17.48
12.0,12.68
5.3,4.91
11.7,14.03
69.9,67.35
10.1,10.21
20.5,6.92
9.7,11.65
5.5,5.46
8.5,9.39
8.5,6.01
9.7,10.53
7.3,7.08
12.1,10.0
8.5,10.78
7.3,9.72
4.5,4.51
46.0,39.45
48.0,36.64
20.5,18.98
17.0,12.38
13.3,15.13
22.0,16.24
12.1,5.99
3.7,5.31
6.5,7.24
11.0,10.38
5.0,5.1
9.3,10.64
42.0,40.74
9.7,14.38
12.1,13.99
7.7,8.67
13.3,14.34
10.5,9.4
5.0,4.75
8.0,6.38
18.0,16.96
14.5,10.29
3.7,3.82
35.33,27.0
6.9,6.13
8.9,10.79
28.83,11.77
49.8,53.44
25.0,20.41
7.3,6.74
18.0,12.0
4.1,5.6
45.0,52.97
5.7,6.66
6.1,7.26
10.1,10.56
6.5,6.45
5.0,5.21
4.5,5.75
8.0,5.11
4.1,7.1
9.7,10.32
6.0,4.47
23.0,25.29
8.0,7.3
8.5,9.45
5.7,6.03
8.1,8.13
8.5,9.03
25.0,25.86
10.5,12.57
6.9,9.01
4.1,4.52
10.5,8.95
10.5,11.07
11.5,10.23
7.3,7.07
9.0,8.86
18.0,20.14
33.0,24.43
6.1,5.94
16.0,16.05
5.7,6.91
26.9,31.24
6.5,6.62
20.9,18.29
6.9,8.85
16.9,19.45
5.0,4.63
5.7,6.47
4.5,5.17
4.9,5.82
18.0,18.02
6.5,6.12
8.1,6.13
10.5,11.18
12.5,13.1
5.7,5.83
5.3,5.02
4.5,5.78
29.7,30.68
11.3,10.12
12.5,11.33
10.1,9.93
2.9,6.9
9.3,9.89
13.7,16.87
7.3,10.41
6.0,6.77
24.1,30.11
9.7,10.58
9.3,10.64
9.3,11.3
3.7,5.57
2.5,4.46
5.5,5.14
6.9,6.51
6.0,5.18
12.0,8.9
57.33,51.14
4.5,4.28
4.1,4.57
7.3,6.22
4.1,5.08
15.5,20.38
4.9,5.58
14.5,12.55
8.7,8.9
5.0,5.38
19.0,13.36
7.0,7.61
18.1,17.18
14.5,10.94
4.1,5.6
7.7,8.57
49.8,52.83
15.3,18.37
22.1,18.03
14.1,15.57
3.7,9.98
20.9,26.04
4.1,5.13
5.3,5.54
23.5,21.76
10.5,9.99
8.1,9.1
4.9,5.68
8.5,9.97
5.3,7.3
19.7,21.99
14.5,13.88
7.7,8.11
16.9,17.01
4.9,4.83
8.9,9.86
4.5,5.04
8.0,7.05
2.9,4.66
4.9,5.53
8.5,9.07
5.0,5.75
6.1,6.6
4.0,4.52
7.0,9.8
7.0,6.85
7.3,8.72
4.5,6.53
5.5,6.94
6.1,5.81
4.0,4.65
8.9,10.7
6.9,7.14
7.5,7.8
9.7,8.4
3.5,4.66
5.3,5.03
4.1,4.95
4.0,4.82
3.7,6.2
6.9,6.94
6.1,7.53
9.3,11.5
7.3,7.76
25.0,13.73
14.5,12.39
5.5,7.24
8.5,8.94
17.0,15.86
10.0,10.08
3.7,5.27
8.5,9.53
31.5,28.74
16.0,14.79
12.9,10.9
3.3,3.72
20.5,5.47
9.8,8.96
7.5,8.74
7.3,5.83
8.5,11.31
9.0,9.13
12.1,12.93
14.0,10.25
15.5,8.56
8.9,10.4
5.0,4.72
7.7,9.4
30.5,32.33
10.5,13.01
10.0,9.88
3.3,5.09
5.5,6.48
8.0,8.15
12.5,10.07
5.5,11.27
7.5,7.7
9.7,10.45
10.0,12.33
8.1,6.42
5.3,5.88
7.7,9.09
6.9,7.36
6.5,8.07
18.1,20.77
7.0,7.24
6.1,7.51
4.5,6.91
6.9,9.28
13.3,15.27
6.5,7.89
5.5,4.49
8.1,11.68
3.7,5.5
7.5,4.95
11.0,9.53
4.5,5.14
12.5,15.58
10.5,9.5
19.3,14.76
7.5,6.14
4.9,6.31
10.0,10.43
11.0,10.52
4.5,4.85
16.0,12.4
5.5,5.84
4.9,5.76
14.5,10.98
6.5,6.98
11.3,13.16
10.5,9.88
10.0,8.09
6.0,5.43
5.0,5.58
6.1,7.5
10.5,10.25
7.7,10.81
7.0,5.71
16.9,4.27
17.3,14.02
6.5,6.16
4.5,6.32
12.5,15.55
10.5,10.74
10.5,9.12
7.0,8.49
13.0,11.28
4.9,5.14
12.0,9.92
21.7,22.93
4.9,6.41
7.5,9.38
7.3,9.48
3.0,4.18
10.5,9.08
7.3,7.47
5.3,5.52
7.3,8.0
9.5,8.53
10.0,8.79
4.5,6.07
10.1,10.96
8.9,9.62
3.5,5.41
6.1,7.05
13.5,12.53
9.0,8.95
4.5,5.36
12.0,12.36
9.0,6.86
12.5,10.57
8.0,8.3
8.9,10.22
6.5,5.57
6.0,6.39
4.5,5.56
8.5,7.48
4.9,5.3
8.5,9.2
8.5,11.99
39.5,10.55
10.0,9.14
12.5,9.64
10.1,9.6
12.0,8.22
17.0,18.51
5.7,7.71
13.0,11.94
11.0,5.57
17.3,12.64
4.1,5.51
9.0,6.86
5.5,6.33
11.5,7.8
14.5,15.68
10.0,8.38
7.5,8.11
6.5,6.68
7.5,7.01
9.7,11.63
6.1,6.95
18.1,15.59
3.3,4.83
57.33,51.21
7.5,6.47
5.3,6.42
14.9,8.41
19.0,16.96
22.5,21.31
10.9,12.59
35.3,33.53
6.5,7.73
5.5,5.8
6.1,4.59
3.3,3.86
5.5,5.72
16.5,13.95
4.0,4.12
10.9,15.04
12.5,9.6
3.5,4.68
6.5,5.14
6.1,7.28
8.9,9.17
12.0,11.99
7.5,7.41
6.5,7.23
10.0,9.63
11.0,11.73
6.9,7.82
6.3,6.17
10.5,12.39
7.3,9.0
5.0,5.41
11.3,6.48
33.3,35.79
7.5,7.02
7.5,5.21
52.0,50.82
20.1,17.0
7.3,8.56
15.0,13.66
7.5,8.28
14.0,13.03
5.5,5.94
37.83,31.74
4.1,5.21
26.2,6.91
8.5,6.36
7.7,9.86
7.7,8.35
17.5,15.12
12.5,12.31
8.1,8.19
7.5,5.15
4.9,6.17
41.5,40.75
10.5,6.77
6.1,7.19
6.5,6.59
20.0,11.33
10.0,9.25
52.0,55.11
12.9,13.62
8.1,7.17
8.5,9.59
4.1,6.35
7.7,9.29
56.67,57.94
32.27,31.55
6.9,7.79
6.5,4.48
4.0,5.17
20.1,16.28
22.5,18.34
6.9,6.44
19.3,17.76
12.0,10.49
16.5,17.71
9.3,7.71
6.5,6.59
5.3,5.85
4.5,6.06
6.5,6.23
9.7,9.76
18.2,18.69
16.5,20.75
12.0,11.04
7.7,8.51
7.3,7.45
4.5,5.34
6.5,8.5
8.5,8.04
5.7,5.24
11.5,8.32
3.3,4.34
5.3,5.1
5.5,5.43
7.5,7.7
14.5,10.95
5.7,6.82
11.5,9.76
6.0,6.89
6.0,5.92
9.0,8.09
8.1,9.92
17.7,11.14
5.3,6.9
15.7,11.59
10.5,9.77
5.0,5.78
4.9,5.82
6.5,7.87
4.9,4.76
4.9,6.44
11.0,7.7
10.1,9.19
5.3,6.3
6.5,5.4
7.3,7.92
14.0,10.59
5.7,6.67
5.3,10.93
6.5,7.66
8.1,10.47
14.5,12.63
4.0,5.26
4.1,5.48
9.5,7.94
13.0,13.27
6.0,6.13
5.7,6.1
11.0,11.52
12.5,10.33
7.3,10.07
9.5,9.47
32.5,31.86
24.0,18.68
7.5,6.68
17.7,16.96
10.9,13.86
5.0,6.62
15.5,9.7
5.5,5.99
11.0,5.59
10.0,9.21
7.3,7.08
10.5,11.6
27.7,27.78
10.0,9.21
9.0,8.82
7.3,6.1
19.3,16.51
18.5,23.93
3.5,6.08
14.0,11.65
9.5,6.64
4.5,6.34
8.1,11.23
4.9,5.35
6.0,6.11
5.7,6.32
5.7,6.07
19.8,17.72
6.5,4.98
12.5,9.13
12.5,17.61
13.3,16.49
5.0,3.97
16.5,18.1
10.0,9.54
4.1,5.47
8.5,9.82
4.9,5.3
23.3,24.85
12.0,12.36
4.1,4.54
10.9,10.28
8.9,9.97
9.7,15.03
36.33,38.12
12.5,20.0
5.3,5.71
5.7,5.71
10.0,7.97
17.5,14.26
8.5,9.45
8.9,10.65
8.5,11.16
6.5,6.82
5.5,6.7
8.5,9.97
4.9,6.56
10.0,10.43
9.3,6.36
13.0,13.13
4.5,4.1
5.7,5.63
10.0,7.95
19.5,19.32
9.5,10.05
7.3,7.59
25.7,26.81
9.5,7.14
2.5,6.05
5.5,5.34
6.5,18.29
6.9,9.37
20.9,20.64
7.5,8.67
4.5,5.29
6.5,5.79
24.5,22.02
9.3,10.21
10.5,14.54
5.0,15.41
9.7,12.18
11.7,12.62
22.1,20.28
10.1,10.05
36.5,35.64
6.5,5.73
8.5,9.16
8.5,9.25
16.5,15.13
3.7,4.6
4.9,6.62
8.9,9.75
7.7,8.23
9.5,10.96
6.1,7.54
8.1,8.31
8.9,6.89
5.0,4.92
9.5,9.01
10.5,10.3
10.9,11.51
12.1,13.81
14.5,17.0
5.5,6.52
11.0,11.2
12.5,15.74
11.3,14.23
6.5,7.93
4.5,4.69
7.5,9.41
4.9,6.46
10.1,10.15
12.5,8.48
42.5,41.65
4.1,5.12
4.5,4.83
4.1,4.86
8.5,7.04
12.5,10.37
6.9,6.92
7.3,8.88
18.1,11.49
6.5,7.53
7.5,6.8
16.0,11.45
6.5,7.39
8.9,8.98
9.5,6.75
5.5,5.04
9.0,9.41
8.9,8.39
4.9,4.58
20.1,19.02
38.5,36.55
18.0,16.47
17.0,13.5
6.0,6.73
3.7,5.4
6.1,7.27
10.0,8.42
7.7,8.08
8.5,8.02
11.5,7.15
8.5,9.71
5.3,8.57
5.3,6.71
7.7,8.22
6.9,7.87
12.0,10.09
16.1,12.6
11.0,7.49
3.3,6.92
16.5,18.88
5.0,5.69
8.9,7.95
4.1,4.31
20.5,20.97
5.3,7.27
6.1,6.94
9.7,9.02
11.5,10.13
11.3,9.51
5.5,6.55
4.5,5.76
6.9,6.68
7.7,9.46
26.5,31.13
35.0,48.89
14.0,14.78
42.3,37.2
8.5,7.84
19.5,19.64
6.0,6.22
20.0,19.35
5.7,6.69
5.3,7.56
13.5,13.06
6.1,7.76
8.1,9.71
8.1,9.24
10.1,15.4
5.7,8.25
6.5,6.46
7.3,8.91
6.5,6.2
12.5,9.5
9.3,9.83
8.5,8.13
13.3,15.29
45.0,49.5
5.0,5.51
14.5,12.5
6.5,6.84
4.5,6.02
6.9,9.93
56.8,49.25
3.25,10.16
4.5,4.59
6.1,11.14
8.9,7.94
18.0,15.09
6.5,6.29
5.7,7.68
12.5,7.71
4.5,5.03
5.7,7.24
7.7,9.82
4.9,5.52
5.7,8.86
33.07,34.85
6.5,8.28
6.0,4.86
6.0,6.28
10.6,10.27
49.8,50.1
12.9,12.24
6.1,7.53
8.5,8.67
16.9,16.16
12.5,13.62
15.0,17.06
8.9,9.23
7.3,6.43
8.9,11.11
6.9,7.63
5.3,6.15
4.0,4.98
3.7,7.12
6.5,6.52
32.67,31.32
4.6,5.56
6.9,6.12
6.5,10.57
3.3,12.55
7.5,8.03
12.1,14.22
18.9,15.84
7.5,7.79
5.5,6.46
7.5,6.79
4.9,4.72
6.5,6.46
7.0,8.72
6.1,5.84
15.7,11.13
17.7,18.41
6.5,4.93
2.5,9.36
19.7,26.25
5.7,7.25
5.3,5.45
5.3,6.29
8.5,7.22
6.0,4.99
9.3,11.09
7.0,6.71
6.0,19.22
14.5,18.57
4.5,3.9
6.5,8.62
22.1,19.85
13.0,14.88
11.7,13.05
8.5,7.1
16.9,17.32
22.0,21.36
11.5,11.94
11.0,9.52
7.5,6.07
7.5,7.68
11.0,9.14
8.1,9.51
3.3,4.6
5.0,5.93
8.0,6.7
4.5,4.93
8.9,6.42
4.5,8.37
16.1,17.5
6.0,6.5
12.1,10.26
7.0,6.31
6.1,8.2
12.5,13.13
4.0,4.45
6.1,6.72
8.0,8.48
16.9,12.58
7.0,7.52
10.9,13.05
13.7,14.61
9.5,9.41
3.5,5.54
4.5,5.59
10.9,12.94
13.0,10.75
4.5,6.81
12.1,8.6
17.3,15.01
23.3,23.62
57.33,52.04
5.3,6.12
8.0,5.36
6.5,5.82
13.7,15.84
10.5,8.7
7.0,7.76
13.0,13.58
4.5,4.84
11.7,11.57
8.5,7.34
21.3,19.53
17.0,11.38
6.5,7.62
21.0,17.44
8.1,18.8
6.1,6.3
3.7,10.73
11.5,9.11
10.5,9.07
6.9,8.4
7.3,9.07
6.0,6.49
8.1,11.94
13.3,15.46
16.1,19.81
5.5,5.31
6.5,8.74
7.3,9.81
14.1,12.81
8.5,8.02
4.1,5.79
6.0,6.64
3.7,5.3
5.5,6.51
23.87,28.01
6.1,6.04
18.0,14.04
7.5,8.73
5.7,7.4
4.5,4.6
12.1,9.49
8.5,6.84
12.0,7.48
11.0,8.87
8.0,7.76
14.1,13.69
28.8,26.31
5.0,5.41
10.9,12.55
5.5,6.05
6.5,8.77
41.83,33.6
7.0,7.42
6.9,8.27
11.0,10.62
7.0,6.8
12.0,11.87
5.0,5.28
7.3,8.05
6.9,8.89
12.5,13.9
6.5,8.74
10.9,14.17
6.5,9.28
10.5,7.13
12.9,12.06
40.33,35.64
8.0,8.24
11.7,12.03
10.5,11.22
7.0,7.07
16.0,10.21
10.9,11.67
8.0,8.0
6.5,6.82
4.9,5.65
4.1,5.79
4.1,5.54
13.0,10.21
21.7,29.66
20.5,17.67
7.3,9.83
10.9,10.27
8.0,7.69
4.9,5.74
7.3,7.39
5.3,5.75
11.5,10.93
7.7,9.3
6.0,6.06
6.9,9.06
9.3,7.06
15.5,11.31
8.9,10.57
12.0,11.82
8.0,8.54
6.0,6.22
15.5,11.86
5.5,6.21
6.5,8.45
10.0,9.02
49.8,50.6
6.9,7.44
7.0,7.3
13.5,12.27
17.0,10.56
4.5,4.37
8.5,9.72
7.0,5.78
14.5,10.31
13.7,13.99
3.7,9.06
25.5,26.49
6.5,6.82
12.9,14.15
7.7,6.94
25.7,26.45
7.5,9.65
31.0,36.53
4.5,4.72
7.0,5.14
10.9,13.08
3.7,3.87
4.5,5.12
5.7,6.51
4.5,5.47
7.0,6.55
6.5,5.86
20.5,20.08
6.5,4.93
5.7,6.48
13.0,11.23
7.0,6.18
6.9,6.79
6.5,6.75
6.9,6.06
36.1,25.77
7.5,8.17
10.0,7.51
7.5,6.33
4.9,6.56
15.0,12.43
6.9,5.59
15.0,13.27
11.0,8.55
6.0,5.5
8.5,9.96
10.0,9.24
3.7,4.68
19.0,19.03
6.5,8.1
10.0,9.62
10.9,13.36
12.5,10.9
6.0,5.37
6.5,8.62
13.7,13.84
8.0,5.71
30.27,33.85
5.5,5.42
16.0,14.36
11.7,13.97
25.7,31.82
8.1,8.88
8.5,12.03
14.9,15.67
34.5,24.45
5.3,5.76
6.9,6.86
6.5,7.38
2.9,5.3
6.1,7.27
11.3,10.29
9.3,10.37
14.5,13.66
6.0,7.25
10.5,11.28
6.9,8.43
11.0,7.28
4.1,4.4
12.5,11.29
13.5,13.37
18.9,22.75
12.0,13.26
5.0,4.95
12.9,12.48
5.3,6.77
20.0,16.9
4.5,5.27
13.7,11.3
14.1,10.24
13.5,13.85
3.7,5.31
10.5,8.6
7.7,8.52
10.9,11.33
4.1,12.43
4.5,18.47
15.3,17.19
6.1,8.5
8.5,8.97
7.3,9.72
5.5,5.65
50.5,39.18
6.9,7.91
4.9,5.53
7.7,9.64
6.5,7.5
6.0,4.83
9.3,8.08
17.7,22.15
4.9,5.74
8.9,10.52
8.5,9.88
8.1,11.59
6.9,7.85
6.5,7.2
13.3,13.76
50.5,50.66
7.7,10.15
5.3,7.09
19.5,15.3
30.0,18.19
12.5,11.53
6.5,6.29
10.5,11.05
11.7,9.43
30.0,29.66
6.1,6.45
9.5,10.57
10.5,10.38
17.3,17.89
3.0,5.07
9.5,8.82
6.1,6.02
6.0,6.35
15.0,8.66
7.3,7.47
4.9,6.02
5.3,6.38
17.0,15.26
5.7,8.07
7.3,6.3
5.7,7.4
8.5,9.67
7.0,6.01
16.5,10.98
4.5,4.94
6.5,5.92
10.5,12.47
10.9,12.01
14.0,10.68
13.7,14.22
7.0,6.75
4.9,53.02
14.5,13.66
4.9,5.17
5.7,6.03
32.33,26.04
10.0,8.34
5.5,5.6
6.0,4.98
7.3,6.94
49.8,51.27
9.7,9.9
12.5,13.27
9.7,11.74
20.9,27.06
8.0,7.68
6.0,6.36
22.0,20.09
52.0,5.57
9.0,7.9
6.5,5.43
16.9,19.94
18.1,17.5
5.5,17.9
20.1,20.93
8.1,4.67
14.5,12.68
19.0,17.65
16.5,18.35
53.1,75.47
24.5,24.68
33.0,30.61
15.5,15.11
18.5,20.31
12.5,14.29
29.45,35.06
6.5,4.61
5.3,6.02
3.7,4.41
17.3,20.27
10.0,7.76
4.0,5.12
33.47,35.73
16.5,10.68
4.5,4.9
16.5,14.42
6.0,5.74
4.9,7.51
8.5,10.62
4.9,4.41
5.7,7.56
10.9,12.12
4.9,6.32
14.5,17.04
22.0,20.11
6.1,6.42
7.7,8.95
9.0,8.55
8.9,9.35
18.0,11.73
6.1,5.29
13.5,4.68
26.1,18.85
3.7,4.48
7.5,6.04
6.9,6.42
12.0,12.66
5.7,4.87
14.9,12.52
32.0,28.41
39.3,34.55
9.3,10.36
7.5,5.66
5.7,6.46
16.9,14.27
4.5,4.61
18.1,18.89
5.7,6.04
9.3,9.15
8.5,8.35
15.5,11.14
24.1,32.26
5.0,4.64
6.1,6.27
6.0,5.31
6.5,6.62
4.1,4.71
3.7,4.8
5.3,5.73
12.9,13.53
6.5,5.14
4.1,4.8
12.5,15.26
5.3,6.88
14.1,15.75
10.5,6.82
4.5,4.93
4.9,7.04
8.5,8.52
8.5,9.21
5.7,8.52
10.1,10.38
4.0,4.06
12.0,8.63
4.0,4.57
17.5,15.77
24.0,22.02
18.9,18.86
29.7,34.66
6.0,6.13
41.83,11.67
14.1,15.08
9.7,10.08
4.5,4.8
11.5,10.25
3.5,3.98
9.0,9.56
10.5,9.44
11.7,12.77
6.0,5.61
7.0,8.14
37.83,34.59
4.9,5.75
21.0,20.67
7.3,7.49
13.0,12.67
4.0,4.37
9.5,9.34
4.9,7.87
6.5,5.3
14.9,15.24
6.5,6.26
19.5,12.61
6.5,6.55
6.1,5.21
7.5,6.76
6.0,6.23
9.0,7.69
12.9,10.36
5.3,5.78
10.1,12.48
11.3,13.39
4.9,6.67
10.5,6.57
11.3,13.98
7.7,10.29
32.5,32.51
19.7,19.59
14.0,12.67
17.0,7.67
5.7,6.2
6.5,9.19
64.0,28.45
29.3,35.27
6.1,8.04
24.5,31.68
12.5,13.73
6.3,7.08
5.7,6.76
25.7,28.58
57.33,58.29
4.5,5.05
6.1,5.92
5.5,5.35
11.5,10.23
21.5,18.79
33.05,35.27
6.1,5.31
7.5,5.84
32.9,52.48
2.5,7.93
4.5,5.35
7.8,8.74
18.5,13.43
6.0,5.59
11.3,10.66
17.7,19.83
16.0,15.08
7.5,8.18
12.5,9.2
8.5,9.26
6.0,6.34
25.3,29.22
16.5,18.57
8.5,7.75
10.5,9.38
11.7,11.32
14.5,14.08
6.1,7.92
4.9,10.55
49.8,22.06
28.0,23.65
10.9,12.17
4.5,5.64
5.3,7.25
6.0,13.76
12.5,11.34
18.5,19.52
8.0,7.57
9.3,8.9
12.1,14.14
5.5,3.93
8.1,12.45
15.0,12.55
21.3,32.55
24.9,21.3
6.1,10.9
18.0,14.05
10.5,11.53
17.3,19.74
5.7,6.98
81.9,14.75
6.5,6.65
7.7,8.37
4.0,5.48
5.0,5.97
16.0,11.05
12.0,11.22
9.0,6.29
13.3,16.13
20.0,20.22
5.7,6.76
19.7,23.36
12.1,11.74
8.5,6.78
6.9,8.6
12.9,10.43
6.1,5.1
6.5,6.85
4.9,5.26
4.5,4.76
10.5,11.11
4.5,4.44
9.3,12.26
7.3,7.46
14.9,9.78
9.7,11.5
16.5,14.27
4.0,4.54
5.3,6.94
8.5,7.7
7.7,9.65
5.5,5.5
20.0,5.0
3.7,4.8
22.5,27.61
28.5,27.1
5.5,6.09
7.7,9.98
7.3,10.13
5.5,6.85
26.2,31.68
10.0,7.71
5.7,44.25
23.3,20.42
11.5,9.69
6.5,6.25
13.0,13.23
14.9,16.46
6.5,7.1
3.7,4.66
33.3,35.13
34.5,32.62
8.1,9.79
45.54,28.91
8.5,6.28
11.3,11.11
14.1,13.32
8.0,7.75
4.5,6.12
6.5,6.65
25.7,29.45
5.3,5.58
16.1,4.32
8.5,7.62
12.1,12.83
3.7,5.45
6.5,7.51
9.5,10.55
9.5,28.99
5.0,7.56
7.0,8.29
10.1,10.37
30.1,30.41
16.5,16.65
5.3,9.1
36.5,36.21
5.7,6.15
11.3,10.45
21.5,22.58
13.3,13.74
8.5,9.58
7.3,9.31
12.9,12.32
7.0,4.95
9.9,12.26
6.1,6.9
28.0,23.68
15.3,16.11
6.5,7.79
4.5,5.02
8.0,7.03
4.5,4.55
6.0,7.31
9.0,8.05
6.5,6.63
11.3,13.82
9.3,9.34
6.9,8.83
12.5,10.48
10.5,11.69
15.3,20.57
6.5,5.66
16.9,5.78
6.5,7.35
15.0,12.44
14.0,12.98
11.5,10.18
3.5,4.33
5.5,6.87
12.1,13.12
6.5,7.43
4.5,4.97
6.1,6.8
9.0,7.77
10.1,12.54
24.5,16.26
18.9,21.79
10.1,12.79
10.1,9.95
4.1,4.62
10.0,9.06
6.5,7.01
15.0,14.13
4.0,4.34
7.3,9.31
34.0,28.41
16.5,17.06
7.5,6.86
23.5,21.98
4.9,5.62
5.0,4.43
7.7,6.99
2.9,6.53
7.3,5.37
10.9,10.05
21.0,21.39
7.3,8.93
4.9,6.14
8.1,9.28
49.57,52.38
13.7,15.7
39.5,44.29
5.7,7.31
17.0,15.83
14.5,13.63
4.0,4.55
4.5,4.87
7.3,8.51
8.9,17.85
3.5,5.44
5.5,5.87
5.0,6.39
6.5,9.25
11.3,14.13
8.1,9.81
7.7,9.72
8.1,9.85
12.5,9.26
11.0,9.42
19.5,18.35
35.5,21.72
17.5,17.06
9.0,7.59
11.5,12.63
8.9,7.67
12.0,11.74
12.5,14.08
10.9,12.09
13.3,11.7
9.7,9.69
33.5,33.19
8.5,6.54
6.1,5.67
8.0,7.61
26.5,26.08
12.0,10.88
5.3,7.76
4.5,5.29
30.33,27.27
13.5,10.7
20.9,19.13
21.0,16.26
8.5,5.57
5.3,5.82
3.5,4.55
6.1,6.4
5.5,5.83
10.7,11.98
10.5,11.72
11.5,8.84
8.0,8.24
6.5,9.41
8.0,9.69
4.9,7.8
5.7,7.07
6.9,7.55
14.9,16.3
8.0,8.65
3.7,4.25
8.5,8.85
5.3,5.74
7.5,7.09
4.5,5.23
9.5,8.67
6.1,6.73
4.5,5.88
18.0,17.22
10.5,10.88
11.0,9.14
6.0,5.24
10.9,11.18
9.7,10.73
9.0,9.77
38.33,33.28
10.0,10.62
16.5,15.97
12.9,11.78
6.0,7.26
14.1,13.72
8.0,5.9
9.5,9.87
4.9,5.94
21.7,18.22
6.9,7.62
9.7,11.07
15.0,14.56
8.1,9.05
6.1,5.61
11.3,11.83
8.0,6.08
27.33,17.54
9.5,8.45
8.1,5.8
5.7,7.28
9.5,9.45
8.5,9.46
5.5,5.07
6.1,6.55
4.1,4.56
6.1,7.2
10.0,9.53
9.0,7.29
8.5,10.58
10.0,8.58
9.8,10.52
6.5,6.34
6.5,7.28
8.1,9.05
15.0,13.97
4.5,6.1
11.0,9.15
15.5,17.24
6.9,6.75
5.7,6.49
4.5,4.3
7.3,6.58
5.7,6.7
6.5,5.09
49.8,48.76
13.3,9.91
32.0,29.07
7.5,9.84
18.5,16.97
4.5,5.85
6.5,7.43
7.7,8.58
8.5,8.98
21.5,19.54
9.5,6.67
10.1,12.27
6.1,6.03
6.1,6.36
12.5,9.3
4.1,5.41
7.5,9.91
6.5,6.07
5.5,5.0
26.1,25.53
10.1,10.96
8.1,7.96
10.0,9.79
18.5,17.49
5.5,5.78
7.5,8.04
49.15,51.85
7.5,6.78
15.5,12.67
8.9,10.02
7.3,8.84
14.5,16.29
5.7,6.22
5.7,5.37
4.0,4.99
11.0,8.8
3.7,4.12
5.5,4.31
7.7,8.95
4.9,6.65
10.0,10.5
5.3,7.21
52.5,41.12
11.5,9.9
6.0,6.08
5.7,5.12
6.1,8.04
17.0,16.57
18.5,21.46
3.7,5.68
8.1,9.95
12.9,13.24
20.9,23.05
5.7,6.13
9.3,52.65
6.1,6.07
10.5,11.89
7.3,8.15
17.3,16.26
10.5,8.88
24.9,25.49
4.1,5.29
9.7,7.72
6.0,7.17
8.5,7.6
8.2,8.64
9.0,7.89
7.5,5.24
19.5,18.13
53.5,46.43
6.1,7.26
14.1,17.71
12.1,14.31
3.7,5.0
5.7,5.68
4.1,4.84
44.33,37.08
8.1,6.4
32.9,34.2
5.3,6.5
4.1,5.54
16.1,18.83
24.5,17.56
9.0,5.74
9.3,8.76
7.5,10.68
11.5,9.73
33.83,31.27
8.5,9.07
5.0,5.45
17.0,12.4
8.0,7.67
10.5,9.0
31.7,33.57
15.5,16.79
13.5,11.35
15.5,13.28
16.0,10.75
12.9,16.75
5.7,5.3
39.83,36.17
8.5,10.8
8.1,9.08
5.3,5.71
4.0,4.81
8.1,9.28
13.7,16.15
5.7,5.71
38.9,31.69
6.0,8.06
4.5,5.24
3.3,4.78
13.3,14.01
5.7,7.49
5.3,5.37
5.7,6.35
7.3,7.64
8.5,8.21
48.04,27.41
14.1,16.99
8.1,16.32
17.8,16.13
9.5,6.0
9.3,12.14
7.3,8.71
12.0,13.02
19.0,18.97
11.0,10.59
14.5,14.24
20.1,14.02
9.0,12.57
4.5,5.91
6.9,7.02
3.7,5.25
8.1,10.01
7.3,7.44
8.0,6.77
12.5,11.53
4.9,6.32
6.9,10.16
10.9,9.74
7.0,7.47
8.1,11.13
8.1,10.16
11.7,13.75
2.5,10.12
9.0,6.85
11.3,9.46
12.5,12.84
7.3,10.64
18.1,21.33
5.5,5.01
7.0,4.33
5.7,7.76
17.0,14.3
7.7,8.45
14.5,13.18
7.5,8.06
7.5,7.21
11.0,8.1
6.1,7.72
6.9,7.76
27.5,24.24
3.7,5.53
7.0,6.29
9.5,9.51
8.5,8.55
12.9,14.53
6.9,7.28
4.5,5.11
9.7,12.62
3.5,3.9
6.9,6.03
16.5,17.69
56.8,53.58
6.5,13.93
6.0,6.4
5.3,7.85
16.0,13.59
19.0,12.49
14.5,18.67
14.0,11.29
6.0,5.81
10.0,7.25
18.9,29.92
17.5,16.29
13.3,17.05
12.1,14.34
4.0,5.17
4.9,5.68
11.3,11.74
10.1,8.85
5.3,7.01
8.5,7.74
10.1,8.13
11.7,14.63
9.3,11.74
6.1,5.95
9.0,8.92
8.5,11.34
9.3,7.9
5.5,5.47
14.0,15.38
6.5,6.63
12.5,10.49
17.3,20.65
16.5,19.14
5.3,7.29
8.5,8.98
7.0,7.68
14.5,14.47
7.0,7.82
8.9,12.57
4.9,12.12
8.5,10.74
4.0,5.13
4.9,4.84
5.0,4.29
7.3,5.93
26.1,17.25
7.7,7.45
4.9,5.68
11.0,9.24
16.5,14.15
5.3,5.12
24.0,21.94
3.3,3.28
9.3,9.73
15.5,13.08
9.3,7.97
17.3,16.72
3.3,4.61
8.5,7.8
19.0,19.97
3.3,9.91
16.5,13.02
10.9,9.66
10.9,11.65
25.5,19.01
16.1,22.92
3.7,4.73
4.1,5.38
9.7,8.39
6.0,6.9
17.5,13.0
4.1,4.68
12.5,10.01
12.5,11.16
6.5,7.81
8.5,9.15
6.5,5.43
10.1,10.32
13.5,16.89
10.0,9.56
7.7,6.6
18.5,17.22
57.33,50.21
11.0,10.89
8.0,6.61
5.5,6.78
4.9,6.13
13.3,14.3
7.5,5.43
11.3,12.55
4.5,5.05
6.0,6.16
16.1,15.97
7.0,6.99
5.0,5.14
7.0,7.36
12.0,8.68
16.9,16.99
4.9,6.97
4.5,6.05
9.7,11.32
6.5,6.68
5.5,6.75
49.0,46.56
4.0,3.8
57.33,50.28
5.7,7.03
8.5,9.67
4.9,3.86
19.0,13.87
8.0,9.08
8.0,7.42
11.7,12.94
3.7,4.28
5.3,5.83
5.0,5.21
8.1,9.96
8.5,7.97
6.0,6.8
10.5,12.92
13.3,16.29
9.3,10.17
9.7,10.79
13.5,13.19
6.1,7.33
5.0,4.98
28.5,27.59
7.0,7.98
3.7,5.14
7.3,8.46
28.8,6.98
25.0,21.51
10.0,10.71
34.9,27.94
9.0,8.76
9.7,9.59
4.5,5.72
52.0,51.82
10.6,10.26
14.1,15.54
7.0,9.46
9.0,8.83
7.3,9.02
4.9,5.47
5.0,5.58
5.7,7.61
6.5,6.79
5.7,6.28
6.5,6.46
19.3,25.67
19.5,16.32
16.1,10.42
6.1,6.94
5.7,6.61
15.5,15.58
12.0,8.34
10.0,10.63
5.7,6.12
4.5,5.62
9.7,10.55
6.5,6.97
15.0,12.43
28.1,33.65
3.7,4.5
7.0,6.01
14.5,13.12
12.5,14.94
55.1,68.18
11.7,12.1
13.5,10.32
7.3,8.18
6.5,6.37
7.5,6.7
4.5,4.83
14.0,11.14
6.5,9.11
6.6,5.56
6.5,6.16
5.3,4.54
14.5,15.97
4.9,6.56
17.7,16.59
18.5,13.76
26.5,35.36
7.7,9.49
7.3,8.21
24.1,25.06
6.5,4.74
4.5,5.47
10.0,7.64
6.1,6.28
5.0,4.66
20.0,18.15
8.0,9.2
4.9,6.02
6.1,7.06
26.5,33.87
15.5,4.26
6.0,6.84
7.7,7.48
12.1,12.5
10.5,7.52
17.5,12.21
6.5,7.32
3.5,4.95
5.0,5.49
15.5,12.87
3.5,5.17
9.7,9.42
9.3,10.26
12.0,8.15
7.0,7.05
14.1,19.38
4.5,4.89
24.5,17.31
7.0,7.53
10.0,14.93
6.5,8.99
8.5,7.95
39.5,17.02
8.0,7.16
24.0,13.07
5.3,6.78
6.9,7.78
6.5,7.85
6.5,8.31
22.0,15.98
10.0,10.52
7.3,8.89
7.0,10.5
13.5,6.61
9.0,9.44
4.5,32.96
5.3,6.6
6.5,6.98
5.3,6.58
56.8,55.45
12.9,16.83
6.5,5.31
10.9,11.99
6.0,5.0
7.5,6.6
8.5,8.57
8.0,7.9
6.5,6.69
7.5,6.89
24.0,16.77
18.0,17.67
21.7,21.39
9.5,9.75
11.7,12.77
34.5,28.76
4.5,5.6
16.9,19.83
6.5,6.6
7.3,7.88
9.0,6.28
7.3,8.56
9.3,12.94
4.1,5.7
4.5,5.42
8.1,9.34
6.1,6.55
2.9,3.87
5.5,6.41
4.5,5.52
6.5,7.29
12.9,14.81
4.5,5.78
6.5,7.95
16.3,14.35
7.3,8.92
11.3,10.85
6.1,7.92
4.5,4.6
6.5,5.67
8.5,8.1
5.3,6.03
5.7,7.49
13.3,19.03
19.3,18.34
17.0,13.51
6.5,5.43
12.5,15.55
11.3,13.66
7.0,6.37
33.33,26.76
7.0,6.77
13.7,12.81
7.5,8.64
5.7,5.65
4.5,5.72
10.1,13.73
16.5,12.08
6.0,5.99
10.5,6.8
4.1,4.87
10.0,11.09
5.7,7.85
4.0,3.85
3.3,3.83
10.5,9.67
4.9,6.57
13.0,12.39
6.1,8.39
6.0,5.19
10.5,7.08
12.0,9.27
7.5,6.53
9.5,7.94
10.0,9.03
9.3,10.49
5.7,7.59
7.5,6.61
5.7,7.31
6.5,7.42
14.5,12.77
8.9,8.52
4.5,4.61
7.0,7.09
9.5,8.18
7.5,6.92
7.3,7.4
12.5,10.68
6.1,5.04
4.1,5.69
4.9,5.66
5.3,5.13
4.9,6.08
4.5,5.68
22.0,21.3
11.7,14.65
8.1,10.99
11.0,10.53
21.0,14.24
20.5,15.79
10.5,6.03
6.9,6.34
22.5,21.75
7.3,7.6
21.0,17.68
10.0,8.62
7.3,9.94
9.0,7.87
5.5,5.27
9.7,11.03
16.1,17.71
7.0,6.21
5.3,5.93
8.5,9.56
4.5,4.52
5.7,6.89
8.1,7.92
9.7,8.2
14.0,16.46
15.7,19.0
5.5,6.65
4.0,5.64
15.0,17.68
6.5,7.38
26.5,22.38
4.5,4.7
10.0,9.35
17.0,18.5
7.0,5.35
13.0,12.83
4.0,4.84
8.5,6.89
5.3,6.24
11.3,9.42
5.3,7.42
9.7,10.25
3.7,7.05
6.5,6.54
19.7,21.39
12.5,12.48
4.9,7.12
30.5,27.07
7.7,7.79
6.5,5.98
6.5,5.56
5.3,6.23
9.3,10.74
10.5,4.18
6.5,7.86
22.5,15.65
4.1,4.21
49.57,46.96
11.7,12.29
10.0,11.97
5.3,8.21
4.5,4.61
5.7,6.16
23.0,20.91
4.5,6.0
6.1,7.45
6.1,6.84
3.3,4.61
12.0,8.85
25.4,23.4
8.5,8.78
5.3,6.38
16.1,18.59
4.5,4.91
6.5,8.49
9.0,9.04
9.0,7.84
8.9,10.07
35.83,30.4
12.5,11.75
8.5,9.71
7.3,9.41
4.5,3.8
5.7,7.35
5.7,5.54
11.3,13.72
9.7,7.9
11.3,10.59
3.7,5.0
5.3,5.13
7.5,8.65
7.7,8.28
14.9,18.52
4.9,5.6
13.3,11.27
9.7,10.75
12.9,12.01
3.7,3.99
7.7,10.25
17.0,18.54
9.3,10.58
8.5,9.0
7.0,8.7
14.5,10.06
4.1,4.46
10.1,10.11
18.0,10.28
6.0,7.71
14.9,12.86
18.0,14.34
5.5,6.35
3.7,5.51
5.3,5.43
11.5,10.97
4.5,5.14
4.5,7.97
6.0,7.37
11.5,11.04
4.9,5.35
8.1,8.23
5.7,5.83
19.5,16.35
9.7,14.01
9.5,7.57
10.0,12.01
6.1,6.3
11.7,10.54
20.9,26.29
7.5,5.13
4.0,4.86
8.5,6.79
5.0,10.66
10.9,13.15
7.3,9.79
4.1,6.16
28.27,33.96
26.5,28.03
5.5,6.18
12.1,14.27
10.0,4.55
5.5,9.65
10.9,13.87
5.7,5.58
16.9,21.31
6.0,5.19
16.0,11.43
9.7,9.76
14.5,13.57
6.0,6.35
11.3,10.65
16.1,20.64
16.9,18.91
5.3,7.1
6.6,7.78
6.5,7.43
6.5,6.61
10.1,10.03
7.0,5.92
14.9,16.11
5.3,6.95
9.3,9.28
9.7,9.18
8.9,9.55
4.5,5.57
16.5,13.14
23.0,19.92
31.07,36.26
17.5,17.4
5.7,6.56
4.9,5.45
11.5,11.47
4.9,4.11
9.0,7.97
8.6,8.43
50.5,52.88
8.5,6.77
11.5,12.08
11.7,12.59
5.7,5.52
3.7,3.65
12.0,10.3
5.3,5.86
9.0,7.48
6.5,8.27
35.33,30.76
5.5,5.58
8.5,6.54
17.0,15.55
10.5,8.29
7.3,6.61
6.1,6.38
10.1,9.12
6.1,6.52
5.0,5.25
12.0,8.68
26.5,19.12
11.9,11.21
7.3,9.12
12.5,15.41
31.87,35.77
12.5,11.04
5.3,6.31
5.7,5.68
4.1,5.84
7.0,8.65
6.5,13.74
33.33,30.49
11.3,13.02
7.5,6.79
7.0,5.39
9.3,11.96
38.5,33.44
5.7,6.84
7.3,8.01
4.5,5.27
8.5,6.56
12.1,13.68
7.5,7.59
5.7,6.58
14.5,13.43
7.7,8.26
8.1,9.81
4.0,5.28
13.5,8.28
6.1,6.99
8.1,10.42
5.0,5.05
5.7,6.55
18.0,15.27
7.5,6.49
7.0,8.57
7.5,8.38
9.5,6.44
10.1,10.03
37.3,29.95
26.5,13.81
17.3,17.33
52.0,10.8
8.5,9.8
4.5,6.71
8.5,8.38
7.0,6.69
13.0,14.04
7.5,8.77
5.5,5.72
15.3,12.68
14.5,17.18
10.1,9.87
8.1,11.15
9.7,11.61
9.5,8.03
29.07,34.76
8.1,10.01
7.5,8.31
3.7,5.29
4.5,5.36
17.5,18.56
5.7,12.9
8.5,8.57
22.5,13.25
7.3,9.08
13.3,10.64
16.1,12.34
5.5,5.5
5.7,9.48
15.0,15.21
4.5,6.3
14.0,12.77
26.9,28.91
9.0,8.76
8.0,9.2
7.0,5.81
6.9,9.5
10.1,7.2
5.3,6.18
11.0,9.12
28.8,25.49
9.5,8.18
6.5,7.26
10.5,11.05
6.9,7.92
11.0,8.56
12.5,13.05
9.0,10.95
12.0,10.35
8.0,9.31
4.5,5.99
6.5,7.21
49.8,50.74
17.5,16.66
5.5,6.3
8.0,9.59
12.9,13.57
6.1,6.91
9.3,8.91
57.33,33.91
5.7,6.31
4.5,4.79
6.0,7.18
5.3,5.65
13.3,16.33
7.5,8.81
20.54,12.65
6.0,4.82
14.5,9.62
5.5,6.71
7.5,7.57
12.5,13.48
6.5,6.14
4.5,6.41
15.5,4.64
5.0,6.1
4.5,4.32
7.0,6.62
3.0,8.99
6.0,7.47
4.5,5.57
14.0,10.78
11.5,10.69
6.9,7.95
32.33,31.66
6.9,7.32
6.1,7.37
5.3,6.61
7.7,7.86
7.3,7.93
9.7,6.47
37.5,27.07
34.25,34.37
5.7,6.97
13.0,14.55
15.3,19.12
8.0,8.79
10.5,10.79
11.7,12.69
6.9,7.65
8.5,9.49
14.0,15.12
3.7,5.2
2.9,6.55
14.0,14.02
14.5,15.95
9.5,7.46
14.9,16.52
4.5,5.25
2.5,10.7
4.5,5.56
12.9,14.42
7.0,6.46
3.5,4.97
14.5,12.28
5.0,5.73
5.7,6.92
9.3,9.25
7.7,9.36
5.3,5.74
8.0,6.82
17.5,9.55
8.5,8.42
6.9,6.07
18.0,16.08
9.3,10.34
6.9,6.51
5.5,5.85
7.7,9.73
30.5,23.24
23.0,20.35
5.3,6.7
8.5,8.97
5.3,5.21
17.7,17.01
8.0,8.99
16.9,17.49
13.0,13.98
9.5,5.68
9.3,10.37
13.3,16.41
10.5,9.6
6.0,6.5
7.5,6.63
6.9,9.41
10.9,11.45
8.9,9.37
30.8,29.56
13.7,17.54
20.5,22.85
10.5,9.29
6.1,6.91
6.9,7.79
7.7,7.1
9.7,11.63
13.0,12.33
7.0,6.07
89.0,52.21
5.3,10.67
8.9,8.48
23.3,22.24
5.5,4.72
20.1,14.43
8.0,8.18
9.5,11.34
10.0,7.78
57.33,52.0
4.1,4.92
9.5,7.76
4.9,5.67
27.7,14.21
10.9,10.69
5.5,5.25
17.3,23.48
36.9,5.74
14.5,20.06
3.0,4.85
6.1,5.42
5.5,6.21
8.9,10.01
7.0,7.13
6.1,5.72
8.0,7.11
5.3,5.91
44.33,41.03
6.9,6.38
8.5,9.27
11.7,11.11
15.0,8.27
19.5,17.62
6.1,7.81
7.3,8.2
5.7,7.1
3.7,6.17
6.0,7.33
10.9,13.78
6.9,7.89
8.5,10.55
17.5,15.51
57.54,53.48
8.1,10.06
5.0,4.99
8.5,8.45
6.1,6.75
11.7,7.21
9.0,6.7
14.5,13.27
5.7,6.27
12.5,9.87
27.7,31.59
6.0,5.21
13.5,11.84
6.0,8.37
18.0,12.93
45.0,49.06
50.0,49.67
4.9,5.79
9.7,11.12
10.5,9.35
30.5,34.12
6.0,6.86
5.0,4.79
23.3,24.83
6.5,6.58
6.1,6.17
7.7,7.6
7.7,8.26
3.3,4.88
14.5,15.07
9.3,10.9
14.0,9.03
23.3,21.5
4.5,4.18
16.5,12.44
8.5,10.81
12.1,15.76
5.7,5.64
4.5,5.27
21.0,12.91
4.1,5.2
8.1,10.09
14.0,13.51
20.9,25.07
12.1,13.39
7.3,7.93
9.5,7.18
9.3,13.07
3.7,4.99
6.1,5.98
10.5,10.62
15.0,9.75
5.3,5.46
10.1,9.22
16.1,13.91
6.0,4.53
5.5,6.44
18.5,24.61
5.7,6.54
8.5,7.32
15.5,13.22
7.5,4.98
10.1,8.78
5.7,6.63
10.5,11.43
6.5,5.95
8.5,7.2
21.0,20.75
8.9,10.93
6.5,8.83
12.5,15.52
7.7,7.45
12.1,13.35
13.0,11.52
10.1,9.3
14.1,17.79
4.0,3.9
10.1,7.71
2.5,9.32
8.5,10.97
10.5,10.65
10.1,10.9
13.3,15.32
11.0,9.13
13.5,9.15
7.0,8.44
15.7,15.37
4.5,4.7
10.5,9.39
5.5,4.47
11.0,7.36
4.5,5.25
5.5,5.93
6.5,6.38
4.5,4.6
4.9,7.78
5.3,6.74
4.5,4.35
22.0,17.91
26.5,36.27
26.0,16.68
15.5,14.38
9.0,9.07
5.7,8.05
10.5,10.69
12.0,11.24
6.5,7.88
10.9,12.65
8.5,13.13
27.5,32.36
7.8,8.43
15.0,16.87
3.5,4.69
5.5,6.86
7.5,8.37
4.5,5.65
11.0,11.28
7.3,8.37
49.8,52.27
17.3,20.1
8.0,7.39
5.7,6.87
6.0,7.74
4.1,5.66
7.5,6.4
6.9,-0.13
4.0,4.99
10.5,9.06
7.5,7.23
10.1,10.18
14.0,12.56
18.5,17.07
7.7,8.32
5.0,4.94
6.0,7.95
6.9,8.47
6.5,7.05
4.1,4.89
8.0,8.12
8.0,6.94
8.1,9.48
5.5,5.94
16.5,18.96
5.5,5.84
6.5,7.41
14.0,12.72
10.5,8.66
6.0,5.7
12.5,10.1
6.9,6.8
19.5,11.15
9.3,15.07
5.0,5.35
3.3,4.69
6.1,6.84
6.1,9.63
10.5,8.38
6.5,7.43
17.5,13.37
22.9,28.76
12.0,11.11
16.9,17.11
57.33,50.56
6.1,6.01
20.9,22.5
7.5,7.59
5.3,5.96
9.3,11.29
44.5,47.42
28.1,25.36
8.0,7.69
12.9,10.67
6.1,7.96
4.5,5.65
17.0,18.48
8.5,9.37
8.0,7.36
5.5,14.22
26.5,21.73
24.5,5.96
8.5,8.41
6.9,7.56
30.5,32.28
52.33,36.9
5.3,6.2
12.1,13.43
25.0,20.77
5.3,4.01
24.5,27.64
7.7,7.06
5.7,5.49
8.1,9.02
4.5,8.49
4.5,6.09
3.3,5.55
5.0,4.38
6.1,4.86
5.7,8.64
6.5,6.94
7.3,6.25
4.5,7.39
5.5,5.21
12.5,11.13
25.5,21.45
4.9,7.05
6.1,6.89
23.0,13.98
8.1,5.85
19.5,18.86
29.7,33.75
15.7,17.77
6.9,10.02
33.7,12.19
6.5,7.39
5.7,6.93
5.0,4.41
13.3,11.59
49.8,48.69
5.3,6.92
15.5,10.18
8.1,10.92
5.7,6.15
6.0,7.5
7.7,9.3
5.0,5.97
4.5,5.32
3.3,5.01
9.3,10.29
7.3,7.61
15.5,12.8
4.5,4.68
4.9,4.14
12.5,12.75
7.5,9.39
40.0,18.53
3.7,3.97
7.5,8.55
8.1,9.99
10.5,8.28
12.5,10.69
7.5,6.93
10.5,10.98
5.3,4.32
3.3,3.72
3.7,4.38
33.3,33.64
30.33,29.73
11.3,12.89
7.7,10.49
6.0,9.12
13.3,16.73
5.3,6.39
10.0,8.67
9.5,11.34
3.5,5.34
6.1,6.0
12.9,10.11
6.1,6.22
8.0,8.64
8.1,8.96
6.5,8.52
6.5,7.56
10.5,9.1
4.5,5.79
5.3,6.97
14.5,16.06
12.9,14.12
10.5,10.92
8.9,4.93
11.0,15.37
7.7,7.92
7.5,8.47
8.1,8.65
6.5,8.3
7.5,7.11
11.7,10.66
27.7,29.59
5.3,5.78
9.5,9.17
4.5,5.27
13.0,12.19
36.5,34.25
10.0,8.11
4.5,6.17
5.3,8.16
4.5,4.52
9.3,10.28
6.5,9.22
20.1,23.12
8.1,8.98
4.1,5.04
27.47,32.97
4.5,5.0
9.3,12.75
29.7,38.3
19.0,18.24
5.5,5.85
10.9,10.98
8.9,10.85
15.7,14.36
8.5,8.31
23.7,26.75
8.0,7.19
6.5,5.69
8.0,7.02
4.5,4.82
13.0,8.9
3.3,4.32
5.0,6.18
10.0,9.79
4.9,6.77
21.0,18.56
5.0,4.96
8.9,9.93
8.1,9.51
6.5,6.89
8.0,10.23
8.5,9.14
9.0,9.06
12.5,10.67
4.9,4.63
5.7,5.0
9.3,11.02
7.7,10.53
32.54,31.9
10.0,9.14
3.0,3.97
10.1,10.58
7.0,6.11
14.5,9.97
9.7,11.47
4.5,4.99
8.0,6.06
10.5,10.09
14.5,11.16
10.5,12.08
8.9,7.21
12.5,10.81
7.7,9.09
4.5,6.24
8.5,6.49
8.9,9.34
15.0,16.57
4.5,5.84
4.9,6.89
10.5,8.37
16.0,8.83
22.0,19.47
8.5,10.51
4.9,5.58
14.9,13.96
4.5,6.83
8.9,10.38
5.7,5.38
20.1,25.1
6.5,6.08
25.7,26.73
4.5,5.89
3.3,6.27
13.7,17.09
5.7,5.61
18.5,17.5
7.3,6.16
9.5,14.45
15.7,16.41
5.7,5.2
3.7,4.76
6.5,5.52
9.7,11.17
4.1,4.44
12.5,6.92
6.5,7.27
29.07,31.42
9.3,9.45
7.3,7.64
9.0,4.76
9.7,9.83
4.1,3.95
3.7,5.21
18.1,20.79
9.7,12.03
4.5,5.27
4.5,5.67
49.57,55.1
25.5,19.43
49.57,50.26
30.8,34.55
17.3,21.55
8.1,7.58
65.9,73.1
10.5,10.15
11.5,13.38
5.3,6.09
7.7,7.16
19.0,16.61
5.7,11.54
6.9,7.84
8.0,8.52
10.5,11.27
7.7,9.55
15.0,12.62
17.0,16.67
9.7,11.48
4.5,5.4
8.5,6.6
14.0,9.98
37.33,32.03
8.5,8.76
4.5,5.83
8.5,5.43
6.0,6.5
2.5,6.42
35.47,25.2
7.5,7.13
10.9,11.41
34.33,29.21
4.1,4.07
6.1,7.13
3.3,6.0
6.0,6.46
11.0,9.82
10.5,11.19
6.9,6.43
7.5,7.33
4.5,4.46
3.3,4.91
18.9,25.94
7.3,10.08
6.1,6.98
13.0,11.06
9.0,10.89
6.1,8.08
10.1,12.08
10.9,12.76
16.9,8.53
4.5,4.43
4.1,4.68
4.5,5.94
4.5,4.25
8.9,11.55
9.5,11.72
8.9,9.11
4.9,6.67
10.1,12.95
12.5,15.05
57.33,55.27
13.0,13.6
6.1,8.1
6.5,6.54
9.3,13.37
9.5,8.79
4.5,4.54
4.9,6.53
12.0,9.77
7.0,9.05
8.5,7.54
8.9,9.14
8.1,11.43
7.7,8.35
6.5,8.52
11.3,12.5
12.5,11.36
8.0,7.05
52.0,53.41
4.1,7.52
14.0,13.42
6.1,6.84
7.5,7.08
4.9,5.55
15.7,22.27
10.5,12.59
10.5,9.97
8.9,10.18
10.1,10.68
7.7,8.99
20.5,19.25
6.5,5.62
4.5,5.18
5.3,6.21
5.5,5.56
7.7,8.71
8.9,10.74
4.9,6.69
11.0,12.26
7.0,6.11
34.33,31.82
6.9,7.11
11.7,11.92
8.1,7.28
20.0,18.31
6.5,5.63
10.5,7.88
10.9,12.61
4.5,4.53
4.5,5.67
49.8,51.99
7.5,8.44
6.5,6.09
4.9,5.05
7.0,6.85
49.15,54.13
17.0,18.43
9.7,12.11
32.67,35.22
7.0,5.83
23.0,22.07
13.3,14.67
6.9,9.03
7.7,7.3
7.5,6.7
6.9,7.9
17.0,5.45
42.1,44.7
7.3,8.9
14.0,15.25
34.27,36.13
6.9,6.99
4.9,5.7
10.5,8.8
6.0,5.46
4.5,5.24
36.1,48.26
5.3,6.55
4.5,4.36
10.6,9.21
4.0,4.9
5.5,6.3
11.9,11.29
8.5,9.12
15.5,6.74
6.5,5.78
3.5,4.75
7.3,8.36
16.5,10.1
14.5,10.79
41.33,34.61
4.9,4.54
45.0,51.11
5.0,5.41
5.7,6.26
11.0,7.76
2.5,8.52
13.0,10.21
7.7,7.2
10.1,9.22
10.5,9.02
9.3,9.21
11.7,13.94
10.5,9.94
6.9,7.35
52.0,50.84
8.1,10.0
11.7,12.76
10.1,9.79
8.5,8.32
5.3,5.16
43.33,33.63
11.3,15.46
4.1,5.65
22.0,21.93
6.0,5.94
6.5,8.62
17.5,14.77
17.3,18.51
7.0,5.7
56.5,43.04
8.1,9.54
8.0,8.07
4.5,5.06
4.9,5.37
45.0,33.39
20.5,22.28
7.3,8.56
3.7,4.67
6.5,7.32
4.9,6.95
10.0,9.85
37.0,37.63
14.0,7.83
7.3,9.8
5.3,6.13
14.3,13.92
17.0,13.07
6.5,7.68
4.1,5.52
5.5,6.69
6.0,6.67
10.0,7.17
6.1,7.29
7.0,7.39
14.5,15.38
5.3,6.02
6.5,8.52
6.5,7.12
23.0,22.0
3.5,5.22
10.5,9.91
9.0,10.34
4.1,6.27
7.5,7.7
10.0,9.25
15.3,20.13
6.9,7.31
11.0,9.22
10.1,13.02
6.5,9.53
6.5,9.58
10.9,8.61
9.0,8.34
13.0,14.17
16.9,18.66
9.5,11.43
10.0,10.34
49.8,57.72
15.5,12.23
5.7,6.53
9.0,9.32
3.7,6.45
9.5,9.1
5.7,7.27
4.9,7.01
6.5,7.19
18.5,13.08
13.0,9.23
13.7,15.91
6.5,6.59
5.7,5.4
15.5,16.7
4.0,36.94
6.1,5.67
9.5,7.58
13.5,11.19
6.9,5.4
12.9,14.43
9.0,8.32
9.0,7.92
12.1,9.79
6.5,5.64
4.6,5.8
8.0,8.73
5.3,13.2
15.07,11.57
3.7,5.51
6.5,8.63
4.5,12.44
9.3,10.13
8.9,8.65
8.5,9.38
8.0,7.89
22.9,24.52
13.5,11.96
12.0,11.02
17.0,15.21
13.3,17.56
12.5,11.91
12.5,13.7
6.5,12.88
14.0,8.87
11.3,12.09
6.5,5.75
7.5,6.69
7.7,8.67
5.7,7.27
10.0,10.85
6.9,8.09
14.1,14.48
10.5,7.48
2.5,9.8
10.5,12.14
6.1,6.87
6.1,7.24
10.5,7.88
9.0,6.49
11.0,9.0
6.5,5.71
11.3,11.52
49.8,25.67
10.1,8.32
5.5,5.09
4.5,4.43
3.7,5.06
7.5,4.41
13.0,12.17
4.1,4.37
5.3,5.76
8.5,10.55
5.5,5.5
6.5,7.29
10.5,14.61
4.5,4.12
5.3,5.76
4.9,5.79
4.5,5.84
16.9,12.42
14.5,19.99
15.7,18.58
16.5,14.26
7.3,6.21
2.5,15.85
8.0,8.92
11.3,12.79
12.1,8.55
33.7,33.51
6.5,7.06
5.5,6.4
8.5,6.01
4.1,5.61
10.1,9.53
8.1,9.88
5.5,7.64
15.5,15.0
5.0,5.2
14.0,12.97
3.5,5.39
4.9,7.11
4.1,6.1
9.0,7.67
10.5,9.24
40.04,34.85
19.5,21.97
9.5,9.31
17.7,17.24
8.0,4.49
8.0,7.33
4.5,6.11
49.8,45.7
6.5,8.7
57.33,16.25
6.5,6.93
42.0,25.73
15.0,11.88
6.5,7.36
26.67,32.64
10.5,14.05
6.1,6.17
7.3,9.2
60.0,10.88
9.3,7.23
11.5,9.4
4.5,6.96
13.0,9.6
31.54,29.64
12.9,11.44
8.0,7.63
8.0,8.72
28.0,26.68
21.5,16.38
7.0,8.15
20.9,27.06
6.0,6.79
6.5,7.29
6.9,7.94
7.7,7.54
22.0,8.19
8.1,7.8
5.0,7.38
5.3,8.48
5.0,9.7
6.9,7.76
5.3,6.73
57.33,52.14
8.1,9.28
10.5,8.65
6.0,5.6
4.5,5.5
5.0,5.35
8.9,13.74
4.5,6.73
6.5,6.64
7.0,8.0
12.5,10.39
5.3,5.5
6.9,9.36
10.1,11.88
3.7,5.38
23.0,23.2
8.5,9.75
7.3,7.06
8.9,11.04
6.1,6.28
8.5,9.49
14.0,19.09
9.0,8.45
20.5,16.81
6.0,4.82
3.3,4.33
13.0,6.74
8.1,9.78
5.3,7.13
9.7,9.9
11.7,17.38
6.1,6.79
2.5,7.22
6.5,7.98
8.0,7.21
6.1,7.17
14.5,14.48
18.1,17.29
28.1,33.13
9.5,9.76
3.3,5.25
9.0,6.88
4.0,5.32
17.0,15.65
43.5,26.73
7.7,9.18
6.5,7.19
15.0,8.85
39.3,35.51
6.9,7.27
5.3,6.15
12.0,10.25
7.3,5.89
4.5,4.22
26.0,19.39
4.1,4.67
6.0,6.82
19.0,17.15
49.57,52.59
16.5,16.07
6.1,8.12
6.5,8.41
4.5,6.04
4.5,3.96
4.5,6.01
15.5,15.14
4.5,5.8
3.7,5.26
9.5,8.23
7.0,5.75
10.5,12.24
7.0,6.15
7.3,6.84
7.0,6.46
10.9,11.77
11.5,11.82
15.3,7.94
6.5,6.87
10.33,7.53
9.7,9.75
8.9,8.76
8.0,5.73
6.9,7.92
7.7,8.08
14.5,12.96
12.5,10.22
9.0,27.77
6.1,7.07
4.9,5.45
11.5,7.44
7.3,7.21
30.0,27.83
7.5,7.66
4.5,4.77
8.9,10.05
5.3,5.94
6.5,7.74
3.3,8.42
45.0,50.63
16.0,14.74
4.1,4.0
9.3,10.82
5.7,8.99
6.1,5.55
8.0,9.76
14.1,11.57
14.5,9.71
15.0,11.36
6.5,7.58
7.5,5.81
8.1,9.97
3.5,5.27
14.0,9.96
16.1,19.35
5.9,6.94
7.3,7.15
7.3,6.85
7.5,6.54
8.1,11.16
8.9,9.84
18.5,34.38
7.7,7.59
6.5,6.76
5.5,5.81
15.5,7.99
9.7,10.31
3.7,4.62
36.1,22.4
6.0,5.16
11.0,10.73
33.83,31.19
9.3,9.67
6.5,7.91
6.1,5.22
10.5,12.53
15.0,12.2
5.7,7.34
8.0,7.79
9.5,8.83
11.3,10.89
4.1,4.68
4.9,10.55
8.5,7.25
18.9,22.65
6.0,6.36
25.5,13.38
14.9,15.94
16.0,14.0
5.7,5.11
3.7,5.91
5.0,5.55
5.0,5.86
7.0,7.24
9.7,9.6
5.5,5.4
17.0,16.56
6.5,4.07
6.0,5.43
7.0,7.31
9.3,12.97
16.5,13.87
9.0,12.31
9.7,9.19
16.1,15.9
6.0,6.73
6.1,6.39
5.7,6.9
6.0,6.49
5.0,4.67
4.5,5.77
5.7,6.03
8.9,8.51
11.0,10.15
5.7,6.48
6.5,6.48
5.7,6.0
5.7,6.75
14.1,19.25
49.8,54.72
7.7,9.3
17.0,14.6
20.5,24.0
11.3,11.83
4.9,6.08
5.3,6.73
5.3,5.97
38.9,44.83
12.0,10.96
8.1,10.51
5.7,7.29
6.5,8.6
5.7,7.25
6.1,8.52
20.83,14.93
16.5,12.43
3.7,5.39
17.5,15.06
8.0,7.78
30.6,32.02
26.0,21.51
5.0,5.02
44.33,38.05
8.5,10.46
6.9,7.45
11.0,9.14
13.5,10.48
7.0,6.02
7.5,9.43
8.5,8.89
5.7,6.44
18.0,18.4
7.5,7.0
33.0,23.14
6.5,4.94
11.0,7.86
6.9,8.94
12.5,11.49
5.3,5.51
7.5,6.76
45.7,33.76
6.9,9.3
4.1,9.4
30.1,36.07
9.3,8.43
11.3,11.87
5.0,7.32
39.7,35.45
6.0,5.42
7.3,11.17
7.5,7.36
10.1,12.37
6.1,7.91
10.9,10.07
6.5,8.9
34.5,35.58
9.5,7.98
6.1,6.3
9.7,11.4
10.9,14.0
13.0,10.56
8.5,12.2
6.1,12.16
7.3,9.21
12.1,14.36
33.5,21.53
7.5,8.51
14.1,15.65
11.5,11.17
8.1,9.05
14.0,11.63
20.0,19.12
5.7,8.03
11.3,13.66
5.7,8.28
3.3,4.19
4.1,4.97
13.0,11.79
16.5,13.91
16.5,15.8
47.0,42.95
5.3,6.54
7.0,7.83
4.5,5.48
5.5,5.71
7.7,7.44
10.2,9.86
26.5,24.78
6.0,5.37
8.0,8.04
5.3,5.82
8.5,11.34
14.9,14.15
5.3,7.13
12.5,12.99
12.5,12.73
6.0,6.33
10.0,10.0
9.7,9.46
6.5,7.54
6.9,8.05
10.0,12.14
5.0,11.51
8.1,9.36
8.1,7.99
4.5,5.44
6.9,11.61
49.57,53.1
12.0,10.93
5.0,4.85
22.5,21.51
11.3,12.4
33.3,37.54
6.5,8.82
4.5,5.09
3.5,8.33
6.1,5.93
9.0,8.38
11.3,11.69
8.1,9.3
17.7,19.66
10.0,9.08
8.1,9.58
10.5,10.17
12.1,12.67
7.7,9.21
8.1,6.13
9.5,10.79
7.7,8.64
13.5,10.08
16.5,7.92
3.7,5.23
4.9,7.1
7.5,7.32
6.5,7.28
4.5,5.3
4.1,9.68
6.9,7.02
7.3,7.65
5.7,7.12
7.7,8.98
14.0,12.24
19.5,13.32
5.3,6.96
10.1,11.08
33.3,37.31
21.7,25.38
12.5,10.02
7.0,7.28
15.3,11.55
15.0,14.02
5.7,10.21
6.5,7.78
6.1,7.15
18.5,20.24
9.0,6.69
6.9,8.13
5.0,4.15
17.5,18.6
9.7,7.65
17.3,25.35
14.0,9.24
10.0,9.22
6.9,8.08
5.3,5.6
4.1,4.73
11.7,10.84
37.83,35.93
6.5,13.57
4.5,5.23
49.57,53.7
5.5,5.36
41.0,32.16
30.9,30.92
10.9,9.26
10.5,13.19
9.3,9.92
7.0,6.76
6.5,7.58
11.7,12.83
13.5,12.3
54.33,55.68
9.3,11.38
11.0,8.29
9.5,6.57
10.5,9.94
3.0,36.15
8.0,7.42
4.0,5.31
17.7,16.56
27.0,18.97
5.0,5.16
23.7,25.6
11.7,11.8
7.7,10.99
8.0,9.08
8.0,7.01
10.5,9.12
6.9,7.38
15.3,17.99
6.1,6.11
4.5,6.45
4.9,5.37
8.5,10.94
12.1,13.17
31.3,32.06
11.7,11.37
11.1,12.02
16.0,13.8
10.0,7.98
14.5,15.31
10.1,12.09
6.1,6.62
52.0,48.93
8.0,7.27
9.0,7.29
6.5,6.28
6.0,5.29
4.0,4.95
6.1,7.28
12.1,13.39
10.0,8.0
11.7,13.64
12.0,10.48
7.3,8.4
13.0,9.6
5.3,4.99
15.5,14.49
12.5,9.34
10.1,10.5
9.3,9.52
4.5,5.65
3.0,6.09
15.3,9.26
10.5,11.89
17.5,18.34
8.5,8.72
6.9,6.19
8.1,9.8
5.5,5.4
6.5,9.01
10.9,13.54
6.5,6.49
6.1,7.15
6.9,6.86
9.7,10.85
8.2,9.2
5.5,5.55
27.3,21.99
7.3,8.16
5.3,4.23
9.3,7.6
6.0,6.41
7.3,9.78
5.5,5.53
6.5,7.51
13.0,10.99
9.0,7.62
8.1,5.53
6.0,5.85
3.7,4.81
25.0,16.65
14.0,10.09
13.0,14.37
17.5,14.54
6.9,5.68
7.3,9.59
13.7,14.45
14.5,11.83
8.5,6.93
4.5,5.26
15.5,13.75
9.5,9.7
8.1,8.35
3.5,4.08
9.3,12.1
7.3,7.84
6.5,9.41
8.0,7.78
9.0,6.37
8.5,8.95
5.7,6.7
12.1,15.85
8.5,9.5
11.0,12.42
5.7,6.33
7.0,6.06
4.5,4.52
11.0,12.13
13.0,12.25
11.7,10.81
12.1,13.17
10.9,12.22
6.5,6.44
23.7,18.63
19.5,18.19
6.1,5.72
11.0,9.43
5.7,5.26
9.5,9.04
5.0,5.12
10.0,8.09
57.33,53.36
8.1,6.57
8.5,7.9
3.7,10.75
34.3,32.85
46.0,35.21
18.5,20.62
5.5,5.76
5.3,7.23
5.3,5.25
23.3,20.59
6.9,9.08
15.0,14.55
6.5,7.98
7.0,7.33
9.7,9.71
5.5,6.13
24.0,18.73
6.5,7.22
8.0,7.07
7.0,6.48
5.0,4.66
4.5,5.39
5.7,7.5
45.0,43.32
13.0,8.91
6.5,3.11
11.0,10.59
9.7,10.43
17.3,18.51
14.0,13.26
21.5,22.36
10.0,10.65
7.3,8.36
6.5,7.01
15.3,14.2
12.9,16.37
6.0,7.06
6.1,8.27
4.5,5.12
17.0,11.95
8.5,7.53
42.5,34.51
10.0,8.47
9.7,9.66
39.5,28.6
6.0,6.33
4.0,4.46
9.7,9.6
34.1,33.08
13.3,10.34
13.5,14.56
10.5,9.81
5.0,6.51
36.67,37.08
25.3,15.41
7.3,6.79
5.3,6.28
7.3,9.15
13.0,11.76
10.1,11.65
45.0,8.85
9.0,9.72
4.5,5.53
32.33,25.4
6.5,6.18
4.5,5.65
5.5,5.11
6.1,11.15
7.0,7.75
10.1,10.98
18.5,20.38
11.7,12.5
8.0,6.2
6.9,7.36
6.1,8.47
19.0,18.11
7.7,7.83
8.1,9.81
5.7,8.33
5.7,7.09
6.1,6.49
7.3,9.16
8.1,9.29
4.1,4.54
8.1,8.76
19.5,15.63
10.5,8.65
10.5,7.56
16.5,11.8
12.1,14.34
8.5,8.08
18.0,13.57
8.5,8.6
5.5,6.4
6.5,7.86
14.1,15.64
6.5,5.59
5.0,5.05
5.3,4.64
6.5,7.81
4.0,9.39
4.1,5.76
20.5,18.19
5.3,6.31
9.0,8.8
9.0,8.14
5.5,5.88
5.3,6.03
12.9,15.16
6.9,8.97
16.5,17.28
10.1,12.03
57.33,43.38
14.5,12.02
5.3,7.18
20.5,9.7
5.7,6.57
9.5,8.26
32.1,34.12
8.5,10.49
16.1,16.4
5.5,4.99
4.0,5.7
10.9,12.22
19.7,25.89
8.0,7.08
10.1,12.37
6.5,5.93
10.1,11.86
2.5,10.62
7.0,8.23
13.0,12.47
4.5,10.45
4.1,5.31
5.5,4.36
7.3,8.24
6.5,5.43
12.9,14.55
6.1,6.47
4.0,5.25
13.3,14.41
22.5,17.7
9.0,9.64
29.0,19.73
4.5,6.21
6.5,6.12
8.5,7.98
3.7,5.01
8.5,11.53
3.5,5.05
8.1,6.63
4.0,5.36
12.5,13.73
4.9,5.6
30.5,36.88
6.1,6.56
16.5,9.92
7.5,8.89
11.7,10.17
11.3,13.2
7.0,6.6
10.0,7.11
15.3,9.12
8.5,9.07
3.5,5.31
7.0,5.63
4.5,4.7
7.3,8.79
7.0,6.74
6.5,7.36
13.5,11.82
5.5,5.61
11.0,9.77
12.1,11.84
4.1,5.3
4.0,4.93
32.33,30.43
7.0,6.74
10.5,9.46
19.5,7.43
6.5,9.44
43.83,38.12
10.0,11.46
3.3,4.38
22.5,19.3
10.9,12.68
8.1,8.59
13.7,11.56
8.9,9.44
6.9,7.54
26.5,27.52
12.5,14.1
11.3,13.29
18.7,16.5
3.3,4.68
6.0,9.76
8.5,9.1
14.9,17.04
8.9,9.1
10.5,10.85
9.0,7.86
12.5,11.45
9.7,11.68
20.0,15.61
4.5,5.08
8.5,7.79
8.1,10.97
3.7,4.71
49.57,53.5
9.7,11.64
26.9,33.23
8.5,8.1
3.7,5.48
38.67,36.08
5.7,6.11
7.7,9.16
9.7,10.47
7.3,7.88
8.5,7.89
6.5,6.32
9.3,5.36
6.1,8.14
6.5,6.94
17.5,19.52
4.9,5.9
5.5,4.68
6.9,7.41
8.9,9.05
8.0,7.43
12.5,11.19
8.9,10.58
8.5,8.39
8.1,9.81
5.7,6.45
7.7,10.89
4.1,6.3
19.0,18.1
7.3,6.91
8.5,8.93
8.5,8.55
6.0,6.73
7.3,9.18
4.5,5.62
9.3,12.7
7.5,7.0
14.1,15.67
6.5,4.62
5.3,6.38
4.5,5.86
5.7,5.91
14.5,12.9
12.1,10.69
9.7,9.44
12.1,13.3
9.5,11.0
8.0,7.06
5.5,7.24
7.0,5.87
6.0,5.67
22.5,16.37
15.0,13.69
51.3,35.32
13.0,11.91
6.9,8.07
4.1,4.24
7.7,10.3
6.5,7.41
13.0,10.1
9.7,9.19
9.5,8.62
9.5,10.86
5.5,4.69
7.0,5.94
6.0,6.64
11.3,10.98
3.0,3.54
8.0,10.37
18.0,17.2
7.3,9.47
28.5,28.55
11.0,7.17
29.45,31.92
10.1,12.49
46.5,53.29
9.0,7.89
7.0,6.15
8.9,9.64
16.1,18.77
3.7,3.97
9.5,5.38
6.1,6.84
7.3,7.15
12.1,18.88
6.0,7.65
8.9,8.11
16.1,14.72
8.1,7.51
11.0,9.09
4.1,5.28
4.5,5.2
15.0,14.24
16.1,17.49
5.7,7.51
30.0,26.55
4.5,5.47
10.1,12.09
19.5,14.6
15.0,12.76
52.0,50.96
3.5,4.93
4.5,10.61
6.9,7.5
27.3,30.27
6.1,7.54
9.7,8.96
24.9,26.73
27.5,20.25
8.1,10.18
8.0,6.42
8.0,5.27
10.1,11.27
6.0,5.46
49.57,51.59
5.0,6.89
11.5,6.61
4.5,4.94
15.5,7.81
8.5,8.88
8.0,6.53
7.0,7.65
6.1,6.94
7.7,7.92
8.0,10.54
10.5,12.56
14.0,11.97
38.83,35.81
8.0,7.39
9.5,52.07
7.0,5.9
5.5,5.99
5.3,6.1
33.47,30.02
7.7,9.55
5.0,5.71
34.3,36.77
2.5,31.19
4.5,6.02
12.5,16.11
33.5,37.3
5.3,6.88
14.0,12.59
8.0,6.74
16.0,15.71
29.04,27.99
10.3,9.21
9.3,6.42
6.5,7.03
9.0,6.64
4.9,5.09
5.3,5.8
7.7,9.79
9.0,11.3
5.3,5.28
10.5,11.14
6.9,7.19
5.0,7.48
5.3,6.21
11.7,11.98
12.9,15.26
7.0,7.79
8.5,7.28
5.3,5.01
21.0,18.71
14.5,13.71
8.1,8.52
6.0,6.46
4.9,5.85
4.5,5.77
30.0,15.74
9.5,7.87
7.5,8.16
9.5,7.9
10.9,12.25
9.0,8.3
5.7,4.65
7.0,6.73
9.7,8.17
5.0,5.61
36.1,47.7
9.0,8.67
24.5,19.98
6.5,7.14
4.5,7.0
25.0,17.85
24.5,20.86
6.5,8.08
12.5,12.4
6.5,7.69
23.3,30.87
3.3,4.07
4.5,6.1
16.9,21.95
8.9,9.36
9.5,7.07
12.0,11.06
17.3,21.62
4.5,4.66
8.5,10.14
7.7,9.07
12.9,14.52
19.5,19.79
7.3,8.04
4.1,12.62
25.3,17.29
11.5,10.51
6.9,8.57
7.5,8.13
12.6,13.57
16.5,11.62
6.9,5.74
6.0,7.46
6.1,8.21
3.3,4.49
5.0,5.09
4.9,4.85
8.1,8.63
3.0,6.56
17.5,16.41
9.3,11.35
13.0,12.25
5.0,4.41
4.5,5.79
49.8,51.46
17.0,11.51
11.0,8.17
5.3,6.14
7.3,5.83
6.9,8.36
9.3,10.49
17.7,15.09
17.7,19.72
4.5,5.31
11.0,6.2
6.5,6.64
49.8,52.64
9.0,7.79
16.5,13.01
10.1,11.7
6.0,6.32
14.5,17.42
6.0,5.99
7.5,7.43
7.3,4.37
18.1,17.86
4.5,5.26
7.7,6.47
16.5,15.74
6.0,5.01
4.1,4.57
14.1,14.2
6.0,6.71
9.7,10.87
8.5,8.03
6.0,5.45
10.1,12.72
57.54,51.51
10.5,9.24
13.5,52.35
5.3,6.37
11.0,7.5
34.83,31.74
26.1,32.39
5.3,6.97
13.0,10.91
10.5,8.17
12.5,6.6
4.0,4.08
6.9,6.4
7.5,7.38
5.7,6.18
6.0,5.5
6.9,13.15
10.0,9.84
14.9,16.6
5.7,8.45
8.1,10.62
31.3,31.79
35.0,14.46
15.0,13.23
27.33,24.51
5.7,5.76
8.9,9.38
4.5,4.81
8.9,10.5
11.3,16.42
6.9,7.37
12.0,10.53
6.1,6.93
4.5,5.0
5.5,4.86
13.7,13.61
7.5,7.59
7.5,8.01
6.0,6.17
8.1,9.0
6.0,6.87
16.9,18.02
8.1,8.46
4.5,4.23
23.5,15.29
4.1,4.66
14.5,11.49
3.7,5.22
21.9,23.34
5.3,5.92
8.0,7.86
8.9,7.94
13.5,12.57
7.0,6.75
10.0,11.49
6.1,7.16
7.0,8.0
14.5,12.04
4.1,4.83
5.7,7.23
17.0,7.6
22.9,28.55
12.9,13.11
10.9,12.86
8.1,9.4
8.1,8.35
4.9,4.41
7.7,9.63
5.3,5.07
9.7,12.37
11.7,15.35
6.1,6.09
32.83,31.58
13.3,16.08
9.0,8.29
12.5,8.55
9.0,8.68
9.5,9.09
6.9,7.77
7.5,8.01
8.5,9.53
9.0,8.81
5.7,7.37
5.7,7.09
19.5,12.92
8.0,8.06
8.5,5.79
8.1,9.66
5.7,6.6
8.5,9.01
9.0,8.14
9.0,8.17
8.5,5.99
19.5,15.86
26.67,32.0
5.3,6.37
7.0,6.89
4.5,4.41
4.1,3.74
14.5,11.74
5.3,5.64
5.3,4.91
10.5,10.12
24.0,17.42
16.9,16.88
15.5,12.66
24.1,23.41
4.5,4.2
7.7,7.13
4.9,6.25
11.7,12.6
8.0,7.67
6.9,7.49
4.5,8.34
3.0,4.44
4.0,5.09
12.5,12.09
18.5,17.07
4.5,6.14
19.7,22.88
7.3,7.76
5.3,5.92
20.9,25.55
10.1,11.79
10.5,11.4
13.7,14.69
15.0,15.52
8.0,7.33
4.9,5.03
2.5,6.89
6.5,7.63
12.5,12.01
7.5,4.97
7.3,9.21
7.0,7.08
6.9,7.85
18.0,17.14
10.1,7.35
4.9,8.13
7.5,7.21
11.5,12.02
3.3,4.54
12.1,12.75
15.0,14.59
7.7,9.09
8.5,7.76
4.0,4.56
7.5,6.89
17.3,7.64
13.5,11.53
5.3,6.76
4.0,4.93
8.2,10.27
12.0,11.12
17.5,17.42
5.3,4.19
8.0,8.8
10.9,11.96
10.1,10.0
5.0,5.21
7.5,7.23
10.1,12.13
3.7,6.57
4.0,9.13
14.1,10.51
7.0,6.64
11.5,6.69
9.3,13.91
31.0,22.39
6.1,7.51
5.3,5.69
7.5,7.54
8.0,11.27
6.9,8.58
5.0,5.16
5.3,7.23
8.5,14.08
7.0,8.18
4.5,4.67
7.5,9.36
19.7,18.32
8.1,7.62
12.1,11.82
10.1,11.2
7.3,5.68
6.1,7.81
6.0,5.62
43.7,37.57
9.5,11.9
12.5,15.11
4.0,4.99
7.5,7.43
5.5,4.34
6.1,8.03
10.1,6.83
8.5,7.32
5.3,7.9
8.1,6.99
6.0,8.35
7.7,10.42
11.0,10.58
5.3,6.8
11.7,9.99
8.1,9.33
5.0,4.91
11.5,10.8
7.0,5.99
10.5,7.35
3.0,11.77
16.0,14.81
10.9,6.76
11.0,6.57
8.5,7.47
4.9,10.65
5.7,7.42
6.0,5.37
17.3,15.18
6.5,5.81
2.9,4.55
8.9,7.74
8.9,9.16
8.5,9.95
7.3,8.02
5.0,7.45
16.5,14.81
7.3,8.32
16.0,14.06
12.5,5.17
6.5,5.18
7.3,6.57
13.5,12.98
8.1,12.03
12.5,11.76
8.0,7.84
8.5,6.99
8.0,5.73
5.0,5.65
33.0,24.41
5.0,5.93
6.9,7.27
12.5,12.08
14.5,13.25
5.7,6.98
10.5,6.22
4.5,5.4
21.5,19.76
4.5,5.12
7.7,8.65
6.5,7.62
11.3,9.67
5.3,7.23
10.0,7.8
4.5,6.45
10.5,8.19
3.7,4.7
31.5,30.97
18.9,17.69
10.0,12.44
14.1,16.29
4.9,7.66
3.7,4.91
13.0,12.43
8.5,9.44
14.5,11.26
5.7,5.81
4.1,4.65
6.0,5.5
4.5,5.49
12.5,12.98
12.9,8.74
5.7,5.87
13.3,25.52
16.1,15.19
12.5,7.71
8.0,7.57
23.5,19.1
19.5,19.02
9.5,8.7
5.0,5.66
6.0,6.69
12.0,13.14
10.0,10.2
9.3,11.21
12.5,15.74
9.5,9.02
6.0,5.91
18.1,19.52
7.3,7.67
8.0,7.67
5.7,8.25
3.5,4.21
5.0,5.76
8.9,11.56
11.3,10.22
20.5,10.88
8.9,9.83
4.5,5.14
25.0,21.23
17.3,18.03
40.5,36.81
19.0,13.94
15.3,15.41
4.9,4.8
6.5,5.25
9.7,9.46
4.5,9.34
5.7,8.18
8.5,7.5
6.5,8.11
5.3,7.46
17.5,15.14
5.0,5.7
9.0,7.13
19.7,23.69
40.83,23.61
4.5,5.7
6.5,7.07
6.1,7.4
10.9,12.78
5.5,5.54
6.0,11.21
5.7,5.18
8.9,10.62
7.5,8.29
9.7,10.0
3.5,5.43
8.1,11.58
10.1,11.01
17.7,15.73
3.3,4.77
6.0,6.49
4.5,4.41
10.5,8.59
13.0,9.93
7.5,9.37
12.0,8.28
10.5,7.19
12.9,13.35
18.0,9.32
3.3,4.99
6.1,8.61
9.7,11.47
10.2,9.98
6.0,5.16
14.9,17.49
6.5,4.73
7.3,7.52
5.5,6.66
9.0,7.75
9.5,9.38
60.0,7.22
11.0,10.65
8.0,6.0
13.3,14.61
7.0,8.98
7.7,10.12
7.7,6.87
16.5,20.54
3.7,5.74
18.9,21.16
6.1,6.84
7.7,9.1
7.7,7.1
10.5,11.6
10.5,9.42
9.0,8.21
7.3,7.38
26.5,10.41
4.0,11.9
12.9,12.36
23.87,27.83
6.5,7.43
9.5,6.81
14.1,12.23
10.0,9.03
14.1,16.0
6.5,8.11
11.7,12.73
14.5,9.58
7.0,7.7
5.7,5.41
8.5,8.1
9.7,10.15
7.3,6.75
33.7,43.19
4.1,5.41
6.5,5.76
56.8,56.9
11.0,9.08
4.5,6.34
6.9,7.14
9.5,9.91
12.0,13.07
12.9,12.97
8.1,8.91
7.7,7.52
15.3,11.92
10.5,10.56
4.0,5.0
7.0,8.67
10.5,7.77
34.8,34.43
45.0,4.51
4.1,4.52
57.33,44.72
4.9,5.55
4.5,5.87
3.7,4.87
14.0,10.72
7.7,16.9
7.0,7.96
4.5,4.39
9.5,8.24
4.5,4.6
4.5,5.01
7.7,9.44
51.5,53.12
26.9,32.52
20.5,21.99
6.1,7.27
32.9,33.74
11.3,11.98
13.7,17.22
5.3,7.09
10.0,10.62
8.1,8.43
10.5,9.89
6.1,7.03
3.7,5.19
12.5,16.18
4.5,4.97
8.9,11.56
9.7,10.51
10.0,9.16
8.0,6.84
6.5,6.59
6.0,6.97
7.3,4.44
25.3,31.22
11.0,7.71
71.75,65.72
3.3,4.69
44.0,45.59
13.3,15.63
6.5,6.2
7.3,7.83
5.7,8.84
6.0,6.52
9.0,5.6
20.0,14.92
12.9,15.28
7.5,6.48
4.1,5.41
6.1,5.53
9.1,10.06
9.5,6.23
9.0,9.42
5.0,5.08
5.0,4.68
10.9,12.53
14.9,18.34
4.5,5.27
14.1,14.4
9.3,9.18
5.7,6.13
20.0,17.59
16.5,21.34
8.9,8.2
5.0,5.18
11.7,8.87
6.0,6.04
6.1,7.15
10.1,10.12
6.5,7.2
27.0,21.95
5.3,5.69
3.3,5.4
6.9,6.82
4.5,4.71
6.0,5.66
9.5,9.49
6.1,6.89
10.9,11.71
12.5,13.07
8.5,8.56
6.1,7.44
16.1,20.85
52.0,52.51
7.5,8.61
57.33,49.14
8.9,9.79
24.1,30.15
14.5,12.58
6.9,9.5
13.3,13.85
7.0,6.82
6.9,7.04
10.1,10.81
14.5,14.5
9.3,9.78
4.5,6.0
7.5,7.38
5.5,7.16
24.5,26.2
17.7,9.31
8.5,8.17
8.5,11.0
4.1,4.59
52.0,49.53
6.9,6.68
7.3,7.12
7.3,9.41
8.5,5.85
4.5,4.97
14.0,12.41
9.5,7.49
13.5,14.24
7.0,7.65
4.5,6.13
21.33,20.5
11.5,11.27
7.5,6.25
11.3,16.26
10.0,10.01
5.3,6.8
12.5,6.77
6.9,7.67
9.0,7.82
25.5,25.52
7.3,9.88
9.3,8.36
13.0,12.66
56.8,40.61
13.3,15.12
7.5,14.55
10.1,9.02
5.7,6.9
7.5,7.91
8.5,11.03
4.9,5.34
10.5,9.95
5.3,5.98
2.5,7.42
32.67,36.06
3.7,4.31
9.7,7.6
4.5,6.06
5.7,6.5
12.5,15.11
12.0,10.52
5.7,6.88
17.7,18.28
30.9,34.3
8.5,9.35
4.0,5.84
5.3,5.3
4.5,7.34
9.7,10.53
15.5,14.77
6.0,7.1
4.5,4.11
6.0,7.29
6.1,7.36
4.5,5.41
25.3,4.46
25.3,20.45
8.9,9.46
24.1,21.42
12.5,17.55
10.0,10.07
4.1,5.25
8.9,9.07
18.1,19.91
9.0,8.94
4.9,5.14
8.9,8.0
7.7,8.72
4.5,5.14
6.6,5.85
8.5,8.05
7.7,9.41
10.0,9.93
124.0,58.62
3.7,5.18
10.9,8.83
12.1,13.35
10.9,11.43
45.0,10.97
15.3,13.19
8.1,8.1
5.0,6.03
28.1,35.07
13.3,8.92
9.0,6.15
7.0,5.42
10.5,10.86
12.5,13.92
7.0,6.22
4.7,5.57
8.5,7.73
4.0,4.36
5.3,5.33
9.0,11.04
9.7,10.76
4.1,5.64
5.0,4.69
5.3,5.5
14.5,15.61
6.5,5.85
11.0,10.52
14.2,15.54
3.7,4.74
8.5,6.81
7.7,9.2
4.5,6.34
7.3,7.39
6.9,6.25
27.7,30.28
5.5,6.12
14.0,8.24
17.7,20.94
8.9,11.0
8.5,9.04
25.47,27.2
5.7,7.17
6.9,8.55
6.1,4.54
7.3,6.79
9.7,11.76
4.5,5.97
5.3,5.88
15.0,8.56
15.3,17.73
5.3,5.76
12.1,13.71
5.3,5.78
11.0,11.85
11.5,10.9
10.0,11.72
9.7,11.65
10.1,13.07
9.5,9.68
4.9,5.66
10.9,13.34
5.7,6.31
9.7,18.55
7.0,7.35
15.5,13.63
11.5,8.11
5.3,7.89
9.3,10.71
7.3,7.94
45.5,44.52
6.9,7.13
4.1,5.6
7.3,6.59
8.1,11.51
6.1,8.15
4.1,3.74
6.5,6.13
25.5,25.45
10.0,10.1
19.0,15.81
4.5,10.58
9.3,6.93
6.1,5.32
39.5,24.64
10.1,11.6
4.9,6.51
12.0,10.16
23.3,23.06
6.5,8.59
10.0,8.99
5.3,4.99
10.0,8.67
14.0,6.86
8.5,8.32
6.9,7.59
8.5,8.51
8.5,8.31
6.0,5.66
8.1,8.06
4.5,4.14
7.3,6.54
21.0,16.44
5.5,4.22
5.7,5.92
15.0,10.33
6.9,9.81
4.5,5.48
6.5,6.49
4.9,5.65
17.5,17.88
10.0,6.24
6.5,6.43
17.5,16.66
8.5,9.01
8.0,8.07
8.5,10.17
12.6,17.32
8.5,8.19
4.5,5.3
10.0,9.34
11.3,9.09
5.7,6.65
7.5,6.82
6.5,6.51
15.0,13.25
9.3,12.02
5.0,8.63
7.0,9.03
8.9,10.1
22.5,25.95
16.5,17.62
6.1,6.2
10.5,7.61
16.1,18.37
13.5,12.5
5.3,6.32
4.1,5.02
6.0,6.07
7.3,9.8
5.0,8.92
5.3,6.75
5.3,6.86
13.0,12.39
6.9,8.45
19.5,11.01
7.3,7.8
6.5,7.57
6.1,7.23
13.5,14.83
6.5,7.1
6.5,6.72
15.0,11.61
2.5,13.93
12.0,13.13
3.3,4.95
8.5,10.31
6.5,5.86
16.0,17.76
4.1,5.25
8.9,8.85
5.7,7.28
8.0,7.71
6.0,6.64
16.0,13.46
9.7,12.23
7.3,6.32
7.3,8.34
12.5,13.81
5.5,6.5
8.5,9.26
5.0,4.0
26.5,20.39
10.0,9.07
6.5,6.62
9.3,10.49
4.5,5.63
6.5,9.1
8.0,6.51
6.5,8.42
11.7,12.11
8.9,8.58
5.5,6.36
3.5,5.13
8.1,7.68
36.04,31.12
5.7,6.87
6.5,6.72
16.0,12.08
4.5,5.79
7.5,7.59
5.3,6.65
22.5,19.34
9.3,10.57
21.87,28.29
22.1,23.1
7.0,6.9
7.3,6.57
9.0,12.97
7.5,10.05
11.5,10.66
11.3,10.61
4.1,4.92
16.0,12.93
5.5,10.22
5.3,5.94
9.0,8.65
11.5,8.39
4.1,5.83
12.5,12.74
20.0,18.02
10.5,9.91
7.0,6.25
10.0,7.17
7.7,7.78
7.0,6.14
8.1,9.25
16.0,12.07
44.5,38.06
6.5,7.05
10.9,11.91
8.1,8.77
4.5,5.2
21.7,19.46
21.3,24.17
5.3,6.36
12.1,13.31
7.7,8.99
11.5,12.32
9.0,6.48
8.1,13.73
8.0,9.22
8.5,7.69
6.1,5.77
23.5,19.79
4.9,5.59
5.7,4.96
14.0,12.97
14.5,10.72
9.3,11.48
14.5,9.06
8.5,10.64
6.5,6.32
6.9,6.88
8.0,7.3
6.5,5.91
12.1,12.29
13.5,12.14
5.8,7.22
49.57,52.87
49.57,4.81
10.1,9.38
5.0,5.24
3.3,5.09
5.7,6.62
5.3,7.17
7.5,7.44
6.0,6.27
4.1,4.34
9.7,8.69
7.0,6.01
11.0,12.34
5.5,4.45
8.1,7.3
5.0,5.38
10.1,9.57
12.0,10.13
6.0,7.28
6.0,7.17
21.0,19.94
21.0,16.13
5.7,7.06
25.5,15.43
11.5,5.22
15.0,14.94
9.0,10.78
5.7,22.27
15.5,12.52
10.0,8.02
31.5,26.97
13.0,11.88
8.1,10.8
12.0,6.71
9.5,9.47
6.9,8.7
6.9,7.46
8.0,8.27
8.5,7.99
13.3,12.6
6.5,8.35
6.5,8.28
9.3,9.25
5.0,4.84
4.1,6.34
4.1,5.22
10.5,13.7
13.5,12.49
13.7,16.98
21.3,20.17
4.9,4.85
5.3,5.44
7.7,8.14
13.3,13.35
9.0,9.12
9.5,8.73
7.7,9.64
6.9,10.75
13.7,12.16
6.9,6.09
6.0,5.69
34.9,41.71
12.5,12.38
11.0,10.0
5.0,5.15
4.5,5.4
5.7,7.65
6.9,8.6
5.5,6.18
18.1,32.97
8.1,10.16
30.5,25.41
2.5,6.16
4.1,5.08
8.5,7.19
8.9,9.25
6.1,9.13
15.0,10.44
12.5,12.95
7.0,8.46
12.0,10.8
28.0,27.24
6.1,7.4
15.5,14.95
8.1,6.83
9.0,9.63
7.7,9.48
6.5,4.94
4.5,5.19
22.5,23.05
9.7,12.53
15.0,10.74
5.0,5.16
20.5,18.41
6.1,8.52
6.1,6.27
18.0,16.81
26.1,28.27
24.9,28.52
9.5,6.93
4.0,3.03
7.0,7.37
8.5,7.97
12.0,6.2
16.9,15.4
10.0,6.67
49.57,8.28
13.5,10.72
5.7,8.62
16.5,17.87
9.0,8.46
4.9,5.32
39.83,37.56
6.5,7.33
8.1,11.59
6.5,7.14
3.7,4.11
11.5,9.65
8.5,8.15
50.0,55.37
5.0,5.88
8.5,7.55
12.5,14.45
17.3,20.28
6.5,7.82
7.3,9.41
12.0,10.41
6.5,5.79
3.7,3.94
20.5,20.01
9.3,9.91
8.5,8.35
5.7,6.23
19.0,17.79
12.5,9.63
16.9,16.09
6.1,7.1
5.5,6.88
11.3,11.56
7.5,7.98
14.5,9.02
4.9,5.66
8.5,8.37
5.3,5.9
6.6,8.11
8.7,10.61
5.0,6.32
5.5,4.93
6.5,7.72
46.9,28.94
8.9,9.43
9.7,10.25
11.0,8.77
10.5,12.37
5.3,6.47
5.3,6.06
3.7,4.06
8.1,7.77
5.5,5.1
12.0,11.0
8.9,9.61
8.9,11.37
6.9,7.44
10.9,13.22
15.5,13.31
35.94,30.81
10.5,8.57
15.5,14.77
12.0,11.46
11.7,13.64
18.9,23.51
14.1,15.26
32.54,29.1
20.0,17.88
54.5,48.34
56.8,54.42
12.5,8.56
6.9,7.38
4.5,4.61
6.5,11.69
14.5,10.44
36.1,48.33
6.1,11.0
9.3,11.31
7.7,11.14
33.5,27.48
15.5,14.93
9.7,8.88
15.5,17.81
12.5,5.71
4.0,5.21
10.0,11.95
8.9,7.87
11.3,12.82
6.1,6.39
7.7,13.31
9.3,9.75
6.9,7.58
11.3,13.18
6.5,7.86
11.0,10.04
4.1,6.08
6.0,6.42
3.7,5.36
6.1,3.89
7.3,5.41
12.9,13.82
6.1,6.51
4.5,4.43
5.3,5.76
7.7,9.38
6.0,5.8
15.5,14.25
5.0,3.96
5.7,7.32
6.5,9.22
6.1,5.98
8.5,7.7
4.5,5.08
15.0,12.78
15.5,13.86
7.7,9.06
5.3,5.55
3.7,4.0
10.1,9.58
12.5,16.74
7.3,8.49
17.0,13.87
19.3,18.48
3.7,4.63
10.1,11.2
7.0,5.7
5.0,6.12
8.0,7.32
4.0,4.91
7.5,8.04
7.7,8.05
11.7,14.64
9.3,11.07
15.5,16.5
7.7,9.18
5.7,7.71
5.3,6.68
49.57,52.06
6.9,8.25
9.0,9.14
9.5,9.36
6.9,7.18
9.3,12.75
4.1,3.77
8.1,10.32
16.5,15.63
12.1,14.35
12.5,11.57
5.3,6.07
6.5,5.42
15.7,16.85
4.0,4.55
34.5,34.87
8.0,6.58
6.1,7.95
13.0,13.09
47.8,33.39
10.5,6.03
3.7,4.76
12.5,9.71
9.7,11.06
6.9,9.14
8.9,10.05
14.5,16.87
7.7,8.87
38.33,32.16
4.9,8.69
2.5,7.28
6.5,5.33
6.9,7.69
5.7,6.15
11.5,9.79
6.0,3.97
8.5,4.46
19.0,15.68
4.5,4.76
9.0,5.04
8.0,7.79
11.0,11.23
4.9,5.91
9.5,10.37
13.0,13.16
5.3,7.61
57.33,54.44
9.0,8.29
6.1,7.31
15.5,11.25
3.3,4.34
12.9,17.04
6.5,5.98
12.5,11.76
5.7,6.35
10.5,11.25
8.1,8.39
53.3,52.62
8.0,7.03
6.5,5.57
39.54,35.59
15.0,11.6
35.0,35.95
4.5,5.07
11.0,11.48
30.9,27.47
4.0,5.95
10.0,8.43
13.0,14.25
9.5,9.46
14.5,7.9
12.1,7.47
6.1,6.68
11.3,14.25
5.3,6.29
18.0,13.26
6.5,8.36
14.5,10.74
6.9,7.62
9.0,6.33
7.5,5.41
20.0,17.91
5.7,6.71
9.0,7.74
4.0,5.01
5.0,5.51
7.3,8.61
12.0,10.55
10.0,10.78
3.7,3.78
6.5,7.31
8.5,9.9
7.5,6.47
18.5,15.19
10.5,9.71
8.1,5.65
21.5,22.56
16.9,22.84
10.5,6.41
9.0,8.16
5.5,6.21
6.9,6.74
9.7,7.48
8.0,8.45
10.1,8.06
6.1,7.21
9.0,7.89
4.1,13.44
7.5,8.06
18.2,21.62
3.3,4.78
5.3,7.66
16.0,13.21
3.3,6.37
11.5,11.17
5.0,5.31
28.1,33.6
11.7,15.08
11.3,11.77
7.3,8.17
8.5,7.66
36.3,35.75
9.5,10.89
7.0,9.53
7.0,8.06
12.5,11.21
9.7,17.06
7.7,7.22
5.7,6.43
14.5,15.48
12.5,5.92
4.0,4.92
9.7,9.87
4.1,4.76
7.3,7.88
4.1,7.26
7.7,9.61
10.5,7.2
11.0,11.08
9.3,9.72
4.9,6.48
9.0,9.82
11.5,13.19
13.3,15.27
8.0,7.84
40.33,34.24
8.6,8.15
41.33,34.97
4.9,4.92
11.3,7.1
13.5,12.03
6.0,5.4
10.0,10.01
16.5,13.27
4.9,5.1
5.3,7.05
7.5,7.42
4.1,8.69
5.3,6.49
4.1,5.76
11.5,8.87
8.5,9.52
37.33,32.07
7.7,13.47
4.5,4.85
5.3,8.64
6.9,6.87
13.3,11.1
18.0,14.61
3.7,4.8
12.0,9.43
6.9,8.17
8.1,9.68
10.9,5.14
3.3,5.29
11.5,13.5
9.7,11.32
4.5,4.89
5.3,4.96
6.5,10.2
8.5,6.86
5.7,7.5
9.7,11.89
4.5,4.09
16.0,11.87
12.5,10.74
13.5,13.9
10.5,9.78
17.7,19.72
8.9,11.92
9.3,10.06
11.7,11.42
9.7,14.56
4.1,5.97
3.3,4.94
3.7,4.1
9.0,6.45
5.0,5.55
7.7,9.51
8.9,10.72
4.1,4.73
8.9,10.95
8.1,12.41
8.5,7.61
6.1,6.43
9.0,10.27
7.7,9.42
5.7,6.66
15.5,12.41
5.5,5.44
11.7,10.89
14.5,13.1
17.0,15.0
3.3,5.17
6.9,8.88
8.5,10.03
9.0,8.64
16.5,11.93
4.5,4.61
13.7,13.31
8.5,8.22
9.0,6.89
8.5,7.07
6.5,10.21
9.5,9.03
8.5,9.4
6.0,5.97
3.0,9.71
6.0,4.87
4.1,5.02
3.0,4.63
4.9,5.11
9.0,9.36
5.0,4.17
5.0,6.5
8.1,5.38
7.5,6.34
3.5,9.04
7.5,4.75
13.5,11.55
13.5,9.6
11.0,10.1
15.5,11.03
9.5,7.8
26.5,32.67
14.0,9.32
11.0,9.34
6.0,7.97
8.5,7.44
7.5,8.26
12.5,6.77
12.9,9.6
4.1,5.23
7.7,7.26
5.5,4.86
5.0,5.44
10.0,8.72
17.0,17.31
9.3,11.96
3.7,4.73
6.9,8.19
5.0,6.54
4.0,5.35
4.5,6.17
28.9,36.25
4.9,6.25
10.9,9.81
8.1,7.86
4.1,5.75
7.3,8.72
3.3,4.13
11.5,10.95
8.1,8.19
49.8,50.13
5.0,4.77
5.7,5.28
15.5,12.43
7.7,8.57
7.7,8.87
17.7,17.63
5.7,6.45
27.3,37.77
9.5,7.11
6.1,6.22
57.33,53.21
4.9,6.93
19.7,22.97
21.0,8.81
4.5,5.04
8.5,6.55
6.5,7.75
10.1,6.06
12.0,10.02
4.0,4.42
6.1,6.93
20.5,19.44
5.7,6.4
20.5,14.49
13.7,15.27
8.9,7.88
5.3,8.1
14.5,19.0
11.0,11.62
10.5,12.37
6.5,7.52
11.7,14.06
9.3,9.44
6.9,10.08
8.9,10.95
7.0,14.15
7.3,6.94
8.5,8.78
3.7,5.18
6.5,8.45
8.0,7.04
17.5,11.16
22.5,24.11
10.5,11.17
7.7,8.28
10.1,12.9
28.9,27.48
7.7,7.92
5.0,5.61
8.1,8.81
10.5,11.72
4.5,5.7
9.0,8.46
9.7,8.5
14.5,9.24
8.1,8.05
11.5,11.37
30.9,34.96
10.5,10.9
13.5,12.79
6.5,8.32
13.7,12.63
3.3,3.83
49.8,52.51
8.5,7.18
10.9,11.14
10.0,10.16
7.0,7.51
6.0,4.24
9.0,12.16
7.3,6.64
8.0,9.37
6.0,5.58
6.0,6.43
10.0,9.76
6.5,7.82
13.0,12.57
5.7,6.09
4.5,5.79
8.9,9.07
5.5,3.97
4.5,6.51
4.1,4.14
6.5,7.56
28.1,31.38
7.0,7.58
7.3,6.82
6.9,7.58
17.3,20.08
4.5,6.42
13.7,10.49
9.5,5.85
119.0,144.23
14.5,17.79
4.1,4.71
11.3,13.0
5.3,7.67
3.7,4.65
5.0,4.91
9.7,10.23
8.1,9.15
38.5,14.51
5.9,6.08
7.7,8.6
3.7,8.22
20.5,14.44
5.0,5.17
11.3,10.9
10.0,9.77
6.5,6.92
8.1,9.75
5.7,7.94
14.5,15.25
16.1,18.55
15.5,14.39
3.3,4.09
11.0,6.94
2.9,5.3
6.0,6.03
6.1,6.42
12.0,14.09
7.5,7.07
7.5,8.35
11.7,12.63
13.7,15.51
7.1,7.74
11.7,13.09
10.5,11.02
12.9,15.4
10.0,8.11
22.1,5.3
4.1,6.37
9.5,8.86
57.33,48.73
4.5,5.23
12.1,12.41
13.5,14.34
30.0,32.17
6.1,6.86
3.7,3.9
23.7,31.37
8.0,4.78
14.5,10.93
13.5,9.89
9.5,8.94
8.0,7.12
10.5,11.7
6.9,8.24
3.7,4.13
6.9,7.85
10.1,5.8
6.9,9.36
49.33,38.66
9.5,10.61
7.3,7.18
4.1,6.7
4.1,6.32
7.3,7.86
7.3,7.65
24.5,11.87
15.5,12.58
22.9,21.56
8.5,10.15
8.1,9.26
16.1,15.84
5.0,5.09
8.9,9.88
5.3,6.29
4.0,4.68
4.9,7.43
10.1,8.76
10.5,6.9
93.16,69.11
6.5,5.71
4.9,6.31
8.1,12.15
26.1,31.6
4.0,8.35
22.1,28.79
10.9,12.45
60.0,16.68
6.5,5.54
8.1,8.64
6.0,6.09
5.0,5.98
86.0,67.52
7.7,7.62
8.5,5.97
7.0,5.94
6.5,7.75
5.5,6.67
5.7,7.64
7.3,9.47
5.7,5.62
10.0,9.16
5.7,7.84
4.9,6.12
6.5,6.32
49.8,37.42
9.0,8.36
12.5,12.36
6.1,6.71
13.5,15.59
10.5,8.55
9.0,11.12
15.0,13.76
7.0,6.53
4.5,5.64
4.5,5.39
3.7,4.04
12.0,10.03
4.9,5.87
13.3,16.99
6.9,6.77
8.9,7.51
7.0,5.01
5.7,6.12
8.5,10.96
10.1,11.99
13.0,12.85
21.05,25.52
7.7,8.22
17.0,14.46
14.0,17.04
5.0,4.4
32.67,29.12
8.9,8.0
9.3,8.99
6.1,9.57
40.0,26.09
57.33,50.86
9.3,13.51
9.7,11.38
38.0,29.38
12.5,18.15
8.9,6.07
5.5,6.31
10.0,9.34
10.0,9.53
3.5,4.61
17.3,18.09
4.1,5.46
23.0,19.74
9.5,6.32
4.5,4.7
11.3,12.74
22.33,15.04
4.9,5.45
7.3,7.76
9.3,13.0
10.1,9.84
7.0,7.33
10.9,11.37
14.1,15.63
7.3,8.74
6.5,8.62
9.3,10.54
18.5,13.65
8.1,10.13
3.5,5.98
12.5,12.34
11.7,13.86
5.5,12.79
16.9,20.34
7.0,7.59
8.0,7.76
10.1,11.19
5.7,6.02
9.3,9.51
5.3,6.55
57.33,51.43
12.1,17.3
3.3,5.03
11.0,10.32
15.7,15.32
29.5,22.82
10.1,10.68
10.5,11.37
8.0,7.9
3.7,9.8
8.1,8.23
12.5,9.64
6.5,6.84
8.5,8.09
8.9,8.7
8.0,5.83
28.3,24.25
57.33,50.17
8.5,10.63
11.0,12.01
3.7,3.7
12.0,7.87
11.5,9.39
8.9,9.58
10.5,13.18
9.3,10.31
9.7,10.59
5.7,6.04
5.7,8.89
6.1,6.18
9.0,8.42
6.9,7.55
11.0,8.4
4.9,6.49
7.0,6.84
13.4,13.64
4.9,5.99
10.0,7.94
65.1,72.62
7.7,7.94
8.1,10.39
14.9,14.04
4.9,9.54
8.9,10.88
18.9,16.16
12.1,7.03
57.33,50.01
2.9,3.58
11.3,11.44
17.0,10.8
5.3,6.22
7.3,5.06
15.3,9.59
21.5,17.48
5.5,5.8
9.5,11.42
11.7,15.7
6.5,8.37
12.1,15.3
13.3,14.82
18.0,12.74
4.9,5.27
6.9,7.25
4.1,4.8
5.7,5.61
7.5,7.49
57.33,51.28
17.5,13.11
4.5,4.34
6.0,4.65
3.7,5.54
19.0,14.18
16.5,17.49
6.9,9.29
10.5,11.6
13.0,13.92
7.5,6.87
10.5,7.06
27.07,34.15
15.0,15.07
6.5,7.5
13.5,12.55
12.0,11.27
4.0,8.14
6.5,6.15
9.0,8.25
5.0,6.2
8.5,7.25
19.0,17.22
11.3,12.36
15.5,9.89
6.1,6.21
10.5,11.03
10.5,9.63
20.0,19.14
13.5,10.75
9.5,9.45
15.0,14.0
6.0,6.11
8.1,9.04
17.0,7.8
6.5,5.92
8.5,7.19
5.3,5.44
11.0,12.33
29.3,30.07
4.1,5.69
8.0,6.09
18.5,17.85
10.5,11.72
16.5,16.95
10.0,8.93
9.7,10.26
4.0,4.46
10.5,8.73
18.9,22.32
7.3,8.65
6.5,5.78
6.9,6.45
4.1,4.84
31.0,21.32
6.5,10.36
15.3,14.92
8.5,6.88
7.3,15.42
18.5,17.38
3.3,4.05
20.1,15.62
8.1,8.3
7.3,6.88
9.3,10.25
4.5,5.27
7.0,7.86
5.3,6.54
7.3,6.95
5.5,5.86
10.1,9.96
8.5,8.11
6.5,7.29
31.0,16.3
5.3,5.73
6.5,10.73
8.5,4.41
13.0,11.43
8.5,6.32
3.7,4.38
6.1,9.66
25.5,18.4
10.5,10.02
4.1,5.45
13.3,17.73
6.1,6.5
10.5,9.63
5.3,5.79
11.7,11.2
7.3,7.84
17.3,17.09
4.0,4.51
20.0,7.68
8.5,7.76
4.9,7.26
5.0,5.6
9.3,11.35
13.3,12.54
6.9,6.72
25.07,26.8
7.8,7.16
11.7,10.65
7.7,5.99
7.5,6.6
9.3,10.87
24.5,20.73
7.3,25.87
7.7,7.79
6.5,5.72
9.5,8.0
24.9,22.43
10.5,11.8
10.0,11.16
9.5,10.7
5.3,6.13
8.5,7.17
6.9,7.61
13.0,16.09
6.0,6.44
30.0,27.6
4.5,3.9
4.5,4.71
13.0,12.51
27.3,28.74
35.3,35.74
4.5,5.54
4.5,5.59
22.0,23.89
4.5,5.79
6.1,6.86
7.7,9.14
4.5,5.35
16.1,20.05
5.7,7.21
7.5,9.74
5.3,6.7
6.5,7.26
7.5,6.63
12.1,12.83
8.0,9.74
5.3,14.56
5.7,7.42
22.1,17.36
6.5,6.11
10.0,11.13
4.5,5.45
38.33,36.92
7.3,8.95
3.3,17.09
17.5,17.5
6.9,8.6
17.7,19.02
9.5,9.09
5.7,6.56
7.5,8.28
5.7,6.41
6.5,7.18
22.5,21.41
4.9,5.26
6.5,7.11
2.5,6.85
6.1,6.96
4.0,4.97
4.5,4.38
12.9,15.59
7.3,8.74
22.5,22.6
4.9,5.86
6.5,7.0
8.0,11.24
11.7,10.73
4.9,6.1
10.9,12.25
9.5,9.45
3.5,5.11
5.5,5.99
4.5,5.12
7.7,9.37
4.9,6.67
16.0,18.22
8.5,9.31
4.1,4.78
3.7,4.71
8.9,10.33
25.7,27.41
5.3,8.17
49.8,55.51
4.9,5.17
16.5,16.35
6.9,6.32
9.3,10.8
6.1,7.3
3.7,4.7
7.0,7.38
14.0,12.25
11.5,10.41
8.1,8.25
3.0,3.13
8.1,9.13
8.5,6.71
16.1,16.56
41.83,37.58
10.5,11.99
4.5,4.68
30.5,25.71
8.5,6.94
9.5,8.57
14.1,14.94
10.9,13.74
5.5,6.25
9.0,7.63
9.7,10.88
33.8,33.42
5.0,4.88
6.5,7.84
24.0,19.75
15.5,13.56
6.5,5.02
6.5,5.06
25.0,10.8
19.0,50.98
4.5,6.04
24.0,15.03
25.0,25.33
5.0,5.19
13.5,11.55
10.5,10.83
7.7,5.01
14.0,10.87
12.5,12.14
8.0,8.0
6.1,6.11
5.0,4.94
4.5,4.36
8.3,9.0
13.0,11.88
4.9,13.01
8.0,9.24
11.5,11.02
5.7,6.74
4.1,4.31
20.5,10.05
5.3,6.82
12.1,12.03
4.9,4.77
9.3,11.15
11.0,10.56
4.5,5.62
8.5,8.28
5.3,7.05
6.9,10.07
4.9,7.35
11.5,9.66
12.0,12.77
6.5,6.23
9.3,9.39
21.0,19.83
3.5,5.9
10.3,10.03
57.54,48.86
5.7,6.32
10.5,10.43
12.5,12.43
7.3,6.7
16.5,17.19
6.1,6.1
6.5,7.27
16.5,17.81
6.1,7.86
6.1,6.84
6.1,6.62
8.5,7.3
22.1,6.27
26.0,21.12
18.0,14.26
4.5,5.42
5.3,5.49
4.9,6.6
4.9,5.21
8.1,9.77
8.1,10.97
5.3,6.06
12.9,15.05
49.8,51.5
7.7,11.09
26.1,31.76
7.7,7.42
17.3,15.13
9.0,8.52
10.9,11.31
5.5,6.39
7.5,8.92
12.1,8.57
4.9,5.65
11.0,11.16
10.5,9.83
2.5,7.45
6.0,6.59
7.3,7.68
6.5,6.68
11.7,14.39
28.0,21.32
7.3,8.28
12.5,10.2
6.5,5.12
7.5,8.12
7.0,6.27
5.5,4.48
15.3,17.34
5.3,5.74
7.3,7.32
34.5,35.2
11.5,11.39
11.3,10.16
7.7,7.51
13.0,8.53
8.5,6.79
18.0,15.54
9.5,10.07
10.1,11.21
6.9,7.06
6.9,6.17
5.5,5.41
9.0,7.2
6.5,7.36
13.3,15.55
6.5,6.7
22.5,19.23
5.5,5.77
3.7,6.61
11.5,12.25
19.0,20.34
28.5,26.28
8.1,10.3
4.9,6.02
18.0,12.6
3.3,4.88
7.7,9.71
8.5,8.12
52.0,11.63
10.9,12.2
18.1,15.29
8.1,8.29
10.1,8.62
4.1,4.48
7.0,6.88
6.5,7.32
11.3,13.33
4.5,5.01
20.5,22.98
8.9,8.7
15.7,14.73
12.0,8.86
5.7,6.11
7.5,7.14
14.5,12.94
19.0,8.88
4.9,8.01
6.9,9.48
6.0,5.73
26.5,7.23
5.0,5.19
6.9,9.57
15.5,12.76
6.0,7.04
2.9,4.89
12.1,15.3
16.1,16.23
4.9,5.45
5.5,6.69
7.3,9.76
18.0,19.27
20.0,26.28
10.1,11.84
5.7,5.92
6.1,8.53
10.9,12.27
19.3,22.58
7.3,6.92
12.5,13.3
10.9,9.99
4.9,4.83
8.1,8.4
9.5,8.79
14.5,4.94
4.9,13.1
6.5,5.91
5.5,4.55
6.9,6.9
6.5,5.02
9.3,8.84
6.1,7.06
23.5,22.34
6.5,7.13
4.1,5.04
57.33,50.33
19.0,13.17
6.0,6.27
3.7,4.69
10.9,12.35
4.5,5.53
4.5,4.56
11.3,14.36
15.0,10.6
9.0,9.98
4.5,6.17
4.5,4.84
3.7,4.85
9.5,7.32
22.5,21.83
6.9,10.02
6.9,8.29
7.7,10.45
5.7,5.93
8.9,9.36
13.0,11.49
6.6,7.0
6.5,7.5
6.1,6.66
7.0,7.1
6.9,8.61
9.3,11.99
4.1,5.2
6.5,7.39
15.5,9.94
15.7,15.6
11.0,13.35
10.5,11.02
33.0,27.13
5.7,5.81
52.0,34.18
13.5,7.0
6.5,9.0
5.7,6.41
6.5,6.58
11.0,6.77
4.5,13.48
6.0,6.15
4.0,5.14
14.1,14.82
20.5,21.34
11.3,11.24
8.0,8.55
7.0,8.71
10.5,10.27
11.3,12.97
17.7,15.71
32.54,33.21
15.3,18.54
10.0,10.15
12.0,9.93
5.0,4.89
14.0,13.26
9.5,10.57
10.5,12.15
7.3,8.31
4.5,5.57
8.5,9.55
4.9,4.4
9.5,9.54
13.5,14.31
9.7,13.48
11.5,13.29
8.0,6.59
6.1,7.3
2.5,14.49
20.5,23.11
6.0,5.89
6.5,8.11
3.0,7.27
12.5,15.7
7.3,7.65
9.3,12.61
10.9,10.91
25.07,20.73
5.3,7.14
4.5,5.51
4.5,3.89
15.0,12.7
4.5,6.0
43.3,44.9
49.15,51.86
5.7,6.62
4.5,5.8
12.5,12.74
17.5,13.99
5.7,9.08
9.0,10.02
6.5,5.12
21.7,22.64
4.0,5.45
22.0,18.16
4.9,5.74
11.0,9.47
11.0,10.42
14.5,12.31
10.1,9.82
7.0,7.97
6.1,5.04
5.7,7.32
5.5,7.95
18.5,17.58
4.5,5.53
5.3,7.94
10.1,8.69
5.7,5.62
6.6,6.38
9.0,10.03
30.0,30.39
12.5,12.49
7.5,8.89
6.5,11.09
4.1,4.11
13.0,10.09
12.9,8.92
9.0,7.33
8.9,9.32
4.1,4.41
39.0,39.94
15.5,15.29
11.3,10.31
41.0,47.11
6.0,6.04
3.7,4.06
9.3,9.63
10.0,11.57
16.1,17.72
5.0,5.93
5.0,5.69
7.3,7.74
12.5,12.4
5.7,6.39
6.5,5.95
9.5,10.73
10.5,12.31
8.0,9.49
19.0,17.27
4.0,4.13
5.5,5.27
10.0,7.67
13.7,10.31
10.5,9.76
5.3,6.32
6.1,5.71
9.0,7.65
4.5,4.77
5.3,7.36
9.0,7.75
4.5,5.86
9.0,8.87
11.3,14.62
16.1,14.53
5.7,5.65
16.5,14.28
3.0,4.34
6.5,6.4
3.7,4.68
12.5,11.95
9.7,6.57
6.5,8.11
4.1,4.94
11.5,9.98
8.0,8.14
5.7,6.92
10.5,10.19
7.5,13.6
12.1,14.65
7.0,6.49
19.3,21.02
9.5,8.77
4.9,6.0
23.4,18.29
18.5,22.52
12.5,10.09
14.2,37.41
6.5,6.51
2.9,4.04
8.1,7.85
5.3,6.29
7.7,8.81
5.7,7.54
11.0,8.16
5.7,6.96
18.1,15.51
5.7,8.37
7.5,5.61
6.5,8.32
13.5,13.59
9.0,8.98
16.5,15.45
12.9,13.9
18.0,16.17
16.0,12.74
10.5,10.52
10.1,9.78
5.7,8.35
10.1,10.79
4.5,5.61
30.5,31.52
16.5,16.15
37.83,34.8
10.5,7.87
8.1,10.67
6.9,7.94
5.7,11.82
8.5,8.27
46.3,37.45
12.5,10.02
31.0,29.72
16.5,15.19
9.3,10.18
15.5,12.06
6.5,6.82
49.8,47.7
21.0,21.9
12.1,13.63
6.1,4.78
5.3,4.78
8.0,9.77
4.1,3.76
6.0,5.83
2.5,14.94
4.9,4.85
6.5,6.35
19.0,18.2
6.5,7.73
4.9,5.2
6.5,7.44
54.6,49.59
17.7,17.98
8.6,8.68
6.5,9.6
10.5,12.02
49.8,49.37
13.3,10.85
12.5,12.19
7.5,7.01
3.0,5.82
8.5,8.03
7.3,7.69
20.5,15.9
7.0,6.88
6.5,5.75
3.7,5.14
4.5,5.19
4.9,5.2
11.5,12.05
7.0,9.23
11.0,10.76
19.0,14.57
15.0,13.13
58.0,38.19
5.3,7.05
10.5,7.78
8.6,9.92
18.5,14.0
10.5,11.33
9.5,13.37
3.3,6.6
8.0,7.75
4.9,7.19
4.5,5.63
12.0,11.81
11.5,8.31
14.0,12.72
52.0,50.76
6.5,8.04
57.2,62.88
9.0,8.56
11.5,9.57
6.1,7.36
10.9,14.21
5.3,6.69
4.9,4.82
4.1,4.96
20.1,22.11
7.7,8.94
5.5,6.54
5.3,5.8
8.1,10.79
7.3,8.7
42.5,41.79
33.33,32.7
3.7,4.94
6.5,8.83
6.1,6.76
7.7,8.78
5.0,6.52
4.9,3.88
19.5,18.5
10.5,11.45
26.5,31.63
7.3,7.63
4.9,5.33
5.0,5.3
12.9,14.58
2.5,10.72
4.9,5.03
17.0,15.48
14.0,11.73
7.5,6.27
6.0,6.26
4.5,5.23
7.3,6.15
7.7,7.86
4.0,5.25
11.0,9.93
6.9,7.82
4.5,5.43
3.7,5.5
12.5,10.6
51.3,47.05
10.5,8.07
9.0,9.79
4.5,6.4
7.3,8.66
7.5,7.11
14.5,15.78
9.5,11.07
4.9,5.48
5.0,4.11
4.5,6.32
7.3,8.08
6.0,6.27
4.5,6.41
6.0,5.31
5.7,8.16
8.1,0.97
7.5,6.48
3.7,5.07
5.5,6.62
5.7,7.43
16.1,15.23
9.7,14.0
6.9,8.53
21.0,20.29
20.5,20.77
9.3,9.24
5.0,6.39
8.9,12.01
28.0,20.07
3.7,5.25
3.7,4.93
12.0,11.06
12.5,10.15
56.3,11.96
12.9,12.9
30.0,35.93
5.0,37.11
36.5,32.26
23.5,19.46
5.5,7.14
7.7,9.36
9.5,8.98
3.5,10.19
4.5,4.68
6.1,7.58
6.0,7.6
2.9,7.2
4.0,5.01
16.5,14.72
44.33,5.78
3.5,16.78
45.0,48.7
11.7,12.83
18.0,14.31
16.5,14.11
11.3,12.6
27.5,17.41
6.5,6.34
10.1,13.05
7.5,7.46
9.0,6.25
7.0,7.15
5.7,5.65
7.0,7.37
6.5,6.34
9.5,3.44
18.0,13.09
13.3,15.79
10.9,14.38
6.5,7.8
16.5,13.6
6.5,7.31
4.1,4.57
6.9,7.38
5.7,7.3
6.5,8.0
7.5,9.97
4.5,5.8
4.1,5.75
9.3,12.13
4.5,6.59
18.5,17.35
11.7,13.83
43.0,46.92
10.9,12.5
5.3,8.87
17.3,17.53
7.0,7.52
12.1,14.03
6.5,7.28
23.87,21.85
41.8,33.86
6.5,5.06
4.5,4.93
15.7,17.16
14.5,12.06
49.8,52.16
5.5,6.28
13.5,14.46
14.5,15.27
5.3,5.78
12.5,12.33
13.5,12.09
5.3,5.61
7.0,6.28
4.5,5.77
9.7,9.79
16.5,15.06
16.1,16.88
6.1,8.15
12.5,11.7
8.1,8.7
31.3,29.27
9.3,13.1
5.7,9.56
10.9,13.19
15.5,8.35
9.7,12.8
5.3,5.15
6.5,5.98
8.0,8.49
6.0,4.27
19.0,16.93
7.0,6.42
10.9,10.16
8.9,13.3
7.5,6.18
14.5,14.55
7.7,7.39
8.0,8.97
14.5,16.64
43.83,37.73
10.5,10.21
7.3,14.47
5.3,6.01
4.5,6.38
7.3,12.36
16.9,19.2
16.1,16.9
5.7,8.55
6.9,7.98
9.7,7.59
6.1,6.98
7.0,6.46
5.3,4.43
11.7,14.26
5.3,5.92
11.0,9.95
13.3,14.32
12.5,14.25
28.67,35.59
7.3,6.72
6.0,6.67
11.0,9.08
12.9,11.78
14.9,11.93
9.3,4.62
4.5,4.92
3.3,4.13
8.5,7.94
4.5,4.87
4.9,5.83
9.3,7.61
25.0,21.2
12.1,12.32
9.3,8.21
9.3,9.86
13.0,12.7
5.3,5.65
6.9,8.08
6.9,17.84
5.5,6.99
7.5,6.38
44.5,51.33
18.5,19.53
4.1,4.08
10.5,8.78
6.0,5.97
5.7,7.99
10.5,13.48
16.0,13.73
6.9,6.78
45.0,43.63
8.9,8.9
7.3,9.35
6.0,7.92
10.1,9.33
7.0,6.78
12.5,13.29
6.5,6.68
10.5,12.44
11.5,10.57
49.8,45.09
4.1,5.17
8.1,9.79
6.9,10.5
10.5,6.56
4.5,6.29
9.7,9.27
9.0,8.98
5.7,5.46
10.0,11.35
6.5,5.34
9.7,12.49
11.5,10.12
29.07,30.92
4.1,6.41
13.3,10.55
4.0,4.68
16.2,16.49
12.5,16.95
14.5,17.15
3.3,6.12
15.3,7.21
8.1,10.16
10.5,11.36
7.7,9.11
6.5,7.84
9.3,10.29
13.3,14.75
4.0,3.86
4.1,4.89
10.5,8.89
5.3,6.49
7.3,7.91
16.0,13.7
52.0,51.28
7.7,8.11
5.5,5.5
10.5,11.29
5.3,6.38
7.5,7.26
8.5,8.03
7.5,7.73
9.3,8.76
5.5,5.13
7.5,9.42
4.9,4.97
7.3,7.11
7.5,6.57
10.5,9.54
7.3,8.76
4.5,5.56
6.1,7.6
10.9,14.45
24.0,15.96
14.1,18.16
11.5,10.75
11.0,8.81
4.1,5.31
6.5,6.95
9.0,8.79
8.5,10.44
7.5,7.24
18.9,16.07
8.5,10.22
6.2,5.43
6.5,7.75
5.3,6.94
13.5,9.62
6.1,7.24
7.5,7.25
5.3,6.19
12.5,12.41
9.7,11.11
10.5,7.33
6.1,6.74
9.0,8.13
44.5,56.63
8.9,8.9
5.5,6.23
7.0,5.28
17.7,13.93
4.9,6.88
12.5,12.55
49.8,50.19
11.3,12.26
3.3,4.31
2.5,10.01
9.0,8.81
7.0,7.22
15.5,15.67
6.5,6.0
10.0,6.26
3.7,4.39
9.3,9.92
3.3,3.76
6.9,8.27
15.0,12.99
13.5,3.86
27.47,30.66
8.0,7.03
5.0,6.16
6.1,6.43
3.0,4.84
16.5,14.75
4.1,4.7
13.0,11.15
6.1,6.62
4.9,6.86
9.1,9.65
5.5,4.22
18.5,18.52
15.7,10.83
25.7,26.66
8.9,10.88
15.0,15.44
7.3,6.71
5.0,4.55
17.5,17.77
8.5,9.24
15.0,11.98
4.1,5.4
6.5,7.24
11.3,15.03
4.5,6.19
4.5,4.73
12.5,11.38
7.3,7.99
5.0,5.08
8.5,6.94
12.1,11.32
9.0,8.03
4.9,5.95
8.5,7.2
5.3,5.49
6.9,8.38
9.0,9.97
12.5,15.67
3.5,4.18
7.0,4.65
13.5,12.3
5.0,9.58
4.1,4.5
4.9,4.88
4.5,6.94
9.7,8.67
3.7,4.14
13.3,10.88
8.5,9.86
10.0,8.19
34.5,36.7
7.3,9.73
16.5,9.79
5.3,5.65
5.5,6.42
4.1,4.99
7.5,7.87
16.9,19.35
31.45,31.94
9.3,10.14
8.1,8.49
15.3,17.54
22.5,20.01
4.5,5.47
56.8,51.68
8.1,9.49
4.1,8.0
57.33,51.73
5.0,4.65
4.5,6.0
7.0,5.67
34.7,35.25
4.9,6.13
6.0,5.0
4.9,6.08
12.1,13.7
8.5,8.51
4.5,4.16
6.0,5.74
33.5,34.65
4.5,5.26
21.7,26.93
8.0,8.22
5.5,6.91
8.5,7.8
10.5,11.55
6.1,6.99
12.9,12.18
8.1,10.24
19.7,19.78
15.0,12.23
8.5,8.52
9.3,9.19
7.0,6.76
4.0,5.45
2.5,9.93
5.7,6.71
7.3,8.17
10.9,10.7
10.5,14.35
16.1,18.16
8.0,8.14
5.3,6.04
6.9,7.26
5.3,7.32
11.7,11.97
5.7,5.86
8.0,8.82
22.5,9.45
9.3,12.06
5.5,4.51
41.33,36.4
49.8,19.82
10.5,9.99
4.9,4.62
50.0,53.19
6.9,8.88
5.3,7.19
18.0,7.07
9.7,18.64
19.3,24.61
13.0,14.16
9.5,9.02
5.5,5.81
8.0,6.4
10.0,11.38
5.0,5.25
13.5,11.75
6.0,6.4
6.9,8.7
4.5,7.81
9.7,6.03
4.9,5.36
3.7,5.26
6.5,6.84
6.0,7.22
49.57,0.22
18.5,19.75
11.3,13.81
7.3,7.39
4.5,6.15
10.5,14.81
7.7,8.66
4.1,5.45
7.0,8.46
15.0,11.65
3.7,5.02
15.0,14.09
4.5,5.41
15.5,16.75
10.1,8.08
6.0,5.27
8.9,4.95
13.0,15.73
4.5,6.43
100.0,79.83
12.0,9.82
8.5,7.7
5.0,6.62
2.9,3.6
29.5,13.94
13.7,15.44
8.2,8.82
16.5,14.77
7.5,6.37
9.0,5.59
28.9,36.39
9.7,9.81
10.1,9.34
7.3,9.08
8.5,8.49
10.9,11.9
49.8,50.09
15.5,12.91
12.1,10.95
6.0,5.3
12.0,11.09
11.0,11.38
6.5,7.51
12.1,11.73
6.9,7.71
6.0,5.95
12.5,7.02
3.3,4.13
7.0,5.58
8.0,8.65
4.1,6.22
9.0,10.35
4.0,4.83
8.9,8.42
6.5,6.36
28.5,31.56
7.5,6.41
8.1,7.36
5.3,5.86
4.5,5.58
18.1,21.21
17.3,18.01
11.3,13.62
8.0,8.49
11.7,11.14
5.0,4.58
56.3,47.12
4.1,4.97
4.1,5.07
16.5,13.38
18.5,18.88
11.5,11.75
14.5,19.31
4.5,5.75
9.0,7.89
10.0,9.21
11.3,9.98
4.1,5.04
6.9,6.79
8.5,10.58
8.1,9.33
7.0,6.84
4.1,5.64
12.1,9.71
10.5,11.46
8.5,9.0
5.3,6.67
10.9,11.02
13.3,17.27
5.5,6.44
6.5,5.85
23.0,19.83
6.5,8.27
10.5,11.21
6.1,9.18
9.3,34.0
5.3,5.88
4.1,5.38
14.0,11.09
49.8,51.61
4.5,4.4
5.0,6.01
4.5,4.34
6.9,7.78
8.0,7.64
9.7,11.9
6.1,6.49
11.3,10.54
48.0,41.83
9.0,9.38
12.1,17.38
9.5,7.25
5.0,6.86
9.3,11.72
5.3,7.73
10.1,13.59
13.7,14.53
8.5,10.97
3.0,4.5
9.3,12.14
16.0,13.47
5.7,5.81
9.3,10.31
20.5,9.23
40.83,36.17
5.7,7.26
28.67,32.74
3.7,4.83
7.7,9.04
5.7,9.0
7.0,7.4
17.0,18.38
37.33,30.53
45.0,50.96
32.27,32.19
20.1,26.19
36.33,32.89
4.9,5.68
9.3,8.08
16.5,15.91
11.0,8.44
7.3,6.57
8.5,11.46
4.5,4.8
4.5,4.83
13.3,15.55
11.0,9.75
11.7,10.17
8.9,8.5
15.5,12.98
21.0,19.28
7.3,8.26
10.0,8.72
7.7,9.62
11.3,11.85
6.1,7.0
10.1,14.63
4.5,4.4
5.3,6.23
8.1,9.87
113.0,66.07
5.0,4.3
35.0,32.43
4.5,6.66
18.1,17.08
26.9,30.75
15.0,11.53
45.0,10.65
4.9,6.34
6.9,8.13
9.5,8.16
4.1,4.18
11.0,11.93
13.3,12.14
11.7,13.49
8.9,10.05
11.5,10.24
10.5,12.06
3.7,4.93
3.5,4.45
9.0,9.2
4.5,5.29
5.7,6.69
13.7,19.2
15.0,11.56
11.0,10.8
17.7,19.15
17.0,14.92
9.0,8.98
10.1,12.23
7.3,4.84
13.7,15.49
14.9,14.95
3.7,3.41
5.5,10.44
10.0,8.85
38.33,35.03
30.5,31.87
11.7,12.11
24.5,28.6
7.3,7.09
10.9,11.69
6.0,7.26
12.0,13.77
6.9,7.79
25.87,26.32
4.5,4.48
4.1,6.01
4.9,5.7
9.7,14.27
4.5,5.03
7.7,8.86
4.5,4.75
11.7,15.67
4.5,4.66
4.5,5.46
23.0,15.55
3.7,4.7
9.3,9.53
10.1,10.78
9.7,9.79
57.33,19.61
4.5,5.58
29.83,29.9
5.7,7.47
5.5,5.7
23.5,19.39
7.0,7.05
3.5,5.86
4.9,4.69
6.1,7.49
6.5,6.56
7.0,7.28
26.9,33.0
4.9,6.15
7.3,8.15
7.7,14.96
39.3,35.99
39.83,29.61
6.0,4.84
5.3,6.41
11.3,8.08
13.5,11.79
40.0,39.64
44.1,54.77
8.5,8.78
13.7,12.98
5.7,5.78
6.9,6.26
4.0,5.23
6.5,7.16
8.5,7.02
5.3,6.67
9.3,9.11
17.5,5.62
6.9,8.29
4.5,6.73
4.5,5.46
5.0,8.6
7.5,7.61
4.5,12.63
3.7,4.79
5.3,5.76
4.9,5.89
5.3,5.96
6.1,10.62
6.9,8.83
9.5,12.14
6.9,7.41
15.0,10.43
6.5,5.19
5.0,4.75
5.7,5.44
8.5,9.26
5.5,6.64
7.7,7.97
4.9,4.51
31.5,30.71
6.5,5.41
9.3,9.64
11.0,10.21
10.5,9.59
10.0,12.27
12.5,13.08
12.0,9.89
7.3,8.83
6.0,5.94
2.5,17.18
7.7,8.57
17.0,16.33
10.1,10.46
10.5,11.96
37.33,29.41
10.0,10.92
9.7,11.11
32.1,32.87
14.5,11.85
3.7,4.49
9.8,9.0
11.5,10.0
5.3,4.89
6.1,6.33
8.5,10.44
3.3,4.62
7.0,6.07
5.0,5.37
12.1,16.13
12.5,11.45
7.7,6.74
9.3,11.36
9.7,11.64
5.0,5.18
10.5,9.4
10.9,7.63
6.0,8.47
19.5,15.52
4.1,6.55
5.5,6.03
6.0,6.88
12.1,13.49
7.7,5.49
10.0,8.87
5.3,8.34
5.5,6.02
13.3,11.8
5.3,5.8
5.0,6.09
8.1,10.84
6.0,5.78
6.1,6.29
49.15,55.28
5.7,7.53
8.5,10.04
20.0,21.0
10.9,8.4
6.5,7.96
5.3,11.39
12.1,12.16
4.1,5.77
7.0,7.19
3.5,8.28
5.0,5.77
11.3,24.64
5.3,5.7
11.5,11.98
6.5,6.58
8.1,9.02
4.5,5.41
5.3,9.3
7.7,9.36
17.3,17.96
6.5,8.11
9.0,6.43
7.0,5.47
16.1,19.12
16.1,14.02
10.1,12.21
4.5,5.79
3.7,10.99
8.1,9.02
7.7,7.13
8.1,9.07
6.3,8.5
4.1,6.51
24.1,23.25
5.3,5.57
6.5,6.62
4.1,5.03
12.0,8.74
10.5,7.72
5.3,8.33
4.9,4.67
10.9,10.92
12.1,15.44
4.9,6.21
4.1,4.43
11.5,7.55
5.3,6.1
11.5,11.68
5.7,6.9
5.7,6.06
6.5,5.45
4.0,5.62
6.9,6.68
4.5,5.97
5.0,4.29
6.1,7.45
13.5,9.98
5.7,5.96
16.0,11.8
10.5,8.8
23.0,23.71
12.0,10.72
4.5,5.78
12.1,13.71
18.1,21.29
17.3,10.49
12.0,11.41
8.5,9.13
9.3,10.75
9.0,9.46
9.0,6.7
4.5,4.2
12.5,13.69
10.5,11.08
10.5,12.26
4.5,5.83
6.5,6.26
9.5,8.62
6.5,7.46
41.5,35.67
10.5,9.02
9.7,9.76
4.1,5.56
12.1,13.29
2.5,9.32
5.5,5.96
8.0,5.1
10.5,8.33
13.5,12.14
4.1,4.79
4.5,6.15
10.5,8.1
3.7,4.2
4.1,5.68
9.7,10.02
6.5,7.7
23.1,21.7
9.7,11.04
6.0,6.31
8.9,8.9
7.0,5.94
6.0,6.03
7.3,8.83
7.7,8.17
4.9,4.01
13.5,11.7
6.0,6.2
15.0,15.47
12.0,13.72
6.1,8.4
43.5,34.09
5.7,5.51
12.0,7.56
7.7,9.02
6.5,6.95
8.9,10.16
7.3,8.14
34.3,32.64
14.0,12.21
7.3,7.87
7.3,7.95
11.1,10.78
3.5,5.96
6.5,4.92
5.3,8.04
12.1,11.26
5.0,4.91
4.9,6.04
20.9,16.23
4.5,5.29
4.1,5.05
8.9,9.57
11.0,10.47
11.3,10.4
14.5,14.54
5.7,4.63
8.5,8.48
11.0,9.87
4.9,7.28
4.5,6.26
9.5,9.01
15.5,13.76
6.9,5.06
40.5,30.32
2.9,4.44
8.5,7.82
57.33,42.07
12.0,10.3
6.5,7.08
12.1,16.17
8.5,8.43
4.5,6.37
4.1,5.34
16.0,13.58
8.1,9.64
6.5,7.27
6.5,7.28
5.7,5.76
10.9,11.9
32.5,29.34
12.5,11.58
6.9,9.11
22.1,26.1
5.5,6.23
7.7,8.25
4.5,5.66
7.5,7.84
7.3,8.37
25.0,19.72
9.3,11.82
4.9,5.79
9.7,9.47
20.0,11.54
18.0,10.43
12.5,19.25
5.3,5.68
57.33,51.9
5.5,6.58
37.87,37.79
10.0,9.32
2.9,8.81
4.9,5.26
13.7,12.99
45.0,47.53
14.5,10.9
13.0,11.82
6.5,6.35
8.5,9.67
13.3,15.37
7.7,7.43
6.1,7.29
5.5,7.11
8.6,5.91
19.7,19.04
7.3,4.5
7.3,9.59
5.5,5.85
5.3,5.72
15.0,13.32
19.0,14.65
8.9,9.96
9.5,11.4
7.5,6.68
7.7,9.55
6.5,6.7
5.5,5.67
14.5,10.54
12.5,14.87
22.5,14.82
7.3,7.42
4.5,5.77
12.5,11.18
6.0,5.76
9.3,10.44
7.3,7.62
10.5,8.66
4.1,5.05
11.0,11.0
52.0,53.66
6.1,5.63
28.0,23.63
24.5,12.93
7.5,7.25
4.5,4.52
8.9,7.95
13.3,6.45
9.0,7.32
10.5,12.74
6.5,7.32
9.7,9.7
7.3,10.57
6.0,8.06
6.5,7.37
7.5,7.97
11.0,7.99
5.7,7.6
8.6,9.55
5.3,5.99
14.5,11.18
8.5,9.85
9.5,8.91
15.0,14.55
8.9,6.89
7.0,8.31
16.5,18.3
8.1,8.34
24.9,26.56
6.1,6.14
9.0,8.15
7.7,9.05
4.5,7.72
43.0,27.45
6.0,6.41
8.5,7.32
12.0,11.64
20.9,7.05
4.9,6.36
8.5,7.71
11.7,6.52
5.3,7.15
5.5,6.01
8.1,5.96
10.5,8.79
5.5,9.88
4.5,6.77
10.9,13.03
6.1,7.28
8.1,8.19
9.5,10.55
8.9,10.86
6.0,6.54
4.0,4.25
14.1,4.77
5.0,5.45
5.7,5.66
49.57,53.46
9.3,9.46
6.1,6.0
4.1,3.56
6.1,6.87
12.5,11.42
6.1,5.72
30.1,37.71
14.1,14.57
9.0,9.52
12.5,6.61
11.0,8.34
17.0,14.25
5.0,6.06
11.0,11.66
15.7,10.5
5.7,5.81
41.04,37.2
24.5,17.75
6.0,7.86
6.5,7.61
8.0,8.77
16.9,18.86
9.0,9.93
7.0,7.88
6.5,6.65
5.5,6.54
16.5,14.19
7.5,7.52
4.5,5.7
6.5,9.57
11.3,13.69
14.9,11.35
24.5,9.98
6.1,7.94
18.0,17.99
11.5,7.61
17.5,16.2
11.0,10.88
6.5,6.06
9.3,9.18
6.5,6.26
4.1,5.98
26.5,27.49
11.0,10.9
7.3,7.63
9.7,10.01
5.3,5.36
5.7,7.58
7.7,10.12
8.5,7.25
9.5,9.01
18.0,18.92
4.0,4.21
14.1,11.88
6.1,7.29
10.5,11.42
14.1,15.36
8.5,8.98
9.5,7.91
6.5,5.94
4.9,6.8
12.0,11.38
11.7,12.53
16.0,12.5
49.57,47.89
14.0,10.48
6.0,7.84
39.3,49.57
5.5,4.62
5.7,5.57
14.0,10.06
5.0,6.04
6.0,6.12
10.0,11.04
14.9,16.84
5.7,7.02
6.5,5.38
2.5,7.82
57.33,53.4
10.5,10.39
12.1,17.04
3.7,4.25
6.5,7.29
6.5,7.6
10.1,10.38
13.7,16.38
4.5,5.97
5.0,4.98
9.0,8.27
10.1,10.19
5.3,5.88
11.5,10.76
16.0,15.36
14.5,6.23
6.9,7.78
8.1,8.42
4.9,4.53
4.5,4.65
10.9,9.87
8.5,6.36
8.5,10.01
5.7,5.48
8.9,7.25
7.5,6.83
4.1,5.12
9.5,7.66
15.3,18.72
9.5,5.63
24.0,20.67
16.5,10.71
4.9,5.53
8.0,8.9
49.8,53.34
6.0,6.65
9.0,8.47
12.5,17.13
4.5,7.55
15.5,16.42
6.0,7.78
6.5,7.09
4.9,5.77
8.5,7.27
4.5,5.13
8.9,9.81
5.5,5.5
3.7,4.85
4.5,5.42
11.7,10.21
6.0,6.31
6.5,7.34
16.1,18.19
22.5,32.52
12.9,14.71
4.5,12.74
4.1,5.85
5.0,6.25
8.9,11.14
19.3,18.22
2.9,4.85
31.33,26.09
25.54,17.43
4.9,5.77
17.5,15.75
11.0,13.91
12.9,14.42
13.0,11.44
51.5,44.57
9.0,7.38
5.0,6.16
7.0,8.54
14.1,16.36
4.5,4.79
11.7,12.32
11.0,9.77
9.5,8.93
6.5,6.36
7.7,10.0
27.0,19.28
14.5,14.66
9.3,8.78
27.5,16.72
2.5,10.82
11.7,12.27
6.5,5.82
8.5,8.74
6.0,5.51
13.5,11.52
5.7,6.52
6.1,7.08
10.0,6.56
25.5,20.59
8.5,11.01
13.0,11.82
10.9,11.71
6.5,6.48
13.5,16.79
6.1,4.64
4.3,5.77
9.7,10.3
8.9,12.64
8.5,10.4
8.5,11.38
9.0,7.2
6.5,5.98
4.0,4.62
10.5,11.24
15.0,16.73
5.3,5.49
3.0,4.17
12.1,25.9
6.1,6.54
60.25,42.59
6.5,8.76
3.3,5.44
8.9,10.16
6.5,9.09
7.3,8.81
4.5,5.65
4.1,4.07
6.0,6.47
3.7,4.4
5.7,5.72
4.2,4.3
6.1,7.79
7.5,6.97
8.5,8.9
43.0,31.32
7.3,9.66
12.1,11.0
2.5,7.36
25.7,12.63
5.7,6.69
8.1,7.87
6.1,6.44
3.7,4.28
7.7,5.97
7.0,6.01
15.0,12.81
11.3,15.54
12.5,11.14
8.5,10.68
6.5,8.56
7.0,7.97
12.9,10.16
13.7,11.57
10.5,7.53
4.1,4.75
7.5,7.4
4.1,5.16
6.9,5.66
5.7,6.77
5.0,6.04
16.1,18.42
5.7,6.7
7.3,7.86
5.0,5.86
7.0,4.87
11.3,11.59
12.0,10.37
4.5,5.3
15.5,13.28
21.5,16.56
4.5,5.11
28.0,23.33
8.9,9.78
19.7,23.1
5.5,6.99
5.7,7.99
6.5,6.73
34.0,24.22
41.3,49.13
10.0,11.26
11.3,12.98
7.0,7.47
4.5,5.48
10.9,10.37
11.3,13.1
11.7,14.77
18.5,14.31
4.5,5.68
6.5,6.5
22.5,20.4
7.7,8.87
7.0,9.14
9.5,5.93
5.7,5.13
4.9,5.47
6.5,7.3
5.5,4.75
14.5,12.14
11.3,11.48
4.1,4.17
6.1,8.17
13.7,16.83
4.9,5.47
7.7,7.84
10.0,10.71
6.1,5.82
13.5,12.66
6.5,5.99
6.9,9.47
6.9,8.56
16.9,17.81
10.0,9.93
13.0,12.04
9.7,9.86
10.5,10.79
7.3,9.01
17.3,14.28
9.5,10.12
15.7,20.55
17.0,16.46
5.3,5.98
5.5,5.63
8.1,7.96
7.3,10.42
8.1,10.59
8.9,6.17
16.9,23.07
4.5,5.06
11.3,12.54
7.3,8.09
23.85,26.67
7.3,7.96
9.5,8.38
4.5,3.72
6.5,6.29
7.3,8.24
45.0,6.89
8.5,8.8
45.0,50.81
6.9,5.9
13.0,14.37
7.3,7.82
5.5,5.54
7.0,5.55
8.5,9.99
10.1,13.48
9.3,9.9
6.9,8.32
6.5,7.51
5.7,6.78
12.9,14.39
5.7,5.52
10.9,11.0
7.3,7.63
5.7,10.2
15.5,13.71
6.5,4.85
4.5,4.4
49.57,50.34
13.3,12.0
5.7,6.95
13.3,14.85
8.2,7.49
10.1,11.01
11.7,14.0
4.9,4.6
11.0,10.31
9.7,10.89
32.5,44.88
4.5,5.54
14.9,15.5
9.5,7.46
10.9,13.55
11.3,12.16
12.1,12.9
9.0,8.13
8.0,7.69
8.5,9.56
4.5,4.42
3.7,7.89
10.0,8.92
7.5,7.31
6.5,6.61
7.7,8.76
11.7,12.21
17.7,17.86
5.0,5.21
6.5,9.55
7.0,6.78
9.3,9.66
32.5,27.62
10.0,10.34
6.5,6.78
5.9,6.3
6.5,7.16
7.7,7.69
5.7,8.6
6.1,8.46
5.3,7.07
7.3,9.87
6.2,7.21
8.5,8.65
8.0,7.72
10.5,10.35
14.0,11.99
11.7,12.23
8.1,9.58
11.7,13.23
8.5,8.13
24.1,22.86
9.5,10.07
12.9,11.44
10.0,9.16
8.5,9.77
6.9,7.13
8.9,10.08
5.5,5.35
11.3,13.11
11.5,11.81
12.5,11.57
8.0,7.31
7.0,5.88
10.0,8.69
6.0,4.8
5.7,7.43
4.0,5.02
10.1,11.76
14.0,11.42
17.0,14.1
10.0,7.33
3.3,4.24
4.6,4.66
22.5,27.85
10.5,9.63
6.0,4.92
9.3,9.84
7.3,7.19
5.5,6.87
7.0,5.24
4.9,6.22
7.0,8.68
8.1,8.21
14.5,10.82
10.5,13.24
6.9,7.38
52.0,52.66
10.5,12.06
7.3,7.37
8.9,11.1
10.0,8.6
3.7,4.09
3.3,4.8
24.5,32.32
4.5,3.88
49.57,54.12
9.7,12.06
8.1,9.99
11.3,9.26
8.0,9.27
10.5,11.84
5.5,6.97
16.9,18.54
21.0,19.95
3.7,4.13
10.1,13.37
4.1,4.83
5.7,7.6
11.0,8.46
5.3,6.38
5.0,6.52
11.7,13.65
6.1,6.16
4.5,5.43
12.5,15.27
4.9,6.26
5.7,5.67
12.5,12.69
17.7,23.4
13.5,11.01
6.0,5.7
7.5,6.45
3.7,3.69
17.3,12.23
16.6,16.02
7.0,5.71
14.5,9.7
8.0,8.86
4.5,4.12
5.3,6.78
10.9,12.91
14.1,18.51
36.0,34.82
4.5,7.77
9.3,8.93
8.9,5.18
7.3,9.12
6.0,5.76
15.5,17.07
5.5,6.28
7.8,7.96
8.9,9.62
6.5,7.53
3.3,4.86
9.0,7.44
16.1,16.07
39.33,32.13
4.5,5.32
7.7,8.33
24.0,22.08
14.5,11.06
27.7,29.84
10.1,9.94
3.7,5.23
9.7,14.93
9.0,5.49
4.9,4.76
12.9,9.72
7.5,7.49
26.1,28.96
28.5,17.29
12.5,8.9
10.0,9.74
4.5,6.08
12.5,8.68
9.5,8.16
18.9,16.83
6.1,4.79
6.9,7.47
5.3,5.37
12.5,12.65
11.5,8.28
13.3,15.34
8.5,18.83
12.9,14.14
11.0,7.19
24.5,15.32
7.0,5.72
5.3,5.99
10.5,8.12
8.5,8.23
34.5,36.14
7.0,8.66
25.0,13.55
4.0,4.69
8.1,9.62
23.0,17.44
8.5,6.59
10.5,8.65
13.0,9.6
10.5,12.03
18.1,18.58
9.5,9.49
9.0,9.71
11.0,8.94
6.9,9.03
5.3,5.85
6.1,6.88
10.5,10.89
4.9,4.86
42.83,31.66
16.5,12.19
7.5,7.46
6.5,7.51
7.7,9.68
27.7,26.12
6.1,9.05
10.7,14.3
4.1,4.79
7.3,10.63
18.0,16.38
3.3,3.76
11.0,19.72
7.5,6.12
8.1,8.42
11.5,10.79
18.5,14.89
10.0,9.14
10.5,10.48
5.7,4.95
4.1,5.11
4.1,7.76
6.5,6.97
7.0,4.76
24.5,25.98
10.5,14.56
9.5,9.38
3.3,3.64
8.9,9.35
6.5,6.63
8.9,9.8
11.0,10.32
6.9,7.36
17.5,15.15
11.0,9.8
8.1,8.04
8.5,5.66
4.5,5.53
5.3,6.87
7.3,6.85
11.0,8.87
20.9,19.33
4.1,5.17
5.3,5.85
4.9,5.77
6.1,7.82
6.9,10.56
5.5,5.31
7.7,9.32
11.5,9.82
7.7,9.59
4.5,5.25
10.5,10.72
4.0,4.43
38.5,35.8
22.0,19.41
6.9,6.16
8.0,8.33
4.9,5.54
4.9,6.16
6.5,8.15
8.0,4.99
3.3,5.0
5.7,5.25
5.3,5.73
6.5,16.47
8.9,9.0
4.1,3.71
9.3,8.45
2.5,6.88
8.5,9.38
5.3,6.36
9.3,13.18
5.3,6.1
4.1,4.83
41.5,39.6
14.5,12.6
6.5,8.6
8.5,6.54
25.5,29.22
4.5,4.53
18.0,18.39
18.0,17.35
8.0,8.5
17.7,22.76
61.0,71.23
7.0,6.59
10.1,9.36
14.5,17.35
5.5,7.32
8.1,9.87
6.9,6.68
8.5,10.03
4.5,5.64
5.5,6.17
6.9,8.3
10.5,11.55
6.5,6.67
12.5,12.66
4.0,4.9
11.5,9.79
8.0,8.17
7.7,9.42
4.9,6.61
9.5,5.77
26.0,14.54
8.5,13.3
8.1,8.96
14.0,12.12
7.3,6.14
9.5,9.28
8.5,8.51
8.1,8.25
13.7,13.59
12.9,12.83
10.9,10.0
6.0,5.6
8.1,6.14
5.3,5.05
22.0,15.54
6.5,7.03
4.9,13.26
3.7,4.93
6.2,6.47
9.5,11.4
16.9,18.3
5.3,5.87
17.7,23.05
4.1,4.31
6.1,6.99
6.1,6.85
10.9,11.45
6.1,7.0
26.1,29.37
8.9,9.41
6.1,4.53
5.5,6.97
8.0,8.07
8.9,10.14
10.0,10.81
44.83,35.78
8.5,6.97
7.7,9.16
10.5,12.79
9.0,10.79
8.0,6.16
4.5,6.2
8.1,9.03
2.9,4.57
57.33,52.61
11.3,10.44
4.1,5.04
6.5,6.27
16.1,18.78
9.0,7.12
11.3,10.02
10.9,7.63
5.7,14.26
5.7,6.06
14.9,13.95
11.3,12.05
8.9,7.49
6.0,5.5
11.7,16.14
4.5,5.14
32.8,31.57
4.5,5.93
9.3,8.36
5.3,9.03
22.0,20.02
8.6,8.18
7.7,9.55
9.5,8.85
27.45,28.07
8.5,9.68
6.1,8.04
20.5,19.73
35.0,30.85
8.5,8.65
12.5,15.6
26.0,25.64
9.7,7.47
6.9,12.34
5.0,5.12
4.5,7.07
7.7,6.84
2.9,5.52
20.1,21.67
6.5,7.14
6.1,6.38
7.5,6.64
13.7,13.26
6.5,7.59
9.3,11.34
8.5,4.93
6.1,10.32
17.3,12.77
5.7,8.01
26.1,39.47
6.5,6.65
4.9,6.43
4.9,5.71
11.0,8.74
14.5,14.21
8.1,8.67
6.9,7.74
12.5,12.05
13.0,13.58
19.5,16.11
10.1,10.21
6.5,7.7
7.7,7.91
4.9,6.31
10.0,9.34
7.3,8.53
8.0,8.33
26.5,18.03
7.3,8.68
10.0,9.81
15.5,14.89
9.7,8.52
8.5,7.73
6.5,7.19
7.3,6.85
4.0,5.42
13.7,14.34
4.5,4.77
8.0,7.33
6.9,6.63
5.5,7.95
4.1,5.0
5.5,5.83
6.0,6.62
5.0,5.51
52.0,51.82
6.1,6.8
13.0,12.56
9.7,8.5
7.0,6.72
12.5,12.96
15.0,17.11
8.5,9.03
24.1,27.74
6.1,6.56
8.1,9.63
12.5,10.71
12.6,13.57
13.5,9.71
24.5,26.73
30.9,25.69
13.7,14.91
6.9,8.15
8.0,7.85
12.5,14.5
6.1,6.41
14.5,13.73
4.0,4.05
5.7,6.57
8.5,7.87
8.0,9.13
13.3,6.42
8.9,9.8
11.5,12.19
9.3,11.08
4.9,5.91
5.7,8.04
7.7,8.63
38.0,40.55
4.0,4.18
5.7,7.43
11.7,11.7
5.1,6.08
22.66,9.86
12.0,8.45
19.3,16.02
10.5,10.26
11.7,13.17
11.7,10.05
4.5,5.5
20.9,21.65
11.0,9.84
5.7,6.98
8.5,9.98
19.0,16.95
10.9,10.43
15.7,18.37
17.5,10.1
14.5,16.1
17.3,22.61
17.7,17.82
6.0,5.23
10.9,11.27
4.5,6.19
12.1,12.02
45.0,15.01
12.0,13.88
10.5,9.15
6.0,5.78
6.9,5.86
15.5,10.22
10.9,13.07
7.0,6.75
41.5,43.67
9.0,9.46
6.5,5.95
8.1,8.68
7.5,7.19
4.1,3.93
8.0,9.34
5.5,6.8
16.0,12.57
8.5,7.22
18.9,23.29
5.3,5.48
12.5,13.54
5.7,6.78
11.5,9.21
12.0,10.03
4.5,5.59
5.0,4.79
7.7,9.62
9.0,6.34
9.3,11.91
4.1,4.36
5.7,7.05
7.7,7.13
13.7,19.1
6.1,6.37
14.9,17.68
5.5,8.15
14.5,15.22
17.3,19.91
5.0,5.57
6.5,13.22
10.1,12.59
6.9,8.04
6.9,7.43
4.5,4.96
8.0,8.21
4.9,6.75
5.7,6.74
8.5,9.28
28.67,31.4
7.0,6.42
5.7,6.86
6.1,5.43
17.5,15.09
4.0,4.94
3.7,4.71
6.5,8.86
10.1,11.46
18.0,14.36
13.5,12.66
3.3,4.34
12.5,15.89
6.0,5.53
6.5,8.15
4.5,4.68
10.9,12.16
8.5,4.92
18.5,19.48
13.0,13.41
12.0,9.76
5.5,5.01
10.5,11.47
4.1,5.37
9.0,9.38
4.1,5.42
28.1,33.76
14.1,10.66
43.83,31.17
4.5,5.54
2.9,5.19
7.7,8.21
11.7,16.0
4.0,5.74
6.0,6.83
10.9,14.26
12.9,12.59
24.5,14.68
9.5,6.49
52.1,41.14
4.5,4.66
32.8,32.71
21.5,17.85
8.0,8.34
8.5,10.52
2.5,10.12
10.0,10.16
5.0,4.01
49.8,50.93
9.0,6.66
4.7,4.78
13.0,12.4
17.0,15.97
12.5,16.98
27.8,27.57
5.0,5.38
10.5,7.36
17.0,10.82
11.5,6.63
6.5,4.75
3.7,5.78
17.5,19.27
4.9,4.88
34.54,30.41
11.7,17.71
4.9,6.05
5.3,4.81
9.5,8.0
6.5,6.68
6.5,5.95
3.7,4.47
6.1,6.39
96.5,80.49
15.0,14.35
8.9,10.17
8.5,10.2
4.9,5.56
11.3,12.21
4.1,5.66
9.3,9.52
9.4,10.69
37.33,32.54
15.3,14.03
6.5,6.44
5.3,5.83
9.3,8.69
11.0,9.56
26.5,31.73
4.1,5.74
4.0,4.57
7.5,7.67
6.9,6.87
4.5,5.69
15.7,15.12
4.1,4.69
15.0,11.67
49.8,49.37
12.0,11.25
8.5,9.43
5.3,5.84
7.7,8.65
8.1,9.81
15.7,16.21
6.9,6.53
8.0,8.52
5.0,5.29
9.0,8.91
5.7,6.38
11.7,11.61
7.5,6.45
12.9,15.79
13.3,14.55
5.0,5.78
11.7,13.28
5.0,4.68
7.3,7.53
9.5,7.93
6.1,5.9
14.5,13.02
6.5,9.8
4.9,5.72
5.3,6.66
13.7,4.25
4.5,5.86
7.7,6.09
20.0,13.09
5.7,8.04
30.83,29.69
7.3,7.56
14.0,13.82
7.7,9.86
5.0,4.54
5.5,6.14
7.5,6.93
5.7,7.8
4.1,4.48
24.5,16.64
3.3,4.41
15.0,13.09
16.5,18.99
10.9,11.71
5.3,5.36
9.3,12.24
31.5,34.46
10.5,8.72
15.0,10.78
3.7,4.54
16.5,16.42
36.33,35.02
4.5,5.62
8.5,8.65
4.9,24.54
7.3,7.72
29.0,37.9
21.0,19.71
6.9,6.59
4.9,6.73
7.3,8.24
9.0,9.0
7.7,10.65
5.7,6.1
27.5,28.71
12.5,8.1
12.1,11.81
7.7,8.66
20.0,17.74
6.9,8.76
10.5,11.96
8.0,5.54
4.5,5.32
15.3,11.24
6.1,7.43
6.5,12.12
12.9,13.88
3.5,4.53
56.8,56.31
7.5,8.44
4.5,5.06
8.0,6.58
9.3,11.22
7.5,6.7
7.7,10.77
4.9,6.5
10.5,10.92
7.7,7.49
5.0,5.98
56.8,51.56
7.7,9.08
3.3,3.75
5.5,5.08
5.3,7.07
6.5,7.63
21.3,19.2
5.7,7.91
6.5,6.02
18.0,15.13
22.5,20.18
7.7,8.57
4.1,5.53
6.9,8.93
6.5,5.55
6.1,8.66
9.3,9.28
13.5,11.12
6.5,6.9
5.3,7.47
7.5,6.52
8.5,10.13
4.5,5.87
20.0,16.63
13.0,12.33
7.7,7.68
11.7,5.91
4.5,4.19
11.3,9.97
5.3,5.56
8.9,9.26
10.5,10.65
20.5,15.32
10.5,8.72
16.0,13.2
7.7,10.14
35.87,34.91
6.5,8.85
12.5,12.63
4.5,4.33
15.7,14.56
15.5,15.68
36.1,35.18
15.3,19.51
8.0,6.62
4.1,6.6
19.5,17.75
10.0,10.53
6.1,8.5
5.3,7.58
32.0,25.94
21.5,18.39
5.7,7.53
14.1,14.34
11.3,12.42
12.1,13.81
10.1,10.51
4.9,5.77
24.5,32.53
8.5,8.0
9.5,7.76
3.7,4.86
6.5,6.36
2.5,7.71
26.0,26.34
5.5,7.31
21.7,28.05
27.0,17.08
20.0,15.61
7.3,7.32
4.9,4.42
9.3,12.27
8.1,8.46
10.5,12.59
7.3,4.98
10.0,10.95
6.5,20.06
7.7,10.35
5.7,7.16
7.3,7.1
11.7,7.81
31.85,33.68
5.3,7.29
9.0,7.68
23.7,29.08
49.57,52.45
10.9,10.19
6.5,8.04
4.5,5.01
6.5,10.88
8.9,9.06
9.0,8.39
4.1,6.16
7.0,7.09
4.9,6.39
8.1,9.73
16.5,15.62
9.0,9.63
3.7,6.45
7.5,5.95
14.9,15.63
4.5,6.64
15.0,11.5
16.9,23.99
4.5,5.81
4.1,4.57
4.9,5.62
8.5,7.54
5.3,5.31
5.5,6.02
10.0,9.68
10.5,6.68
12.7,10.75
18.5,17.75
4.5,5.6
4.0,4.23
7.5,6.93
26.5,32.0
4.0,4.98
4.1,4.3
5.7,6.67
11.3,12.05
5.7,7.52
7.7,8.5
9.3,11.48
9.3,9.83
22.5,24.06
5.0,5.26
37.5,33.42
4.5,5.67
4.5,4.4
6.1,5.25
12.5,17.09
57.33,52.29
5.7,7.48
8.5,6.24
4.1,4.54
12.5,13.05
3.7,5.27
7.0,5.23
14.0,10.13
8.1,8.65
11.7,15.25
4.5,5.67
14.5,12.67
6.0,5.05
24.25,27.85
7.5,7.4
17.0,18.44
4.9,5.44
43.3,46.31
35.5,32.28
5.7,6.02
23.5,20.82
29.87,37.07
75.0,15.73
13.0,11.26
7.3,10.28
4.5,6.63
6.9,8.34
8.0,8.78
13.5,11.29
9.3,10.93
10.5,11.4
15.7,20.26
3.3,4.01
12.0,11.16
13.3,12.01
5.5,5.71
14.5,15.19
7.5,7.0
8.5,8.36
11.5,9.46
6.5,7.08
7.3,4.78
5.3,6.03
11.0,8.23
4.9,5.57
8.1,7.15
4.5,5.43
4.1,4.37
9.5,6.08
5.3,5.12
11.3,12.82
10.5,5.7
6.5,6.13
6.1,6.72
17.3,19.13
9.0,7.1
5.3,6.6
10.9,12.6
4.5,5.37
10.5,8.1
59.5,75.89
6.9,8.87
10.1,13.01
7.0,7.12
16.1,14.4
57.33,55.62
8.9,9.11
7.7,8.16
6.5,8.69
13.7,16.6
4.5,5.63
6.9,6.2
9.3,7.17
17.7,17.83
4.5,4.98
10.0,8.65
4.1,5.27
5.7,10.21
10.1,8.84
12.5,14.23
4.9,12.0
8.9,10.69
7.5,6.65
6.5,7.94
10.0,7.26
6.0,5.77
5.0,4.91
8.5,9.57
4.5,5.94
4.5,4.9
40.5,34.51
37.5,36.14
13.7,11.48
3.7,4.3
15.0,13.43
19.3,26.46
3.3,4.81
12.5,7.82
11.3,13.67
8.9,9.01
6.0,6.61
15.0,12.45
9.0,8.38
4.9,5.4
11.7,13.77
3.7,4.81
9.5,11.37
12.1,11.7
31.5,27.28
10.0,9.94
8.5,10.12
6.1,7.61
5.3,4.77
7.0,7.49
7.7,8.53
4.5,4.61
4.9,5.62
14.5,15.44
20.0,11.06
27.0,20.9
6.1,8.11
7.0,7.49
4.5,6.01
6.1,5.82
4.9,4.76
6.1,8.67
6.0,5.77
11.5,10.41
6.9,7.11
16.0,15.17
8.1,8.72
8.1,9.18
5.5,5.59
8.5,8.25
8.5,10.5
11.3,11.82
8.5,8.71
26.5,27.65
6.9,8.24
13.0,13.35
5.7,6.48
9.0,8.56
5.3,5.81
8.5,8.67
11.5,11.52
3.0,4.08
11.0,11.65
4.9,5.37
6.9,8.34
15.1,15.1
12.9,15.94
7.5,6.32
8.0,9.9
4.5,5.85
5.7,6.01
6.5,5.41
10.2,11.38
6.5,7.27
8.9,11.47
8.0,7.43
6.5,7.53
6.5,7.6
6.5,6.79
8.9,9.66
10.5,6.8
13.7,8.71
12.5,16.03
8.0,8.8
4.5,6.35
9.5,8.6
12.5,13.16
5.3,6.75
26.5,32.7
57.33,51.99
6.9,7.52
5.3,4.97
6.5,7.8
5.3,4.69
5.7,6.89
5.0,5.84
24.83,21.64
7.0,6.95
8.1,8.12
6.0,5.16
6.0,7.2
3.7,5.21
8.0,6.25
32.0,27.56
10.0,8.91
8.5,10.42
50.0,50.17
4.5,4.19
3.7,5.94
10.5,11.02
13.5,13.51
8.5,8.08
6.9,8.48
6.9,10.43
5.5,4.87
4.5,4.62
8.0,6.73
6.1,9.34
14.0,11.94
14.5,16.26
9.0,9.06
17.5,12.87
44.9,35.03
7.7,8.59
6.0,6.19
4.5,4.5
5.7,5.54
5.7,8.3
3.3,13.32
52.0,50.67
7.7,9.52
9.0,8.06
7.5,8.9
6.5,6.07
18.5,11.8
6.1,6.15
4.5,5.63
6.5,7.03
8.5,8.29
4.0,5.27
7.0,5.29
15.3,12.25
17.7,21.73
13.5,14.36
4.1,5.79
11.5,9.58
29.0,28.62
3.5,5.34
14.5,9.04
5.0,4.86
8.1,10.15
9.0,7.7
4.1,5.92
12.9,13.51
10.0,9.86
8.5,9.81
11.5,9.56
4.9,11.26
19.7,20.84
9.5,7.59
9.5,7.67
43.3,48.15
3.3,4.4
4.1,5.49
16.1,20.23
13.5,10.86
15.3,14.7
18.1,14.01
18.1,11.5
11.7,11.5
7.5,6.95
27.3,31.7
5.0,5.31
6.0,5.13
7.0,7.59
13.5,12.2
22.0,19.03
18.9,20.99
5.7,8.33
7.3,8.16
4.1,5.39
5.7,7.34
8.5,7.82
9.7,12.26
11.7,9.98
3.7,4.18
4.3,3.64
5.3,6.7
14.1,17.9
6.5,7.34
6.9,9.58
14.0,12.97
8.1,9.66
6.9,7.95
6.9,9.06
5.3,5.18
24.1,26.53
7.5,9.79
10.5,12.22
16.5,19.67
10.9,12.24
9.3,10.62
17.7,14.17
18.5,18.11
5.7,7.41
8.0,8.19
4.0,4.88
4.1,4.35
12.0,12.47
5.0,5.54
4.0,4.73
16.5,15.18
6.5,8.02
4.5,5.55
10.9,10.42
15.3,16.26
8.5,11.5
10.0,8.36
25.0,13.06
22.0,20.41
5.7,6.03
16.0,11.14
43.33,39.33
3.3,7.5
23.5,21.64
7.7,8.81
6.5,6.81
5.7,5.48
7.0,6.11
9.7,12.47
7.5,7.82
8.5,10.71
4.5,5.39
12.9,12.0
16.5,14.98
10.9,9.53
6.9,8.44
15.3,15.84
7.0,6.73
5.0,10.74
6.1,6.34
8.1,10.23
4.5,5.7
6.9,8.29
4.5,7.24
6.5,6.88
31.7,10.62
9.0,9.28
5.3,6.27
8.5,6.21
13.3,11.6
4.0,4.62
17.8,17.11
5.5,6.71
10.0,7.98
6.1,5.98
20.1,21.12
6.0,4.91
12.5,12.43
13.0,15.36
10.9,11.6
6.9,7.82
4.5,4.25
16.5,14.14
14.9,14.58
12.5,11.48
8.0,6.54
3.7,4.86
9.0,10.07
6.1,6.86
5.5,6.98
4.5,5.72
14.0,13.82
11.5,9.43
4.9,6.09
8.9,10.27
6.1,9.05
12.1,12.37
7.0,7.44
7.3,8.73
4.1,4.96
9.7,11.87
5.3,5.18
10.5,11.15
8.0,6.17
4.1,4.94
12.1,14.93
7.0,6.09
5.5,5.44
11.0,8.26
16.0,13.85
7.3,9.32
12.9,11.42
6.1,10.02
8.0,7.53
12.5,9.59
13.3,15.29
10.9,11.01
10.5,9.36
5.5,5.42
8.0,7.46
15.7,16.32
11.7,13.72
10.1,10.32
9.7,11.16
6.1,8.01
22.5,20.24
13.5,9.91
10.5,10.51
10.5,13.51
8.5,10.0
12.0,11.33
3.5,4.61
13.5,9.59
8.5,10.27
18.0,17.86
8.9,9.3
14.0,12.57
8.5,7.77
29.5,21.84
8.5,10.52
9.3,10.13
49.8,54.39
7.0,16.12
16.1,14.44
23.3,20.63
6.5,8.4
12.9,12.89
7.0,7.36
9.5,9.39
8.1,8.78
12.0,9.14
15.3,16.62
30.3,30.98
10.5,14.4
5.3,8.09
8.1,9.71
8.9,10.63
6.1,6.15
22.5,19.59
8.1,9.1
9.3,9.77
18.5,20.56
22.9,24.5
11.5,8.52
12.5,8.13
5.3,6.96
6.5,5.16
5.7,8.18
10.1,8.51
8.0,7.86
6.5,7.12
9.7,10.45
9.3,8.66
8.9,10.08
6.1,6.49
4.5,6.04
8.1,7.84
8.0,6.9
10.5,10.36
5.3,7.22
5.3,6.64
7.0,5.41
11.7,13.56
7.5,9.83
8.9,10.68
8.5,7.53
10.5,10.35
11.3,9.66
7.3,11.83
10.5,4.95
7.7,9.79
7.7,7.3
13.7,11.79
10.9,9.67
6.5,6.2
15.7,15.6
18.1,14.89
7.5,7.2
9.5,9.53
2.5,7.71
6.9,9.35
10.1,10.26
6.0,6.28
9.0,8.72
4.5,5.6
11.3,15.67
5.3,4.75
60.5,38.59
8.1,7.75
5.7,5.7
11.0,12.78
7.3,9.69
4.9,27.92
7.0,6.82
21.5,12.9
14.0,14.18
7.0,6.8
5.0,6.25
8.1,6.77
3.7,5.25
6.5,7.94
7.7,7.56
11.7,14.3
6.9,7.13
6.0,5.66
9.3,12.31
5.0,5.72
4.5,5.54
19.7,20.74
5.5,6.02
5.3,3.86
21.5,17.99
9.0,8.23
7.0,7.98
10.0,8.47
11.7,15.39
8.1,9.38
12.9,11.92
11.7,16.93
7.3,8.31
31.07,37.89
26.1,28.0
11.5,9.35
10.5,10.19
10.1,6.88
7.7,7.42
8.1,8.97
11.5,13.23
3.0,5.04
12.1,5.11
9.3,13.37
5.3,5.55
28.5,22.66
8.5,5.87
4.9,5.31
11.7,7.36
7.0,7.55
10.5,10.69
19.0,14.38
8.1,9.42
7.7,10.8
7.7,8.72
15.7,14.86
11.0,7.83
8.5,7.84
19.0,17.6
10.5,10.73
4.1,5.08
14.0,9.67
29.3,28.34
6.1,6.53
6.5,8.82
4.1,4.91
2.9,4.68
9.5,7.5
15.7,19.51
7.5,7.07
15.3,19.38
3.3,4.43
25.05,29.46
6.9,8.18
7.0,5.16
26.5,31.64
18.5,18.13
9.3,11.88
32.9,35.19
13.7,14.72
29.7,27.74
5.0,6.13
7.3,8.52
9.7,11.55
2.9,4.35
5.0,5.97
5.7,5.73
4.0,5.48
9.5,10.48
6.5,6.67
11.0,7.94
5.3,7.94
14.9,12.2
11.3,5.86
9.7,9.04
6.5,6.3
5.3,5.16
6.9,7.09
56.8,52.81
13.0,12.39
7.3,8.11
7.3,8.96
7.5,5.84
4.5,4.44
4.9,5.79
5.7,6.36
5.3,5.88
12.9,12.53
9.5,6.7
13.3,11.4
10.1,11.69
7.3,8.5
6.1,5.92
7.3,9.03
12.1,14.75
10.1,6.38
4.5,4.98
40.0,40.14
5.3,5.49
4.5,4.68
16.0,15.2
4.9,6.88
4.5,5.65
12.5,7.21
6.1,7.46
7.3,9.14
6.5,5.66
15.3,19.78
11.3,11.69
7.5,7.09
5.7,6.73
5.0,5.16
5.7,8.75
21.5,29.82
12.5,10.64
4.9,7.03
5.7,6.8
3.5,3.95
5.7,4.63
7.7,7.96
8.5,9.84
6.0,4.66
5.7,5.32
5.7,4.47
6.5,13.25
7.7,8.76
11.3,13.0
8.9,6.66
11.3,12.3
4.1,5.17
4.9,6.38
6.5,7.14
4.5,5.45
4.1,4.25
8.0,7.45
6.1,6.67
7.0,5.17
11.3,10.31
5.7,8.56
4.9,7.54
5.0,5.91
3.7,4.21
10.9,14.0
22.0,19.76
13.0,7.26
13.0,13.37
17.5,17.16
11.0,9.54
11.5,9.9
15.3,16.09
8.5,10.25
12.9,11.96
4.5,4.03
14.1,16.15
4.9,5.0
17.0,17.8
18.1,17.3
7.3,6.52
7.7,9.7
4.5,5.87
11.5,11.93
11.5,10.67
8.1,10.22
6.0,7.14
9.3,10.49
6.9,8.08
7.5,5.31
6.9,6.76
7.0,6.57
12.5,14.99
7.7,8.56
17.5,17.64
14.1,14.6
5.0,4.46
8.1,7.73
19.5,10.59
9.3,11.05
7.7,9.25
4.5,5.03
4.5,4.77
8.9,8.12
6.0,13.18
6.5,7.15
11.5,5.59
11.5,8.51
6.1,5.43
8.0,8.49
14.5,13.7
4.9,5.32
9.0,8.04
5.3,5.44
9.3,10.95
4.1,10.08
6.9,8.04
9.0,9.54
7.7,9.16
3.3,9.49
9.5,10.11
5.3,6.92
14.0,11.59
16.1,21.62
10.5,11.91
3.3,4.57
9.5,5.8
11.0,8.94
5.7,6.52
4.9,4.77
4.9,5.28
7.3,8.38
5.3,6.58
8.1,7.79
4.5,4.56
14.5,12.86
7.0,7.88
2.5,7.11
21.7,27.5
5.5,6.99
15.0,16.75
16.9,16.31
10.5,9.5
4.5,4.74
5.7,6.36
12.0,9.01
5.3,7.7
6.5,11.97
8.9,12.51
20.5,28.52
22.1,26.06
5.0,5.9
48.5,43.08
12.5,11.1
6.9,7.91
9.3,9.74
15.5,12.03
7.5,8.55
11.5,7.11
10.0,9.76
5.0,4.58
10.9,15.07
16.5,8.4
6.1,6.59
9.3,10.29
7.5,7.14
19.5,16.48
12.5,11.91
30.67,30.87
4.9,6.91
4.5,5.53
4.1,4.42
6.9,5.64
4.5,6.15
6.0,6.45
6.9,8.93
6.5,8.49
10.5,7.46
7.0,5.97
9.3,8.0
3.3,5.67
20.9,17.28
10.1,10.8
45.0,54.39
4.1,6.13
8.1,6.9
5.7,8.88
10.1,10.99
6.5,5.03
7.7,7.52
8.1,9.57
7.1,4.1
12.5,9.05
16.0,12.42
7.5,6.95
4.5,4.37
9.5,7.57
15.7,16.66
21.0,23.77
9.0,11.49
9.3,10.73
5.3,5.63
9.0,8.54
17.0,16.54
6.0,6.65
6.5,6.59
4.9,7.85
63.1,53.38
2.9,4.5
22.0,18.32
8.0,7.04
6.9,8.39
56.8,53.22
9.7,9.86
4.5,5.55
8.5,7.81
8.5,7.33
6.1,7.86
8.9,9.31
18.0,15.63
14.1,14.48
7.3,8.43
9.0,10.55
10.0,6.53
17.0,13.31
17.5,16.89
9.3,10.17
5.3,6.82
17.5,12.44
9.5,7.38
15.0,13.29
13.5,14.98
9.3,7.49
6.5,7.16
25.0,17.01
14.5,8.67
10.5,10.2
79.55,10.02
14.0,9.66
6.9,7.61
17.5,14.19
6.1,6.92
8.5,10.58
9.7,10.42
7.3,9.62
7.5,6.27
4.0,4.86
8.9,8.07
5.7,6.44
7.7,7.84
9.7,9.96
6.5,6.43
8.1,10.99
4.5,4.84
8.5,10.0
9.3,10.24
29.0,15.96
20.0,15.55
17.7,19.37
5.5,5.35
6.5,5.99
57.33,52.93
7.7,8.94
17.5,15.37
12.0,13.45
6.5,8.8
4.9,6.78
7.3,8.75
57.33,52.5
7.0,7.14
5.5,6.16
9.0,8.68
4.1,5.4
10.5,11.67
11.7,14.83
6.5,6.22
5.3,5.51
5.0,5.47
8.0,8.04
16.1,12.45
43.45,37.21
16.0,17.04
11.0,10.06
21.5,15.96
7.7,9.64
35.3,36.22
17.7,18.29
6.0,5.87
9.7,11.06
13.3,15.85
19.3,16.82
5.0,5.24
23.3,17.93
4.5,4.74
19.5,14.46
24.0,32.49
10.5,12.66
4.5,4.27
14.0,11.39
6.0,6.24
11.5,11.83
26.9,35.58
15.5,13.6
10.5,12.14
5.7,6.33
8.5,7.1
4.5,4.61
10.0,9.17
9.7,7.62
4.9,5.74
5.3,6.76
6.1,6.77
21.0,19.91
10.0,9.49
13.5,12.16
15.7,15.55
12.0,11.71
8.5,8.28
4.5,5.91
10.1,10.15
8.5,11.36
18.0,17.93
4.9,6.47
8.5,9.76
11.0,12.02
10.1,7.42
4.5,5.38
15.7,14.42
9.3,12.28
7.0,5.46
9.0,9.58
12.5,11.73
10.9,12.4
12.0,9.16
52.83,38.56
6.1,7.04
14.5,17.66
6.1,6.48
7.7,8.57
10.5,10.76
25.0,19.38
22.5,20.42
9.0,8.95
5.5,5.61
7.4,8.48
11.7,13.4
4.1,4.34
20.1,21.28
8.5,9.73
16.5,14.71
5.7,5.58
4.1,5.43
4.5,6.18
10.9,11.85
10.5,10.75
20.0,18.86
21.7,20.6
31.5,17.5
25.07,25.3
9.0,8.24
4.5,6.52
7.3,8.64
5.5,5.55
5.7,5.7
11.5,9.14
10.5,9.75
8.1,9.45
6.5,6.14
12.5,10.41
11.3,10.68
21.3,25.17
21.0,17.69
9.5,10.23
12.1,12.38
8.5,9.01
9.0,9.87
4.5,5.33
9.7,7.85
9.3,11.82
6.0,5.64
4.1,4.87
11.3,13.04
10.5,10.66
10.5,9.78
23.7,24.83
4.1,5.38
50.5,49.95
10.5,9.91
6.5,8.08
10.0,10.03
22.5,25.81
3.3,6.27
4.9,6.13
14.1,10.2
6.1,4.52
6.5,9.46
4.1,5.73
3.7,5.43
15.0,12.78
8.5,9.65
5.7,7.11
10.0,11.15
4.9,4.41
16.5,16.13
4.1,6.59
6.5,7.09
10.5,10.74
15.7,17.33
13.0,7.75
49.8,37.17
4.5,5.92
7.0,9.83
6.5,6.96
9.0,8.96
12.1,13.62
5.7,8.98
7.5,7.23
14.5,19.15
10.9,6.41
9.7,7.6
8.5,7.47
5.7,6.21
8.0,6.45
20.0,14.51
4.5,5.48
5.5,6.83
8.5,5.98
20.0,19.0
10.0,9.09
9.5,7.68
5.7,7.31
16.0,13.81
18.9,21.99
7.3,7.07
20.0,18.56
4.5,5.68
12.9,10.02
7.0,5.91
5.3,5.46
6.1,8.39
22.5,25.42
16.5,14.14
9.0,11.09
6.0,6.43
5.7,8.28
4.5,4.63
8.5,8.04
20.9,20.28
10.0,11.41
11.5,10.2
35.0,30.39
33.33,25.42
9.5,8.47
7.0,9.27
4.9,6.74
9.0,10.03
12.0,12.16
4.5,5.08
5.4,5.04
7.5,6.24
5.9,5.94
13.0,11.53
4.1,6.99
5.7,14.18
43.33,36.76
5.3,7.1
20.9,24.6
6.1,7.75
5.5,6.35
17.7,20.72
6.5,5.72
9.0,9.43
6.0,6.67
27.7,31.69
72.44,67.3
12.0,7.0
7.7,6.56
5.7,6.08
5.5,5.53
6.5,6.24
2.5,8.51
4.5,5.27
10.1,8.27
10.9,9.81
9.5,8.89
7.3,10.03
6.1,7.57
10.5,13.05
9.0,8.85
24.0,18.36
15.5,13.44
9.0,8.82
15.0,15.75
6.5,8.19
16.5,16.21
3.7,4.75
9.5,9.9
7.0,8.2
16.1,18.69
5.5,5.3
4.5,5.21
7.0,5.27
10.5,9.33
10.0,7.16
8.5,6.8
4.5,4.87
11.3,12.65
20.1,22.28
24.5,19.39
4.5,4.89
10.0,9.75
8.5,10.5
14.5,17.98
6.9,10.21
5.7,7.99
6.5,8.02
4.9,9.55
4.1,6.16
9.5,10.04
5.0,6.28
17.3,19.44
4.0,5.41
4.9,6.36
13.3,13.31
4.9,4.94
8.9,8.34
18.0,13.04
13.3,11.18
9.5,8.89
12.0,6.96
16.0,13.9
12.5,11.03
12.5,9.12
6.1,7.93
12.5,11.66
5.0,5.67
57.33,51.42
7.5,6.26
5.3,9.7
6.9,11.21
6.5,6.58
37.7,28.79
5.7,9.51
6.1,6.15
6.9,9.87
6.9,7.51
7.3,8.28
11.5,10.07
31.7,26.28
10.1,11.03
9.9,11.07
13.0,11.32
10.9,9.5
4.9,6.68
4.5,6.22
8.5,7.58
14.9,16.79
7.5,9.35
52.0,48.54
6.9,8.17
10.0,10.54
11.0,7.31
4.1,3.64
5.7,6.12
6.1,13.37
13.0,11.4
12.0,9.79
24.1,31.73
18.5,16.1
16.1,18.11
7.3,8.4
12.5,10.3
19.7,18.18
5.3,6.35
6.0,6.13
18.0,16.38
3.5,4.76
14.0,12.86
4.9,6.44
8.5,8.98
7.3,8.56
4.1,5.76
7.0,6.35
12.1,13.62
8.5,7.72
5.5,5.49
6.1,6.36
5.5,5.85
4.0,4.93
4.9,5.65
7.0,6.39
130.0,36.86
19.5,20.47
11.7,12.54
11.3,12.84
9.3,12.41
13.0,8.96
11.5,10.52
50.5,52.88
23.5,22.4
10.9,11.66
12.1,6.78
8.9,9.8
12.5,13.38
4.5,5.35
8.5,7.27
19.0,21.84
9.5,9.61
17.0,15.03
5.7,6.15
6.5,7.19
13.7,17.45
7.5,6.54
4.0,4.65
3.5,4.74
8.1,8.43
6.9,5.57
6.1,7.72
7.7,7.37
8.1,9.85
12.5,14.76
9.5,6.5
9.3,18.71
10.5,7.92
3.0,5.05
7.0,6.55
27.5,21.17
6.5,7.19
9.0,8.49
6.5,11.89
6.5,6.36
7.7,8.41
4.1,14.84
11.3,15.8
6.9,6.52
12.5,13.51
6.0,8.18
9.4,10.23
6.1,8.49
4.1,5.21
4.0,4.52
23.3,22.1
7.7,7.37
5.7,6.96
13.7,9.77
39.5,38.27
14.1,15.43
11.5,9.58
4.5,5.82
6.9,9.61
9.5,6.84
6.9,7.78
8.1,12.0
9.5,7.71
13.3,15.48
4.1,4.11
12.1,10.84
15.0,19.66
6.9,7.81
10.9,9.73
4.9,5.76
6.5,8.2
19.7,23.86
8.1,6.54
6.3,8.64
7.7,10.34
10.0,9.57
7.3,9.08
8.0,9.1
6.1,5.48
11.0,10.48
4.9,10.91
7.5,28.05
25.3,29.13
9.7,9.79
12.5,11.2
5.0,5.95
6.1,6.61
5.7,6.66
8.5,10.31
4.0,4.51
13.5,12.82
6.5,8.54
6.1,7.64
4.5,5.21
13.5,10.06
12.1,11.85
21.5,18.33
8.0,8.65
49.57,52.03
6.5,7.78
5.7,6.76
15.0,11.41
6.5,6.5
16.5,19.63
15.5,13.46
7.7,7.99
4.5,5.59
2.9,8.68
9.5,8.54
6.9,7.75
18.0,18.3
12.5,14.86
11.3,10.86
29.3,34.42
6.5,8.42
10.5,9.47
9.7,8.82
7.3,9.78
6.1,5.59
15.7,22.11
12.0,13.91
6.5,7.52
6.1,6.3
3.7,4.6
8.9,12.03
6.5,6.2
10.5,8.34
9.7,11.18
11.3,12.29
10.0,8.68
10.1,8.75
15.5,11.81
12.0,12.07
10.0,11.17
6.1,7.22
6.1,6.31
6.5,6.31
57.33,52.96
9.7,9.55
3.3,4.6
6.5,7.48
6.1,7.81
7.0,7.04
33.83,26.75
6.9,5.76
6.5,16.65
15.7,17.02
10.5,9.31
34.33,31.51
9.0,8.06
10.5,11.6
8.5,10.14
7.0,5.97
8.0,9.27
8.5,8.16
9.0,8.28
4.5,5.24
6.5,5.88
9.0,7.58
5.7,7.5
16.1,20.59
9.3,11.16
8.9,8.79
10.0,7.89
5.7,6.49
11.3,12.9
11.3,12.59
6.5,8.45
57.33,51.8
9.7,9.91
22.5,22.95
5.7,6.16
6.5,6.9
21.8,26.11
4.0,5.04
7.0,7.83
7.0,7.61
5.5,5.85
4.5,5.13
5.0,5.29
5.5,6.06
27.83,27.52
10.5,11.58
13.5,15.38
9.0,7.84
5.5,5.19
21.0,18.68
10.5,11.2
12.1,13.79
5.3,7.51
7.3,7.5
10.5,12.49
6.1,7.0
8.1,9.51
45.0,48.91
7.0,5.11
5.5,5.91
5.0,4.52
5.5,5.69
5.0,5.46
16.1,14.95
15.0,12.08
20.0,19.16
26.4,28.84
12.5,12.91
11.7,14.77
15.0,12.43
4.5,5.42
5.7,6.4
9.5,10.51
5.3,7.68
9.3,11.02
17.7,16.72
11.3,14.01
9.0,10.21
49.57,45.49
12.5,9.78
8.9,9.17
18.5,10.04
5.7,8.98
7.0,7.07
5.7,6.05
5.3,5.85
11.0,9.02
9.5,10.85
9.3,11.44
8.0,9.43
13.7,13.15
14.9,11.07
55.25,54.0
4.5,6.0
2.9,4.83
9.3,9.95
7.9,8.05
7.5,8.57
4.5,5.79
4.6,4.7
9.7,10.99
7.5,8.64
17.0,11.01
6.5,6.52
6.0,6.19
7.3,8.25
3.3,6.86
13.3,14.98
5.3,7.47
6.9,7.56
8.1,10.32
4.5,7.04
6.9,7.2
4.5,5.15
8.0,7.55
6.1,41.98
15.7,15.96
15.0,14.54
11.0,10.48
4.1,6.83
5.0,5.16
5.7,5.96
6.5,7.86
6.9,7.33
8.0,9.85
8.5,9.2
5.3,6.35
6.5,8.26
3.5,4.13
10.5,11.42
9.3,10.72
11.0,11.93
18.0,18.25
6.1,8.14
49.57,54.2
9.3,9.42
18.5,20.58
4.5,4.16
20.0,19.57
7.7,8.35
6.9,5.05
6.5,6.67
40.9,38.37
7.5,8.0
27.7,27.1
32.65,33.41
13.5,7.64
14.0,13.76
5.7,6.04
11.5,10.1
19.7,19.01
8.0,8.21
6.0,7.12
10.1,10.3
8.9,9.26
5.7,4.84
9.5,9.03
6.5,6.91
4.9,3.62
8.1,8.17
50.5,45.52
8.5,7.53
6.5,5.52
6.5,6.16
7.7,8.33
9.3,11.33
17.7,6.0
10.1,6.96
8.5,8.36
6.1,7.34
21.8,23.64
4.5,5.77
10.9,9.87
3.7,6.54
11.0,10.93
52.0,8.27
14.0,9.32
7.3,6.61
6.5,7.42
8.5,8.95
5.3,6.41
16.0,18.33
7.7,10.34
13.7,14.36
10.1,11.14
4.1,5.28
19.3,19.22
6.1,7.47
8.1,9.17
11.0,9.85
13.3,11.53
5.7,5.89
6.5,6.38
17.0,11.59
13.7,15.31
4.1,5.42
22.0,19.22
45.33,38.01
9.7,10.45
16.5,19.01
13.0,12.78
4.9,4.54
9.5,9.67
12.5,11.93
6.0,8.32
21.3,26.25
4.5,5.98
6.5,8.27
9.0,8.33
7.7,9.32
5.3,6.19
8.5,9.96
20.0,12.62
10.9,9.64
5.7,5.09
14.0,7.24
6.5,8.74
6.5,8.36
18.1,22.51
11.5,5.92
4.5,5.56
4.1,5.14
9.3,10.68
27.0,29.97
7.7,8.49
6.5,15.16
8.9,6.97
8.5,9.85
28.0,21.52
8.5,8.65
7.3,7.12
5.0,5.12
44.5,22.13
18.0,13.45
5.7,5.91
6.0,5.65
49.8,57.08
4.9,5.03
6.5,7.75
7.3,10.23
10.0,10.02
16.1,16.48
9.7,12.76
13.3,11.41
6.5,6.62
7.3,8.27
5.7,7.69
4.9,6.28
34.0,23.32
6.9,8.51
19.5,16.74
10.5,10.32
20.0,17.91
6.9,8.22
5.3,6.09
20.5,15.1
6.9,7.58
7.7,7.56
8.0,7.3
7.5,6.9
14.9,19.39
13.5,7.37
13.0,12.69
33.0,21.12
16.1,19.91
11.0,11.09
7.3,8.76
8.1,15.72
5.0,5.62
6.5,6.58
3.3,3.67
13.0,11.68
4.1,4.76
18.9,16.91
6.5,7.78
12.1,14.26
7.0,8.78
17.5,13.23
5.5,5.42
3.7,34.76
9.0,10.51
3.7,5.7
20.1,24.25
4.5,5.33
7.7,7.33
9.0,8.06
3.7,4.67
10.5,12.52
4.1,5.32
6.1,8.91
4.5,4.21
6.0,15.26
6.0,6.14
5.3,6.95
13.3,14.49
7.7,9.54
5.7,6.93
7.3,8.86
10.5,10.34
10.0,10.76
10.0,10.6
17.3,20.11
6.1,6.17
5.5,5.59
9.5,10.54
39.8,44.32
96.0,42.69
4.5,5.09
6.0,6.77
5.0,6.23
5.0,4.55
6.9,8.21
5.7,6.87
8.9,9.41
6.9,7.01
34.67,35.46
9.0,8.6
4.9,7.27
16.5,17.61
9.0,8.4
6.9,5.37
8.9,10.11
7.5,9.08
6.1,7.63
13.3,12.81
7.0,9.18
12.9,16.91
4.0,4.88
5.0,5.35
10.0,7.76
8.5,10.1
7.7,7.84
4.5,5.23
10.0,6.2
10.0,11.16
6.0,6.21
9.0,8.74
10.5,9.6
8.0,7.45
8.0,7.58
17.5,14.27
8.5,8.7
8.1,10.12
7.3,8.66
18.5,14.93
22.0,44.62
17.3,23.59
16.5,15.86
46.5,31.31
9.5,9.42
5.7,5.68
7.3,9.52
23.0,11.09
13.5,14.13
9.5,7.84
5.0,4.35
17.5,15.64
14.9,10.54
10.0,11.54
6.9,9.57
14.1,18.03
11.0,14.11
9.0,8.47
5.3,6.29
4.0,4.73
9.5,5.88
8.0,8.28
7.3,8.12
4.9,5.46
7.3,10.4
14.0,17.56
5.5,6.32
4.5,5.3
4.5,4.47
5.5,5.74
9.7,8.67
10.0,8.91
9.1,9.82
7.7,7.98
9.7,8.77
5.3,7.37
4.5,4.94
10.1,11.38
5.7,6.42
7.7,10.34
11.7,13.64
22.5,9.07
10.5,9.88
45.0,13.88
9.5,7.25
6.0,6.36
7.3,7.59
9.5,8.69
8.5,6.17
9.0,9.07
4.1,4.65
4.5,7.26
6.1,5.48
19.5,17.32
4.5,5.04
6.5,6.71
11.5,10.32
6.5,10.5
7.3,7.76
14.0,16.68
10.0,9.71
7.0,8.12
15.3,14.64
9.3,9.66
5.0,5.0
49.57,52.74
6.0,5.43
52.0,10.78
10.9,12.3
3.7,4.85
11.3,14.86
3.5,4.03
7.3,10.28
5.5,7.15
4.5,4.42
9.7,8.99
12.5,11.21
3.7,4.32
10.5,11.34
86.0,20.68
4.1,4.3
8.1,10.58
8.1,9.32
8.1,10.44
9.7,9.0
5.0,5.26
6.0,6.3
10.9,9.94
3.3,5.23
6.9,7.39
57.33,53.36
13.5,12.39
8.9,10.69
28.5,30.46
7.5,5.56
9.5,7.94
9.5,10.14
11.5,12.42
49.8,53.15
22.0,20.88
14.5,11.9
7.7,7.83
6.5,7.55
6.5,6.68
11.5,9.91
9.0,8.45
8.0,6.16
8.9,9.02
11.0,9.64
6.9,6.19
19.0,14.58
16.0,12.14
9.3,7.31
152.83,47.43
12.5,8.39
6.0,5.4
6.9,5.93
8.5,9.64
12.0,10.43
2.5,3.82
4.5,4.85
5.3,5.24
10.0,10.32
14.5,14.72
6.5,6.23
6.5,7.44
10.1,13.66
11.5,10.67
13.5,11.28
4.5,4.21
8.0,10.14
7.3,6.91
6.5,6.93
8.0,7.41
6.9,6.01
24.0,20.55
6.9,8.66
16.5,11.07
14.9,16.99
14.5,17.09
5.5,4.97
7.5,8.72
5.3,6.2
3.7,5.3
4.1,5.4
12.1,12.94
21.3,19.57
9.0,9.49
7.7,8.67
7.7,11.1
4.1,5.65
10.5,10.21
12.1,12.72
9.0,7.89
27.5,24.1
5.3,6.64
6.1,5.31
6.9,7.43
5.5,4.93
7.3,10.9
6.9,8.19
4.9,5.64
29.05,35.12
21.5,16.13
4.0,4.34
4.1,7.84
11.5,10.48
8.1,7.68
24.0,18.73
12.5,12.15
12.5,13.36
8.6,9.58
8.0,8.73
6.9,6.12
10.0,9.49
15.3,17.35
5.7,4.9
6.5,9.07
14.5,13.3
22.5,29.15
7.3,8.54
3.5,4.06
49.57,51.12
8.5,8.82
8.1,9.01
7.0,5.84
6.5,8.56
18.9,25.58
10.5,7.15
6.9,7.68
12.9,8.02
6.9,7.94
11.0,9.63
9.3,12.38
50.5,53.31
27.83,19.13
8.0,7.72
6.9,7.0
8.0,9.83
4.1,4.66
2.5,6.15
6.0,6.28
57.33,50.47
44.5,51.84
12.5,12.25
8.1,10.38
4.9,5.35
16.0,14.64
4.5,6.66
12.1,14.28
14.0,11.43
4.5,5.33
7.0,6.22
20.1,12.12
11.0,11.14
4.5,4.87
5.5,4.29
4.9,5.9
2.9,5.93
7.5,8.02
5.0,7.06
12.0,10.91
22.6,24.58
7.0,7.65
9.5,9.01
5.3,4.96
19.7,10.15
10.0,8.48
5.3,7.3
9.3,8.8
11.0,7.41
9.7,10.84
21.5,21.24
6.1,6.47
5.5,5.99
7.5,7.24
4.0,5.24
16.2,16.78
16.0,15.11
3.7,4.39
5.0,5.47
4.0,4.81
8.5,8.81
4.9,5.15
8.5,7.68
7.0,6.22
31.83,33.13
7.3,2.49
10.9,7.9
52.0,51.65
6.0,5.31
10.1,12.92
40.5,41.13
32.83,30.17
7.5,7.11
9.0,8.78
4.5,7.21
5.5,4.55
9.5,9.96
5.7,8.25
10.1,10.03
6.5,6.9
8.0,7.57
21.3,18.87
26.5,23.03
6.5,7.59
4.9,7.2
19.7,19.59
14.1,17.23
5.3,5.6
5.3,5.04
5.7,5.89
9.0,9.78
12.9,9.1
5.0,5.37
12.1,15.01
23.7,30.33
7.3,9.49
7.5,6.46
2.9,4.36
7.5,7.15
6.9,7.41
8.9,10.04
8.1,10.67
24.9,21.3
17.3,18.7
37.33,31.82
10.0,9.15
8.5,7.14
6.0,5.53
6.9,8.72
13.5,11.35
5.5,6.74
18.5,15.89
11.3,10.81
8.5,9.38
8.5,6.51
15.7,16.94
8.5,11.38
10.5,10.27
6.1,8.4
3.3,4.8
4.1,5.17
12.0,8.11
9.5,8.34
10.5,11.38
3.3,4.83
4.1,6.38
8.1,11.13
57.54,52.45
8.9,9.54
11.5,9.64
6.1,6.57
8.0,6.36
12.9,12.76
12.1,10.02
30.27,32.04
10.5,12.82
10.9,11.02
11.0,9.91
4.9,6.38
8.5,9.1
6.1,8.1
8.0,7.34
7.3,7.52
10.0,9.98
7.3,9.15
13.0,11.38
4.5,6.95
10.0,9.86
4.1,5.1
11.0,9.98
23.5,13.65
8.1,9.26
10.5,8.23
7.7,10.03
6.0,5.78
18.5,18.57
5.5,5.41
10.1,13.75
14.1,17.88
7.7,9.79
7.3,9.66
7.7,5.68
28.4,5.97
13.0,11.93
17.3,21.09
11.0,10.65
12.0,10.77
5.7,9.29
4.9,5.16
7.3,9.73
21.0,22.51
9.0,9.38
6.1,7.25
8.0,6.85
10.5,8.8
6.5,8.02
3.5,6.43
6.0,7.15
5.3,4.37
57.54,53.45
7.5,9.87
5.7,7.56
6.5,9.68
11.0,13.45
7.0,5.49
18.1,12.7
32.0,33.64
21.7,20.9
8.5,11.61
9.7,11.98
8.5,10.05
4.5,5.26
5.7,5.55
4.5,5.8
4.0,4.52
6.5,5.73
6.1,7.22
5.0,4.45
7.0,8.56
9.3,17.41
10.9,12.58
9.7,7.48
5.0,4.06
6.1,7.23
4.5,4.92
4.9,11.91
6.0,6.58
8.9,5.72
10.5,11.73
8.5,9.33
12.9,14.08
9.7,10.57
10.0,8.67
4.9,6.37
40.8,31.75
5.7,5.96
5.7,7.59
9.5,10.59
12.0,10.2
3.5,4.44
6.1,6.89
29.0,23.68
12.1,12.62
11.0,7.23
7.7,7.95
11.0,10.19
7.7,6.03
16.5,16.24
13.3,13.04
8.5,10.61
6.1,6.21
8.5,8.54
4.5,5.59
8.5,9.69
5.3,6.95
9.3,11.51
49.8,47.64
8.9,8.69
8.1,7.36
6.1,5.46
6.1,5.15
10.0,8.07
17.5,15.88
9.7,12.09
6.9,6.22
9.5,8.22
6.1,6.53
5.0,5.59
8.5,8.72
6.9,6.85
11.5,10.65
14.1,15.33
5.3,8.21
10.0,6.37
15.5,9.28
11.7,9.51
7.0,7.91
4.5,5.79
7.3,10.33
21.5,16.15
11.7,13.93
8.0,7.69
13.7,17.92
8.1,10.64
10.5,13.89
6.0,4.4
23.0,24.29
8.9,9.46
6.1,7.03
20.0,17.61
24.5,20.73
7.0,6.76
11.3,12.63
4.1,4.48
4.5,5.81
5.0,6.31
4.5,4.97
45.0,5.79
5.0,6.53
29.3,33.38
18.0,18.67
4.5,4.56
4.0,12.16
24.1,24.85
14.1,13.53
20.33,16.47
6.5,5.13
5.5,6.54
8.5,5.26
7.5,6.54
28.1,30.02
5.3,5.81
5.7,6.0
19.5,15.68
28.83,31.65
6.1,4.55
12.0,10.89
16.0,14.89
8.5,8.21
6.5,9.64
7.7,7.45
9.7,9.38
6.1,8.56
21.0,19.55
13.5,12.77
13.5,19.32
7.7,8.95
10.0,9.8
9.3,11.79
7.5,13.47
7.5,6.55
6.1,6.52
3.3,4.26
5.3,5.48
5.0,5.19
4.1,4.76
12.9,14.33
13.3,14.67
9.5,8.75
18.5,17.71
9.0,7.06
6.1,6.6
9.7,9.8
8.5,6.96
5.5,6.06
7.7,8.27
11.7,11.31
22.5,12.59
10.9,12.32
8.5,9.56
28.1,19.11
5.3,8.93
8.0,7.19
8.1,10.0
17.5,16.56
5.7,6.35
6.1,6.92
5.7,7.26
5.3,6.19
8.9,9.16
6.1,5.65
7.0,5.74
10.9,10.87
8.5,8.94
13.0,11.74
18.5,24.71
6.5,5.82
5.7,5.6
6.9,7.9
8.5,9.02
12.1,11.27
7.0,7.03
7.0,7.2
6.9,6.92
14.5,11.82
7.3,4.86
10.5,13.59
9.7,12.03
2.9,3.8
6.9,10.43
12.0,8.69
8.0,6.31
8.0,7.17
8.0,8.1
18.0,12.36
6.9,8.22
8.0,6.83
12.1,13.71
8.9,10.32
3.4,4.24
4.9,4.86
10.1,11.13
4.9,6.67
6.5,6.04
5.5,4.68
3.7,4.62
10.9,13.27
5.0,5.24
6.5,7.39
11.7,14.94
4.5,4.99
6.9,9.82
39.8,29.62
15.0,18.28
5.7,5.66
3.3,4.69
8.5,9.88
12.5,9.53
8.0,8.15
10.1,9.79
4.9,5.87
6.0,6.81
10.5,10.35
5.3,6.48
4.1,5.36
5.7,7.2
34.5,32.93
16.3,14.63
17.0,14.56
6.5,6.23
13.0,5.59
10.5,11.63
9.5,10.43
12.5,9.4
13.7,12.49
12.1,13.8
4.1,4.49
19.5,14.7
14.5,16.56
7.0,8.65
4.9,5.07
7.5,7.38
11.0,8.85
12.5,12.71
16.5,18.73
6.0,6.4
14.1,9.1
5.7,6.41
3.5,4.46
13.0,9.66
15.4,14.28
5.7,5.02
22.9,31.59
4.9,5.53
7.7,9.21
6.0,5.53
12.5,13.08
42.1,35.88
7.5,8.36
11.3,11.58
10.5,6.62
6.1,6.99
5.7,7.57
4.1,4.47
11.0,5.35
4.9,4.81
10.5,11.13
10.0,9.7
8.0,7.9
5.7,6.76
5.0,4.92
8.1,8.45
4.9,5.97
5.5,6.01
3.5,6.72
7.3,9.68
4.1,4.38
10.5,6.41
8.9,9.83
21.0,15.89
4.9,4.71
20.5,19.42
3.5,4.96
5.7,8.84
6.9,7.9
7.5,7.38
9.3,8.49
19.0,18.89
4.9,7.66
17.0,11.81
4.0,4.78
4.5,6.0
57.33,52.06
9.5,9.5
6.1,7.7
33.0,28.28
12.5,5.92
8.5,8.69
4.1,5.08
14.1,14.73
14.9,15.59
4.5,4.59
11.7,14.24
6.5,6.6
8.5,7.59
14.0,13.27
14.1,11.55
7.5,6.85
5.3,8.53
11.0,9.7
5.3,7.02
20.9,29.91
4.1,5.4
12.1,12.66
15.5,12.71
18.0,14.07
12.5,12.05
8.1,8.29
4.1,5.57
6.1,6.93
5.5,5.25
4.5,4.86
14.5,13.21
8.5,8.52
10.1,9.18
8.0,8.22
11.3,9.73
10.1,11.05
11.0,9.59
4.5,6.06
9.7,10.21
13.5,9.7
3.7,4.03
6.9,7.38
6.1,7.83
16.1,16.85
31.3,28.37
14.1,16.71
15.5,14.71
5.0,6.65
22.0,20.86
5.3,6.33
7.5,7.02
19.7,17.33
5.7,6.74
6.1,6.58
4.5,6.17
17.0,9.62
7.3,9.88
10.5,12.65
9.3,7.25
10.1,9.76
8.1,7.77
4.9,5.2
7.3,9.68
12.1,15.49
19.0,17.39
20.5,15.12
9.7,11.63
19.0,18.03
23.83,15.39
6.5,7.05
7.7,8.68
15.5,15.41
16.0,14.04
5.3,5.41
8.0,6.54
4.5,5.57
34.83,31.8
2.5,10.25
9.3,10.38
13.7,9.0
6.9,7.97
5.3,6.53
4.5,4.58
7.3,4.41
4.1,4.97
10.5,10.62
16.0,12.3
4.5,5.08
7.7,9.59
8.9,10.66
15.3,8.11
12.5,5.81
22.5,16.35
16.9,13.96
9.3,10.32
10.9,9.57
8.5,8.76
11.3,14.64
9.7,7.27
4.5,4.0
8.1,8.67
14.5,12.63
5.7,6.02
8.0,7.13
10.9,7.01
8.1,7.16
14.9,1.75
4.9,6.07
24.5,24.2
6.5,14.57
17.7,11.27
27.5,21.98
3.5,4.31
6.0,7.01
11.5,11.43
8.9,9.72
8.1,10.34
14.9,18.19
11.5,9.5
7.7,9.32
6.5,7.5
8.9,11.72
15.0,7.34
5.3,6.4
10.0,8.23
12.5,11.69
9.7,16.48
10.0,9.49
17.5,14.22
3.3,4.77
39.5,32.56
6.5,8.8
12.5,5.71
14.9,6.76
8.5,8.87
8.9,10.39
14.5,15.91
3.7,4.67
10.0,9.42
9.7,11.96
34.83,34.02
5.3,4.69
5.3,4.9
66.7,70.96
15.3,17.24
8.5,8.78
50.0,43.99
7.5,10.41
16.6,18.59
6.9,8.27
2.9,4.12
3.3,4.21
23.3,32.09
29.0,17.7
8.5,11.93
8.5,7.66
27.7,16.73
8.5,10.38
10.0,7.23
6.1,7.83
13.0,8.56
8.0,5.91
150.0,17.88
41.83,34.53
12.0,13.44
14.9,11.89
18.5,8.86
8.0,7.96
8.5,9.52
17.0,15.96
5.7,7.11
6.9,7.42
4.5,6.02
6.5,7.82
6.0,6.5
7.7,6.31
7.3,6.83
6.1,5.77
5.7,6.68
5.3,5.98
43.33,37.1
26.5,8.47
10.1,12.01
5.5,5.31
7.3,9.55
6.5,6.5
12.5,8.63
12.1,11.8
7.5,5.09
9.7,8.9
3.3,5.16
6.9,7.65
8.9,10.0
8.9,7.94
13.0,9.08
13.0,11.61
9.5,7.91
6.5,6.73
21.5,16.83
8.0,8.44
6.5,7.43
4.0,4.86
8.9,8.22
13.0,13.3
11.7,15.84
3.7,4.46
13.0,8.62
12.5,12.3
7.7,8.33
5.5,6.35
6.1,17.13
16.0,12.48
26.67,30.18
8.1,7.28
4.1,4.47
8.5,6.37
10.9,11.24
52.0,51.44
8.0,6.59
6.9,10.27
7.7,8.91
9.3,6.72
7.3,8.82
8.5,8.26
6.1,5.65
6.1,6.52
6.0,5.94
11.5,9.73
5.5,5.39
8.5,8.11
10.5,7.19
6.5,9.05
6.0,5.96
10.9,12.56
11.5,12.44
15.0,10.05
4.1,4.9
8.0,16.36
10.0,8.0
8.9,9.99
8.1,8.81
4.9,4.72
14.5,14.09
17.3,19.0
5.7,5.49
6.5,8.93
4.5,15.99
49.57,19.05
6.5,7.38
20.5,18.28
10.5,8.33
6.5,6.2
14.5,11.88
5.5,6.19
9.3,9.61
2.9,9.1
16.1,16.34
5.7,7.4
10.5,10.96
13.7,11.47
6.9,7.43
8.5,9.18
5.5,5.6
25.0,19.97
4.9,6.78
8.0,6.78
14.9,13.78
7.5,5.3
10.0,10.05
10.5,11.92
7.0,6.22
24.1,26.99
12.5,18.86
6.9,8.26
7.7,9.25
4.5,6.15
12.0,9.25
17.7,20.26
4.1,4.59
7.5,6.66
25.87,29.31
6.5,6.29
5.5,4.68
6.5,6.0
4.5,5.9
49.8,50.89
10.5,10.48
6.5,7.5
45.0,9.7
8.9,9.68
15.3,12.13
6.9,8.31
22.0,17.7
5.0,12.9
6.0,6.25
5.5,7.14
11.7,10.62
4.1,5.04
10.1,12.51
3.5,4.28
5.3,6.67
6.0,5.68
11.5,11.36
18.1,18.48
12.9,16.09
14.9,14.94
9.3,8.94
6.0,6.65
10.5,5.7
4.5,5.76
8.0,8.37
14.9,17.25
4.9,6.25
5.7,7.01
36.33,32.2
10.0,10.06
6.0,6.0
10.5,10.17
17.5,16.6
29.0,18.96
14.5,11.8
3.3,5.77
9.5,8.78
7.7,9.67
8.1,7.43
18.5,17.17
13.0,8.37
38.1,52.58
4.9,4.93
9.3,13.52
3.3,5.11
8.5,8.47
4.1,4.92
7.0,5.87
4.1,5.07
5.7,6.22
6.1,5.41
4.1,13.66
18.1,19.69
14.0,12.26
3.3,4.96
12.1,14.06
7.7,9.18
10.1,6.23
13.7,12.08
17.7,18.42
4.5,5.34
11.7,11.58
12.0,12.82
5.3,6.82
15.3,18.5
6.1,7.43
9.5,10.2
9.7,11.42
9.5,9.06
7.5,8.1
29.87,34.31
5.0,5.47
6.9,7.61
4.5,4.45
16.5,18.49
8.0,7.0
9.0,8.34
7.5,7.81
11.0,7.84
16.5,13.67
16.5,13.48
4.1,6.99
5.7,6.84
13.7,15.42
5.7,6.05
8.9,9.0
4.5,5.47
3.5,5.45
12.0,9.04
9.0,8.21
7.5,7.9
4.9,6.01
7.5,6.78
49.8,7.55
7.7,11.23
3.7,5.19
12.9,15.66
4.1,5.39
5.7,7.26
8.0,9.08
2.5,10.03
11.7,14.93
7.3,7.44
17.3,20.3
12.9,10.97
17.3,17.46
2.5,6.25
8.5,9.29
15.0,11.47
3.3,5.08
3.7,5.47
8.1,4.19
9.0,7.19
9.3,9.71
6.9,10.13
7.3,7.36
8.1,10.11
6.0,7.53
29.3,33.17
7.0,5.68
8.0,6.73
6.5,7.73
6.5,6.27
39.5,45.06
20.5,24.95
16.1,16.12
14.5,13.67
6.5,7.7
9.7,10.06
7.3,8.19
11.0,10.52
24.0,21.51
10.5,12.92
4.1,4.8
8.5,9.4
6.2,6.54
6.1,7.59
4.9,5.82
9.0,7.64
5.3,5.99
7.5,7.35
4.5,5.33
9.5,7.82
57.33,51.14
8.0,8.03
5.7,7.82
12.5,13.07
19.7,19.49
4.5,7.47
3.0,4.01
17.3,20.83
5.3,6.11
4.0,4.51
6.1,9.94
6.1,6.86
4.5,4.38
57.33,53.11
22.0,24.51
5.0,5.99
6.1,6.87
33.83,33.5
2.5,10.39
6.0,6.2
8.5,6.92
9.0,9.74
13.0,9.83
7.0,8.05
8.5,8.37
12.0,8.23
7.3,7.85
10.0,8.26
11.0,9.33
6.9,6.74
4.5,4.72
10.9,11.33
5.3,5.5
23.7,27.52
8.0,7.59
14.0,15.6
22.5,11.37
15.0,13.43
6.5,8.62
6.1,6.36
4.0,5.11
5.3,5.99
23.5,22.78
6.1,7.16
10.0,10.25
17.0,16.13
12.5,14.14
26.1,29.11
2.5,8.25
5.7,6.73
14.0,13.56
13.5,15.58
4.5,4.74
6.9,7.18
7.5,6.52
8.5,9.51
8.0,7.12
15.0,14.1
5.3,5.83
9.3,9.41
6.1,6.27
56.8,49.5
4.5,5.91
13.7,11.37
5.5,5.85
15.3,16.96
4.1,5.42
57.33,52.24
3.0,4.13
10.5,9.11
8.5,6.67
6.5,18.3
50.67,51.65
12.0,12.14
6.1,6.26
5.3,7.04
7.3,8.07
6.5,11.12
11.5,8.7
14.5,5.36
32.5,35.23
3.7,5.65
8.1,8.78
15.7,18.77
8.9,12.43
12.9,15.6
8.0,9.77
8.9,11.49
14.9,13.17
6.0,6.18
6.5,5.79
4.1,4.68
11.5,11.28
11.5,10.06
5.7,7.51
6.9,8.05
7.7,9.05
5.3,6.03
49.57,34.83
4.5,6.53
12.5,12.09
42.83,35.36
3.5,4.26
7.3,7.96
15.5,14.34
5.3,6.66
9.3,11.48
9.3,12.31
9.0,5.17
15.0,15.27
6.1,7.3
30.0,25.66
4.5,6.75
9.3,9.83
11.5,9.51
9.5,9.78
3.5,4.46
8.9,9.07
7.7,6.42
10.0,11.45
15.5,12.13
16.5,14.74
6.0,5.03
10.9,9.93
11.7,12.38
13.9,12.28
13.0,9.5
49.57,52.9
9.0,9.11
11.7,13.54
8.9,8.31
6.1,12.57
8.5,6.1
8.9,11.75
12.0,10.42
6.9,8.86
6.9,6.4
14.5,13.33
7.5,7.68
14.1,13.85
9.3,9.15
12.0,13.53
22.0,12.38
6.1,8.16
14.9,18.08
10.5,12.28
49.8,48.51
5.3,8.02
8.9,6.53
3.7,4.63
7.7,8.98
8.1,11.09
7.0,8.48
6.5,7.11
5.0,4.84
8.1,6.6
10.5,11.27
25.0,15.78
7.7,10.37
3.3,4.62
5.3,6.44
3.7,11.66
28.5,11.7
8.9,10.67
9.0,4.14
26.9,31.03
5.7,6.79
6.1,5.75
14.5,10.88
5.3,6.79
6.5,6.01
10.1,10.04
32.5,33.74
5.3,6.98
14.5,11.61
5.3,4.25
7.0,6.79
7.3,8.82
10.0,7.4
11.0,11.26
7.7,8.78
24.27,28.72
19.7,22.87
12.5,11.08
6.5,7.15
42.83,37.61
8.9,9.38
8.5,9.67
8.5,8.9
6.0,6.06
15.1,17.98
7.3,8.46
5.3,5.15
10.5,13.46
12.5,10.14
9.3,12.81
4.9,5.0
4.0,5.2
7.3,8.8
6.9,7.77
28.9,34.11
49.8,50.59
28.5,22.07
4.9,5.84
9.3,9.2
22.1,25.4
4.0,5.53
6.1,6.21
8.5,7.54
5.5,6.06
24.67,24.13
9.5,7.68
7.7,9.34
6.0,5.71
9.0,9.24
8.5,9.64
4.9,7.38
8.1,6.95
9.3,9.51
4.5,6.28
7.3,7.88
15.0,12.24
6.5,7.36
7.7,12.19
6.0,6.62
12.5,14.93
11.5,8.87
3.3,5.04
13.0,13.16
9.3,6.4
11.3,11.19
8.5,6.17
6.1,6.57
20.1,26.53
8.5,6.49
12.0,11.84
15.3,16.16
9.0,8.24
6.5,5.38
4.0,5.51
4.0,5.05
16.0,15.22
10.1,11.55
11.7,47.27
10.5,13.46
8.5,9.53
12.1,12.52
3.3,4.72
4.9,4.75
9.0,7.98
8.0,6.67
14.5,14.52
30.1,29.67
6.0,4.72
5.3,5.48
5.0,6.08
11.0,9.17
14.9,13.77
16.5,19.3
6.1,8.49
10.9,10.78
6.9,6.38
7.3,21.92
11.5,10.05
18.0,14.32
5.3,7.99
17.5,15.97
7.0,7.79
5.7,7.6
21.0,19.19
8.7,8.17
5.3,5.46
4.5,10.95
11.0,11.94
4.1,5.24
17.3,11.48
6.9,6.37
17.0,18.29
4.1,4.38
5.7,6.47
8.5,9.95
6.5,8.26
34.0,26.29
8.1,6.97
8.0,8.71
6.5,7.44
18.9,19.64
6.9,8.62
11.0,12.28
6.9,6.75
6.5,6.53
33.8,35.44
26.2,31.89
34.3,23.26
8.0,6.21
7.7,11.2
8.1,7.67
16.1,12.76
16.5,10.19
6.9,8.96
8.9,5.04
6.9,7.45
6.5,6.22
33.04,26.2
7.5,8.01
7.3,8.45
7.7,7.22
5.3,6.52
17.5,12.29
35.5,34.88
5.7,7.2
5.7,4.88
8.5,8.95
6.5,6.36
4.5,5.8
5.0,9.08
5.3,5.6
4.9,5.8
9.3,9.3
13.5,10.13
13.7,16.06
16.0,14.68
6.5,5.7
5.3,6.11
5.5,6.23
7.7,9.71
7.3,7.99
17.3,19.79
6.5,5.89
8.5,6.38
6.5,7.9
10.1,12.28
21.5,16.39
14.1,13.14
12.9,14.25
9.3,12.42
15.3,17.26
6.5,8.58
13.3,21.22
5.0,6.39
57.33,52.38
5.0,5.89
10.1,10.7
11.3,13.79
10.1,11.5
10.1,9.76
6.5,7.42
10.5,9.98
12.9,15.78
6.5,6.95
7.5,6.36
8.1,6.76
4.9,5.24
8.0,6.46
6.5,7.91
3.7,4.08
10.5,9.21
20.5,16.19
14.1,12.05
39.2,36.64
4.0,3.51
5.0,5.36
10.5,14.38
17.7,16.3
10.9,11.22
9.0,7.91
10.5,11.32
8.5,8.27
11.7,15.01
8.5,8.88
45.0,53.59
22.5,16.83
6.1,6.85
24.5,33.15
5.7,5.88
5.7,11.87
5.5,4.92
21.5,17.04
13.7,15.48
8.1,9.26
4.5,4.89
5.3,5.95
5.5,6.33
9.5,6.22
9.3,10.18
10.5,10.3
16.9,17.08
5.7,7.55
4.1,5.1
20.1,22.46
5.7,4.75
5.7,6.1
5.0,6.32
16.5,13.91
8.5,8.67
8.5,10.09
10.5,9.22
5.7,6.28
7.3,9.56
4.1,18.87
8.9,9.98
3.7,4.19
4.1,5.43
6.9,5.74
8.9,8.12
3.7,4.58
3.7,3.94
6.0,8.34
7.3,8.05
8.5,8.45
11.0,10.87
9.7,10.67
8.5,9.44
8.5,9.88
7.7,9.11
9.5,8.7
10.5,9.95
11.3,11.96
8.5,6.1
5.7,7.5
16.9,15.95
11.3,13.2
8.1,9.63
2.5,43.81
5.7,6.02
4.5,4.87
9.3,11.18
4.0,5.26
6.5,7.55
8.9,15.9
11.3,11.63
21.0,17.43
7.0,6.7
5.3,6.67
11.5,7.74
6.5,7.49
18.9,12.23
6.5,6.58
6.1,6.54
4.1,4.52
6.1,5.26
9.0,10.02
30.5,34.08
10.5,9.39
16.5,8.34
9.0,7.53
10.5,14.38
7.3,9.71
4.9,10.29
13.0,11.04
8.5,7.63
3.5,4.52
10.1,14.76
7.0,6.4
11.0,11.23
4.5,5.83
10.1,9.37
6.9,9.19
7.0,7.2
6.1,5.19
6.5,6.43
3.7,3.54
37.83,31.1
2.9,4.43
8.1,10.03
6.9,8.72
12.1,11.72
6.5,10.05
12.5,10.78
16.1,14.99
7.5,7.94
13.0,12.08
4.0,4.98
8.0,6.91
24.5,13.96
18.1,21.65
6.9,9.41
4.5,5.1
12.5,12.25
15.0,15.05
5.0,5.42
5.3,5.43
35.54,31.89
10.0,8.0
5.7,8.14
20.1,17.29
50.0,42.06
7.5,8.56
8.0,6.57
5.0,6.76
17.5,13.17
8.9,11.52
9.0,8.39
14.5,16.35
4.1,5.23
4.5,4.27
13.0,10.82
28.3,20.18
4.5,5.19
13.7,13.8
16.5,13.64
4.5,5.32
5.7,7.31
19.0,20.08
4.1,4.5
4.5,5.26
2.5,13.64
20.0,18.79
8.1,8.32
6.5,8.62
13.7,16.64
13.0,7.69
47.7,43.01
30.5,18.9
13.0,13.75
3.0,4.17
8.1,10.89
33.0,24.92
4.9,4.67
8.9,9.41
9.5,7.25
7.3,10.03
5.7,5.88
6.5,4.8
2.5,11.41
23.0,17.43
24.1,25.12
7.5,6.73
9.5,8.66
13.0,11.69
4.9,10.96
12.9,15.4
13.0,12.17
8.0,4.95
4.5,6.61
14.5,12.41
9.5,9.5
7.3,7.5
7.5,6.95
19.7,17.87
5.7,4.57
7.5,6.92
6.9,8.08
9.7,13.22
8.1,9.04
6.1,8.12
11.7,12.31
5.0,4.46
8.9,9.7
3.7,3.74
2.5,14.99
45.33,41.55
13.7,11.49
10.9,10.06
8.5,6.68
16.0,15.58
24.0,13.23
5.7,6.73
4.0,9.24
7.5,8.43
12.5,10.32
9.7,10.8
6.0,5.96
5.5,4.22
8.1,6.72
10.9,12.66
9.0,8.97
5.7,6.49
4.5,6.08
7.5,5.05
8.1,10.46
6.5,7.12
6.1,6.64
13.0,10.53
8.9,11.88
7.7,8.87
4.0,4.25
14.5,13.99
7.7,9.88
16.5,15.13
6.5,9.04
6.5,8.52
56.54,37.8
6.5,6.24
5.5,5.41
6.0,6.4
7.0,7.22
30.5,30.89
8.5,9.25
23.3,22.24
7.0,7.19
7.7,8.78
13.0,7.69
10.9,10.96
14.9,17.99
10.5,12.46
7.0,6.75
41.83,36.66
28.9,32.5
8.5,7.14
9.5,9.43
37.33,33.85
10.5,10.29
4.9,5.24
5.3,6.47
6.5,6.44
11.0,12.36
5.7,6.64
7.7,9.38
7.0,6.74
7.7,7.84
8.1,8.3
7.3,8.27
20.0,10.5
11.3,10.56
3.7,5.05
15.5,11.7
14.1,16.32
8.0,9.94
49.57,50.07
5.0,5.63
12.1,9.32
20.5,12.37
13.7,13.15
7.7,7.78
5.7,7.11
11.7,10.36
6.9,6.99
14.3,15.17
7.3,7.41
8.9,8.59
4.5,-0.22
6.5,6.76
17.5,13.64
6.1,6.75
8.9,9.0
5.7,11.46
8.1,8.94
12.1,14.32
4.9,5.43
14.67,10.82
10.5,14.61
14.0,16.18
8.0,6.44
9.5,8.92
5.3,6.75
9.5,9.96
8.9,11.1
6.1,8.96
4.9,5.8
21.07,19.13
5.0,5.39
5.0,5.11
16.1,14.27
20.9,14.13
7.0,7.15
6.9,8.2
4.5,5.06
57.33,53.84
20.5,16.42
4.5,5.08
5.5,6.12
6.9,10.23
6.9,8.08
4.5,4.43
4.5,4.89
9.7,11.57
8.5,11.89
9.7,10.9
10.9,13.67
8.5,10.74
10.5,12.04
4.9,5.88
6.5,7.68
10.1,10.67
21.0,15.9
14.9,12.45
57.54,53.4
4.1,5.19
14.9,15.87
4.9,57.32
4.5,5.0
6.9,7.12
12.5,9.15
6.1,6.93
7.7,8.73
9.3,11.99
4.1,11.34
14.0,14.15
8.1,10.64
33.83,29.51
12.0,10.51
14.5,18.71
61.0,65.53
13.5,9.64
14.1,12.34
11.3,11.48
4.2,4.66
7.3,9.09
7.5,7.1
10.1,9.57
8.9,9.54
6.5,7.62
35.33,31.09
49.07,21.1
12.9,13.48
9.5,11.87
4.1,6.46
5.7,6.12
5.3,7.61
5.3,6.1
18.5,19.24
6.0,6.59
6.1,8.39
12.9,10.36
4.9,5.84
5.3,5.92
8.1,9.13
5.7,7.01
13.8,12.71
5.5,5.66
4.1,4.58
4.9,5.05
6.0,6.84
16.5,10.03
16.1,18.3
8.5,10.94
21.5,16.73
5.0,5.05
7.7,9.36
11.5,9.61
4.9,4.23
21.0,20.26
7.5,8.8
14.1,10.42
16.9,19.24
4.9,4.65
7.3,8.29
10.9,12.48
10.5,9.57
30.7,32.03
7.0,8.0
15.5,13.54
6.0,5.42
5.3,5.81
13.7,14.35
10.9,10.52
12.9,17.81
10.5,9.28
4.0,3.75
25.0,18.2
4.9,5.96
17.0,15.48
4.5,4.2
5.7,5.48
47.3,45.57
49.57,52.11
8.1,8.18
10.5,12.63
10.0,9.22
15.7,14.45
45.0,53.81
11.7,10.5
6.5,7.91
57.33,51.46
7.3,7.19
9.3,9.68
7.7,10.35
4.5,4.87
10.2,11.7
8.5,8.3
6.9,8.01
11.0,11.54
7.3,9.68
5.7,6.72
7.7,7.98
28.5,28.82
15.0,14.0
10.0,9.36
4.9,8.02
9.0,9.89
12.0,10.69
7.0,6.98
7.7,8.51
11.7,12.32
5.7,5.59
7.5,6.47
8.5,9.92
21.0,21.34
21.0,16.53
5.7,6.42
4.5,5.71
5.5,4.63
7.3,4.99
6.1,8.13
9.5,9.42
8.9,11.36
10.0,9.62
15.3,18.45
10.1,10.17
13.5,13.55
4.5,4.51
5.7,5.67
4.1,4.71
9.3,12.21
22.0,6.77
4.9,6.4
14.5,13.15
15.5,14.94
11.0,7.8
45.0,10.47
14.0,13.35
8.5,8.04
17.0,17.04
8.5,11.34
7.3,7.97
24.0,18.47
3.7,6.07
7.0,6.11
10.5,10.6
5.3,5.39
4.1,6.17
11.5,9.84
7.0,6.83
4.5,6.22
5.7,6.6
13.0,15.11
6.5,6.77
13.5,8.77
6.9,8.57
17.0,17.32
6.9,7.38
9.3,10.96
8.5,9.51
7.7,7.6
3.3,7.9
8.0,6.31
13.0,10.32
57.33,50.98
6.1,7.17
8.9,8.8
5.7,6.13
8.1,8.75
4.5,6.11
8.9,8.95
5.3,7.35
8.1,7.82
10.0,8.52
7.0,4.97
32.1,45.91
2.5,11.57
7.3,7.03
2.5,11.37
6.0,5.33
7.0,7.38
8.5,8.67
4.1,4.53
10.5,11.11
3.7,4.95
4.5,5.2
7.7,9.02
4.1,8.92
4.1,4.75
8.9,10.37
15.3,8.28
5.0,5.19
8.9,11.37
9.5,8.62
10.5,9.76
4.9,5.35
5.5,7.2
8.5,10.73
7.3,6.68
18.5,24.22
26.0,15.4
9.3,10.58
5.7,5.36
10.1,10.05
61.0,41.66
15.0,14.6
17.3,16.97
7.4,8.0
36.5,34.6
9.0,8.47
12.0,10.21
27.0,18.81
9.0,9.04
11.5,8.36
6.1,8.4
29.87,34.06
12.0,10.35
8.0,9.56
20.0,16.91
4.9,6.2
5.0,5.88
8.1,7.26
4.5,6.51
7.7,9.12
6.5,6.64
13.3,15.09
9.5,11.7
6.1,5.74
7.5,5.38
3.7,4.52
8.9,10.58
15.5,13.97
4.5,6.46
4.9,5.19
7.5,5.86
7.0,6.91
10.1,11.89
11.3,14.54
24.5,19.83
5.0,4.96
7.5,6.93
4.9,5.09
6.5,6.66
14.0,11.99
4.5,4.8
5.3,6.02
7.3,6.75
4.5,5.85
8.0,6.52
7.0,6.8
7.0,6.76
4.5,5.18
12.5,10.51
5.7,6.51
8.0,5.97
3.7,4.83
5.3,6.13
13.7,16.42
6.5,6.98
8.9,11.14
9.3,10.27
5.3,5.74
8.9,10.15
8.5,5.08
13.7,14.25
49.57,49.87
10.5,9.98
5.3,5.66
18.0,15.12
14.5,13.17
13.5,9.16
14.1,15.63
19.5,16.1
5.7,7.59
57.33,51.34
33.33,29.98
5.3,6.7
8.9,6.5
14.5,17.47
9.7,10.83
9.5,10.74
16.0,12.81
8.5,6.98
24.5,25.87
18.0,16.2
5.0,6.57
3.7,4.63
17.5,17.06
17.5,16.02
8.0,4.28
14.0,10.11
28.1,33.71
4.5,5.93
11.5,11.41
3.7,4.9
10.5,9.88
8.0,7.8
5.0,5.42
10.5,6.75
7.0,6.99
16.0,14.52
6.1,6.74
14.9,11.15
11.7,11.19
8.0,6.21
6.1,6.8
10.5,9.01
13.7,7.32
14.0,9.83
9.0,4.97
14.0,11.36
49.8,53.43
8.0,9.52
4.1,5.3
4.5,11.76
5.0,5.18
9.3,10.35
14.5,17.85
12.9,11.54
49.8,54.16
16.9,17.33
11.0,11.53
6.5,6.87
6.5,7.27
9.7,8.67
13.7,17.87
13.7,15.27
8.0,8.66
6.1,13.19
5.3,4.29
8.0,7.36
8.5,5.18
13.0,9.07
17.5,13.67
5.3,6.26
7.0,7.7
7.5,7.3
69.25,75.1
4.1,4.75
6.5,6.29
21.7,17.68
9.3,13.57
6.1,8.12
11.7,14.72
6.1,4.82
12.0,10.64
8.1,6.94
16.1,16.3
9.3,9.92
8.0,6.92
40.54,33.93
11.5,8.5
22.5,25.66
12.0,8.78
19.5,18.68
7.5,6.03
4.0,6.2
5.3,5.86
6.5,5.82
6.5,8.18
27.47,26.94
5.5,4.2
10.9,10.92
12.0,14.79
52.0,47.08
6.1,6.98
23.5,16.1
8.5,9.44
2.5,9.65
10.5,11.86
5.0,6.57
6.0,6.28
7.3,6.77
16.5,17.14
3.7,5.04
5.0,5.42
14.0,11.19
8.1,9.34
5.3,5.84
4.1,5.69
16.5,15.61
8.0,7.88
5.5,5.53
4.5,4.63
3.3,5.2
11.5,7.99
11.7,14.32
6.9,9.44
5.5,7.47
9.0,7.42
11.7,11.58
14.1,14.32
15.0,14.96
6.5,10.15
5.0,6.01
7.0,8.95
49.8,45.62
19.0,16.94
7.0,7.22
6.9,6.37
8.5,7.95
43.0,36.12
6.1,8.27
12.0,13.0
10.5,7.81
10.5,9.11
11.3,12.17
5.7,5.77
12.9,14.59
35.0,26.96
14.0,10.65
6.9,8.45
9.3,8.0
8.5,8.46
8.9,11.09
4.5,5.72
7.3,8.16
8.1,7.46
11.0,11.79
5.0,5.3
7.3,5.8
9.7,12.49
6.5,5.94
5.0,5.39
6.0,7.3
10.5,11.1
11.0,8.36
14.9,17.95
4.5,5.58
15.0,9.1
6.5,7.19
46.5,47.54
6.5,4.87
13.5,11.78
11.0,11.25
33.3,34.17
8.1,19.03
6.5,7.54
4.1,4.7
14.1,10.85
4.9,5.17
8.1,9.36
3.7,5.57
8.5,6.12
8.0,7.51
13.5,12.87
10.1,10.22
2.9,4.57
6.5,6.95
5.5,5.89
8.1,9.46
6.6,5.36
28.67,27.78
14.0,13.95
3.0,4.88
6.9,7.65
4.5,6.42
6.9,10.29
20.5,14.99
6.9,8.09
6.1,7.57
4.5,3.96
6.1,6.14
10.0,8.67
6.5,5.31
4.9,5.77
4.5,6.74
9.3,11.36
8.5,7.87
32.0,25.5
8.9,11.6
6.1,7.38
13.5,13.06
22.5,29.0
4.5,6.5
10.5,10.46
8.0,6.98
7.7,10.47
10.5,19.46
16.0,14.89
7.5,8.69
15.7,17.0
14.0,10.98
11.0,6.49
13.1,12.88
10.1,9.49
8.1,12.55
6.5,6.63
5.0,5.4
6.5,5.67
7.9,5.92
20.5,19.75
9.5,7.25
5.5,6.68
10.1,10.71
8.5,8.15
17.5,16.14
10.9,10.13
3.7,4.89
13.3,14.48
10.1,12.1
14.1,13.13
32.67,31.49
17.7,15.75
7.0,7.22
10.0,11.02
4.0,11.13
5.0,5.87
5.3,6.05
16.0,14.56
9.7,7.05
8.5,7.95
49.8,52.09
13.3,11.14
7.0,7.69
11.0,8.14
3.7,4.42
7.7,10.75
48.04,43.54
6.0,6.22
9.5,9.81
15.5,10.49
5.0,6.69
6.0,7.24
12.3,11.71
5.3,21.21
8.1,7.8
6.9,8.97
6.5,7.47
36.8,33.96
10.7,11.39
5.0,5.79
13.3,15.93
10.1,8.0
20.5,18.18
52.0,5.72
18.9,23.26
6.1,8.03
9.5,6.83
14.1,18.85
6.5,6.5
9.3,10.65
8.9,11.75
9.0,9.3
8.5,8.87
6.5,5.84
17.5,11.39
6.5,5.01
19.7,23.99
6.9,5.61
4.5,5.15
5.5,5.93
10.5,10.45
5.7,5.22
6.5,5.15
8.5,9.41
3.5,4.87
10.1,9.76
7.0,6.65
8.1,7.0
15.0,12.9
6.1,5.75
4.5,4.62
13.5,11.48
7.5,8.11
8.9,8.56
11.7,11.63
10.9,14.54
4.5,5.42
12.1,13.95
8.0,8.35
6.5,6.72
3.3,4.34
6.9,8.85
5.3,6.58
40.83,29.42
8.1,10.39
8.5,6.63
10.1,10.45
3.3,6.13
12.5,9.61
10.1,6.47
11.5,10.66
8.5,8.57
12.5,10.94
9.3,11.67
45.0,49.69
7.5,6.77
4.5,5.59
4.9,4.88
3.7,5.02
6.0,6.16
4.5,4.09
22.5,19.57
6.0,6.68
14.5,8.08
17.7,21.13
28.9,33.97
7.0,7.16
12.0,8.47
7.0,6.44
8.9,28.4
6.5,7.41
5.0,5.88
10.1,8.16
49.15,52.07
29.33,22.47
9.3,10.53
4.5,4.37
8.1,10.99
10.5,10.75
4.9,3.84
4.9,4.58
6.1,7.31
8.1,10.91
22.0,20.1
10.1,7.68
12.0,10.35
4.0,4.31
7.7,9.59
6.9,7.57
3.3,4.48
13.7,13.03
11.5,11.72
12.5,13.52
10.1,12.28
4.1,5.77
8.9,10.0
6.0,4.73
5.3,11.41
7.7,9.56
6.9,7.76
30.67,34.67
8.0,5.41
7.0,6.39
10.0,10.77
19.5,19.25
19.5,19.61
11.5,11.58
6.1,7.09
4.5,5.03
7.0,6.82
8.5,8.88
3.7,4.39
8.9,8.71
9.3,8.23
4.0,3.96
6.5,14.05
6.1,7.15
6.1,6.44
7.7,9.52
6.9,12.99
8.9,9.09
33.8,28.43
17.0,7.9
8.1,5.32
10.5,10.16
6.9,7.35
9.3,9.87
10.0,8.57
27.05,29.49
11.0,11.94
47.5,42.62
8.9,9.79
8.5,7.83
3.3,4.9
8.9,8.44
8.9,9.8
10.0,9.55
9.0,8.43
5.0,3.94
8.9,10.98
7.7,7.95
9.0,7.95
6.9,7.12
22.0,16.55
15.5,17.84
11.0,5.54
13.3,17.01
4.5,10.65
12.9,12.67
24.5,18.09
10.0,8.58
7.7,9.14
3.3,5.56
6.5,7.26
49.8,46.42
5.7,6.75
5.7,6.34
13.5,9.86
6.5,8.29
4.9,6.42
5.3,6.43
5.0,5.62
3.5,4.44
8.5,9.67
6.1,6.76
8.5,8.09
8.5,7.25
12.5,11.57
6.9,7.93
6.5,6.51
5.7,6.38
28.1,10.83
7.5,9.8
4.5,5.22
22.5,21.08
9.7,9.55
8.5,8.79
4.5,4.04
7.0,7.45
7.4,9.03
4.0,4.69
4.9,4.82
7.5,6.69
6.5,8.07
13.0,12.32
18.5,20.63
6.9,8.96
6.0,7.49
10.5,11.78
2.5,13.55
7.7,9.72
4.5,5.82
8.9,10.84
6.0,7.43
10.5,10.7
5.5,6.42
8.0,9.02
4.5,4.69
6.5,9.48
7.5,7.79
9.7,10.19
8.0,8.03
13.3,10.36
7.5,5.79
9.3,9.55
9.3,10.2
6.5,5.87
8.5,9.06
19.3,17.75
5.0,5.67
9.3,10.2
9.0,11.86
6.5,7.55
9.5,9.83
4.0,8.4
6.9,7.94
4.5,6.39
17.0,16.25
8.0,9.0
6.5,8.96
13.0,11.98
16.1,15.96
4.1,4.26
16.0,14.85
12.1,12.58
5.5,6.17
7.3,10.51
8.9,11.03
9.7,11.18
7.5,9.0
6.5,5.31
55.5,44.17
15.0,11.21
13.7,13.96
10.5,11.04
4.9,7.07
5.3,5.7
5.3,6.81
11.0,7.73
8.5,9.72
7.7,8.09
3.7,4.37
17.7,18.49
6.9,8.18
8.5,7.46
23.5,20.86
24.67,25.85
4.9,5.27
24.1,24.11
4.5,5.4
11.0,12.55
6.9,8.82
6.9,6.64
4.9,11.38
15.3,17.16
7.5,7.9
7.7,8.9
10.5,6.99
13.0,13.25
14.0,10.1
3.7,4.41
4.1,5.53
6.9,8.9
8.5,7.72
9.3,9.92
14.5,6.88
6.1,6.98
12.5,8.42
3.5,4.58
10.0,7.7
11.7,19.47
7.0,4.97
10.9,9.16
6.1,7.74
4.5,6.07
3.3,12.42
8.5,9.35
8.5,8.23
16.5,13.59
13.0,11.12
8.1,7.96
4.5,5.5
7.7,6.11
13.1,14.47
8.1,9.26
4.9,5.7
7.3,8.67
25.7,19.35
4.5,5.67
4.9,6.36
13.7,15.84
40.5,39.97
12.0,11.51
8.5,6.27
11.3,12.09
7.5,7.28
7.5,7.36
7.5,6.74
4.9,6.61
7.7,9.35
11.7,12.73
14.5,13.92
8.9,10.85
10.0,8.35
3.7,3.8
4.5,4.8
19.7,21.43
4.1,4.73
4.9,7.45
7.0,6.54
5.5,5.92
7.0,6.45
9.3,21.64
7.3,8.29
19.0,15.31
11.5,10.84
8.1,10.1
52.0,53.14
4.1,4.67
5.7,6.27
4.0,4.09
14.5,11.67
9.7,7.25
12.5,10.71
10.5,10.55
10.0,7.67
5.5,5.15
13.3,15.51
37.0,31.28
8.5,9.66
5.7,6.42
6.9,8.5
7.3,8.16
24.1,30.16
11.3,16.01
20.9,20.26
57.33,52.72
6.5,6.03
20.5,16.96
3.0,5.07
7.0,7.6
8.0,7.22
4.1,5.95
11.3,12.51
5.3,7.26
4.9,5.9
12.0,10.54
9.7,9.9
8.9,12.08
4.5,5.75
5.0,6.49
3.3,5.45
6.5,6.94
4.5,5.12
13.0,8.95
9.7,8.92
5.3,5.79
5.5,5.56
13.5,10.73
14.0,13.21
22.9,22.91
7.5,6.51
5.5,5.97
6.9,6.83
6.0,5.64
6.0,5.89
6.1,6.26
6.0,5.8
6.5,4.95
14.5,9.93
19.0,18.08
49.57,53.79
27.47,30.15
4.1,5.31
15.3,16.58
14.5,17.18
8.9,5.73
7.5,6.04
15.3,16.84
5.0,5.08
8.1,8.67
11.7,15.12
6.5,5.84
12.1,12.17
17.0,18.4
11.0,7.66
15.3,17.54
5.7,7.55
18.5,17.08
49.8,51.26
7.7,8.86
9.3,9.52
17.5,15.81
5.7,6.95
9.5,9.79
9.7,11.46
8.1,7.41
5.3,5.56
6.5,6.17
5.7,6.67
9.7,10.7
4.5,5.46
8.5,10.05
5.7,6.27
4.1,5.69
6.5,6.78
14.0,12.88
14.1,12.77
10.5,11.17
5.7,7.37
7.7,6.49
6.5,8.07
8.1,8.73
6.5,7.95
15.9,16.41
13.0,12.17
3.7,5.52
9.7,8.15
49.8,50.28
14.9,11.51
40.33,35.93
5.7,7.01
6.5,9.27
5.7,4.67
49.83,36.85
7.7,8.32
18.5,11.4
8.1,10.25
17.3,16.5
4.1,12.49
56.0,52.39
4.5,10.35
4.9,7.63
13.7,12.88
7.5,8.29
10.0,9.89
11.7,13.77
19.5,17.68
9.7,11.01
5.5,5.44
7.3,7.76
6.0,5.92
4.5,9.4
16.5,11.8
6.1,6.82
7.3,6.55
6.0,7.56
7.3,7.96
7.3,8.48
4.1,10.27
10.5,10.85
9.0,11.76
33.7,12.25
7.5,6.57
4.1,5.93
4.9,6.04
10.9,10.31
6.9,7.61
3.3,4.81
8.9,9.69
11.5,10.36
15.5,15.44
11.0,9.86
20.1,19.24
15.5,12.65
45.0,12.39
21.3,22.17
12.1,14.34
9.7,10.15
5.7,6.55
6.1,6.14
4.9,5.29
7.0,9.73
28.0,19.23
13.7,10.09
4.1,5.49
12.0,10.85
6.5,6.47
9.3,10.3
13.5,10.08
14.5,16.26
5.3,5.72
4.5,7.27
5.7,6.38
4.9,4.21
28.1,31.16
5.5,6.65
6.5,6.18
5.7,7.88
3.5,7.23
7.5,6.28
10.5,9.42
3.5,4.1
6.1,5.16
5.7,6.45
18.1,15.37
6.9,7.3
6.5,8.24
15.0,11.11
10.9,7.94
4.9,6.42
8.5,6.4
15.7,24.78
8.9,9.33
12.5,10.69
4.9,6.13
14.0,8.37
10.1,10.15
4.5,5.18
3.3,4.33
5.7,5.95
2.5,12.4
4.5,4.89
5.3,8.11
6.5,4.94
18.0,16.85
4.1,7.64
7.0,8.05
35.83,32.79
6.0,6.59
6.9,7.01
9.7,11.49
41.0,44.31
49.8,52.68
18.5,21.03
6.5,9.53
14.5,17.33
5.7,7.18
25.5,13.76
4.1,4.48
15.5,8.57
10.9,10.05
7.5,7.5
7.7,9.16
13.3,13.34
23.7,18.93
5.7,7.22
8.5,8.83
32.33,29.4
4.9,6.28
20.5,14.24
7.3,9.28
9.5,9.66
5.0,4.15
7.3,5.57
8.9,9.45
5.3,7.63
5.7,5.82
8.5,7.08
13.0,10.2
7.7,14.07
12.9,10.89
13.7,10.51
38.0,34.38
7.0,6.94
13.5,10.21
26.0,18.09
10.0,9.0
7.4,8.71
10.1,8.95
10.0,8.37
8.0,5.61
14.9,12.67
8.5,7.47
9.0,9.12
5.7,10.29
13.5,13.68
23.5,25.26
5.3,13.48
11.3,10.74
17.0,13.72
6.5,7.22
8.5,8.71
12.5,13.08
21.0,19.64
14.0,11.84
8.9,7.56
6.0,6.7
15.7,17.7
7.7,8.22
8.5,12.05
35.5,35.63
23.0,26.14
19.3,22.07
2.5,5.58
6.1,7.43
8.1,10.1
31.0,29.62
17.5,15.34
7.5,7.02
11.3,10.59
49.57,51.42
9.3,10.35
5.0,5.34
5.3,5.21
3.7,4.28
19.5,18.15
15.0,13.19
5.3,8.02
20.5,14.43
16.1,17.54
8.1,11.24
7.5,6.85
9.3,8.82
14.9,14.0
12.5,11.65
11.8,13.64
28.9,32.47
12.1,14.94
12.5,10.82
3.3,4.75
7.7,9.2
6.5,7.11
4.5,5.86
6.1,7.33
7.3,7.3
7.3,8.38
6.0,6.28
14.9,14.62
15.7,15.9
11.5,11.84
11.5,10.79
14.1,13.62
7.0,8.2
32.27,49.19
6.5,6.76
10.1,10.8
5.3,9.13
14.83,6.66
12.0,12.86
4.9,5.4
17.5,13.06
9.5,10.22
6.5,6.23
9.7,10.76
11.5,9.92
10.9,13.58
4.5,5.96
7.3,9.29
4.5,5.34
5.7,5.2
10.9,13.35
10.1,7.73
6.9,8.68
4.9,6.53
14.5,16.13
9.0,8.45
4.1,4.63
21.3,23.94
20.9,35.55
58.7,70.97
10.5,10.09
6.5,6.41
3.7,4.93
16.0,17.2
15.5,15.1
24.5,17.7
11.3,13.33
11.5,9.59
4.5,8.47
19.5,15.2
7.3,7.64
16.1,14.7
73.5,66.83
10.5,8.08
4.9,5.42
6.0,9.25
11.3,13.89
10.9,11.56
22.0,21.44
4.1,4.78
10.0,10.16
4.1,4.93
6.5,7.49
6.5,7.02
49.57,50.66
14.5,12.78
6.5,5.66
12.5,6.93
5.5,5.28
10.0,10.82
29.5,33.36
4.5,5.12
8.1,8.29
8.9,5.42
10.0,11.48
20.27,20.8
6.9,6.04
10.0,7.65
5.5,6.84
35.0,26.87
5.0,4.85
5.7,13.11
3.7,4.6
14.5,12.28
13.7,13.93
4.1,4.36
9.7,10.11
11.3,15.55
4.1,5.62
4.1,4.98
35.83,33.42
21.5,19.86
10.0,9.64
4.5,6.03
6.1,6.97
10.5,13.02
6.0,6.07
16.5,17.03
2.9,5.22
3.7,5.16
8.5,7.42
4.5,4.71
12.1,12.88
33.5,30.95
5.7,8.45
2.5,14.22
4.5,4.84
8.0,4.78
3.7,3.75
8.5,10.78
21.0,17.07
5.7,6.88
7.3,6.58
8.9,8.35
6.5,7.83
10.1,11.87
12.1,13.14
14.5,13.67
13.0,12.42
42.1,49.5
6.1,6.88
9.3,9.63
6.0,6.48
11.0,8.04
47.83,43.31
21.5,12.32
23.0,12.76
14.5,17.08
7.5,8.29
4.5,5.85
49.8,51.21
11.5,7.71
4.1,4.72
13.3,12.81
7.3,7.58
4.5,6.56
3.7,3.9
22.0,19.76
20.0,11.7
5.7,6.77
31.3,31.91
6.9,8.94
4.9,6.46
15.3,11.8
20.5,19.5
6.1,7.78
12.0,9.83
19.07,21.29
8.5,7.98
12.5,16.09
8.5,6.4
7.0,6.65
4.5,5.35
7.7,8.62
5.3,5.99
18.0,14.51
6.9,8.38
22.5,22.47
6.0,7.22
6.1,8.6
45.04,38.59
8.5,6.75
10.5,11.16
8.5,6.95
7.3,9.02
19.1,21.93
14.9,12.56
36.5,35.6
19.7,20.57
11.5,11.69
8.9,10.33
8.9,11.58
11.0,10.51
7.0,5.77
3.0,13.8
2.5,12.59
4.1,4.31
11.5,9.86
5.7,7.28
14.5,12.62
7.5,6.91
8.5,9.08
7.0,6.72
12.9,15.58
9.3,12.16
11.5,11.5
11.3,14.92
9.5,7.38
9.0,8.62
5.5,6.8
10.0,7.85
8.5,11.86
9.3,9.86
8.1,8.94
11.0,11.8
57.33,54.72
8.0,5.59
8.9,11.39
5.7,8.48
11.5,7.6
8.5,9.24
6.1,7.05
14.1,15.34
6.0,7.11
9.3,9.79
4.0,4.98
20.1,5.91
6.1,6.0
6.0,5.48
4.9,5.0
15.3,17.29
220.0,17.3
9.3,10.58
6.1,6.68
6.1,7.91
5.5,5.12
8.1,9.4
10.9,11.87
4.9,6.84
4.0,5.49
5.3,7.99
8.9,11.02
18.5,18.3
7.5,6.49
8.5,9.24
4.0,5.39
5.0,3.91
20.5,24.7
9.3,11.67
11.3,18.74
11.5,11.91
35.33,29.22
7.7,8.06
5.0,5.48
6.5,6.72
10.5,10.51
8.9,13.07
5.7,6.61
16.5,11.54
26.0,27.52
9.5,7.97
9.3,9.73
14.5,13.81
11.3,13.04
5.5,5.55
14.9,19.64
10.5,9.78
4.9,5.95
9.3,10.76
4.1,5.45
8.0,7.21
14.1,18.94
4.9,5.09
7.0,7.71
4.1,5.1
9.0,8.16
12.1,13.29
10.0,9.64
7.7,9.15
33.87,33.24
9.0,16.9
5.3,5.18
10.5,12.7
8.0,7.96
6.5,9.81
4.5,5.38
10.0,9.28
4.5,6.54
25.5,25.54
8.9,10.91
10.5,8.5
11.3,13.67
11.5,11.22
8.1,6.03
6.9,7.98
7.7,10.77
5.0,3.82
9.7,9.81
30.5,20.8
9.7,8.15
14.1,13.73
15.0,9.24
14.5,14.23
21.5,17.21
6.5,7.43
6.5,6.23
8.0,8.8
7.3,7.78
13.3,16.51
12.5,11.9
7.5,9.3
17.5,16.06
3.7,6.12
9.3,7.15
14.5,11.73
12.0,9.28
4.5,6.75
10.5,12.39
5.7,6.88
5.0,5.85
8.9,8.15
5.7,8.05
8.0,6.8
5.5,4.43
10.5,11.08
4.5,6.32
9.0,9.86
5.0,4.7
12.1,10.03
9.0,7.5
6.5,12.09
4.9,6.85
12.0,12.42
27.0,18.68
9.7,13.29
7.3,7.59
29.8,28.66
17.3,16.07
6.5,7.71
12.5,11.34
32.83,29.81
7.5,6.52
9.0,8.58
4.5,5.81
8.0,8.45
4.1,5.94
13.0,13.63
6.1,6.28
6.5,7.62
4.5,5.02
30.9,33.96
13.3,15.85
27.3,30.38
3.7,4.61
12.5,15.36
15.7,16.83
16.5,19.99
8.9,9.38
6.5,7.77
27.7,31.24
7.0,6.63
9.0,8.84
3.7,9.31
8.5,7.66
4.5,5.37
6.0,5.31
5.7,8.25
3.3,5.19
12.0,9.85
6.9,7.73
10.9,10.12
14.0,13.31
10.9,12.02
9.7,10.95
8.9,10.18
20.5,9.29
8.1,9.31
25.05,26.74
18.1,17.84
14.1,16.73
5.5,11.16
4.5,5.46
7.5,6.84
10.5,9.32
10.0,9.26
8.1,10.66
11.0,11.55
5.0,5.52
5.0,6.22
6.9,7.51
5.3,5.68
9.3,7.16
13.5,10.1
17.5,16.2
6.9,9.02
3.5,3.95
13.0,9.36
14.9,14.6
18.5,16.51
7.0,7.02
49.8,52.68
7.3,7.39
8.0,6.57
5.3,6.81
9.3,9.61
9.5,8.14
12.0,12.59
8.5,9.31
11.5,8.53
18.0,15.29
6.0,6.41
17.5,9.24
7.0,7.41
9.5,10.1
3.7,4.83
6.5,6.35
15.7,12.3
9.3,12.14
15.7,15.11
9.7,10.47
4.9,5.43
6.6,6.23
8.0,7.35
11.7,11.89
16.5,19.32
9.3,10.03
10.5,9.6
3.5,4.08
4.0,3.82
9.3,10.07
9.3,9.0
9.0,6.05
9.0,7.1
4.0,9.31
4.5,5.08
21.0,16.79
22.3,26.84
9.0,7.89
6.0,5.61
5.3,5.73
5.0,5.24
4.9,10.37
8.9,15.27
9.5,7.33
7.0,6.34
39.33,36.86
11.3,9.8
6.9,5.08
8.9,10.27
4.1,6.13
7.0,7.38
6.5,7.86
4.1,4.66
7.7,7.75
6.9,7.6
10.5,10.09
10.1,10.85
11.0,9.54
13.3,18.08
5.5,7.18
11.3,11.72
16.1,19.85
4.1,5.94
6.6,7.12
9.5,7.88
12.0,10.38
6.5,6.2
10.0,11.31
8.1,7.65
13.0,11.65
6.5,6.42
19.0,11.96
4.5,5.01
13.0,12.22
14.1,13.72
4.9,6.4
7.5,8.52
49.15,5.47
27.0,16.77
25.47,26.31
52.0,14.2
9.0,8.49
11.0,10.43
6.9,8.19
10.5,12.67
10.5,10.87
49.8,54.94
13.0,9.5
6.9,7.22
5.3,5.95
80.0,68.75
8.0,8.16
5.0,6.08
7.5,7.14
6.9,8.27
5.7,9.41
6.1,7.07
8.1,8.23
11.5,11.0
7.7,9.18
10.9,7.14
11.7,12.31
10.5,9.77
4.5,6.48
6.1,6.84
8.9,13.61
5.7,6.78
52.0,50.64
13.7,17.47
14.0,12.66
6.5,6.13
9.3,10.65
3.7,5.4
3.3,3.78
10.9,10.97
5.0,5.69
15.5,20.4
10.9,10.69
12.9,13.33
6.9,6.33
15.0,12.4
32.5,26.11
5.5,5.14
14.5,14.63
8.9,7.85
8.0,8.18
18.5,16.61
10.5,12.25
9.7,11.6
3.3,3.86
7.5,7.52
10.0,9.57
13.3,15.04
10.5,9.93
4.5,4.85
6.5,5.56
7.3,7.61
7.0,9.7
6.9,7.17
11.0,9.95
10.5,12.82
17.5,16.02
20.5,25.91
7.7,41.36
4.9,5.89
5.0,6.92
16.9,14.22
7.7,6.34
11.5,9.28
9.7,8.71
35.5,40.8
8.1,9.69
11.3,13.29
6.0,6.27
4.1,14.76
4.1,3.75
9.0,9.31
8.5,7.52
16.0,12.98
8.9,11.29
5.7,6.12
14.9,15.78
4.5,7.05
19.5,16.18
49.57,52.55
3.0,10.16
10.1,9.66
6.6,7.08
9.5,8.22
30.0,27.19
14.1,14.05
11.5,10.17
9.3,10.75
12.0,9.96
8.5,8.77
40.04,32.99
18.5,16.01
7.5,7.89
3.5,5.01
9.3,8.23
6.9,6.43
6.1,6.53
5.3,7.19
17.3,17.6
8.1,7.32
9.3,9.64
9.7,9.94
9.7,9.91
6.9,6.16
8.1,7.84
6.5,17.12
9.3,9.51
7.3,6.48
18.9,15.86
7.0,6.04
8.5,8.89
6.1,7.41
14.0,10.44
17.5,12.3
36.5,34.35
4.9,6.27
13.7,15.74
7.0,7.52
8.0,8.5
19.0,13.4
6.0,5.82
6.0,4.46
7.7,7.63
17.3,8.77
5.0,5.98
7.3,7.04
5.3,6.41
21.0,21.29
19.5,18.24
26.67,31.85
9.5,8.19
4.5,3.99
11.5,7.36
10.0,8.29
10.1,13.31
5.7,6.23
13.5,7.96
5.5,6.72
5.3,13.7
7.0,7.75
5.5,6.64
8.9,9.66
16.9,17.19
16.5,21.35
4.1,4.92
40.0,38.26
7.0,5.54
4.1,5.21
6.5,5.91
11.5,8.59
10.5,7.29
10.0,7.59
4.9,4.76
4.5,4.83
9.5,9.5
11.7,10.44
7.5,7.82
9.7,13.48
4.9,6.15
7.3,8.87
7.3,7.07
7.3,6.66
4.9,5.55
4.1,5.61
17.3,20.02
6.1,7.08
28.27,33.32
7.0,6.98
11.0,6.3
5.7,6.27
5.0,5.62
13.3,14.62
11.7,9.99
8.5,7.75
5.7,13.35
7.7,7.4
8.0,9.84
4.5,4.4
5.7,5.46
6.9,6.4
16.0,14.84
4.5,5.45
3.0,54.44
6.9,9.47
17.0,18.44
34.9,30.62
18.0,14.02
8.5,10.03
11.7,14.91
4.9,5.11
93.5,75.45
7.7,7.28
4.5,4.62
13.0,10.73
13.7,16.45
6.1,13.01
12.5,10.48
6.9,5.31
11.3,10.82
12.0,13.83
5.0,5.84
8.0,7.61
42.1,31.05
4.0,4.76
14.5,9.62
11.0,10.51
5.5,5.07
3.7,3.44
11.3,11.35
3.5,5.2
4.9,5.38
16.5,15.8
8.5,9.73
6.1,7.79
5.3,5.92
6.5,7.83
7.0,7.45
5.5,5.63
4.5,4.95
10.1,11.11
5.5,5.98
3.9,10.82
8.5,11.0
11.3,9.39
11.5,6.96
14.1,16.1
11.0,9.89
3.7,5.76
4.9,6.91
5.5,5.74
7.3,9.19
8.0,7.82
4.1,4.48
14.5,24.97
10.1,14.88
24.1,30.86
4.1,4.5
6.1,6.17
12.0,12.33
5.0,5.2
5.5,7.27
6.5,7.75
5.3,5.38
12.5,10.61
7.7,7.92
56.8,46.12
8.9,10.88
44.33,34.41
11.0,9.48
3.3,6.18
7.3,6.24
21.0,12.69
4.9,13.01
6.0,6.63
9.5,7.97
13.0,11.31
3.7,4.55
6.0,6.34
20.5,18.42
4.1,7.51
11.7,10.45
6.7,5.87
15.5,10.35
10.5,8.17
9.7,11.58
6.5,7.5
7.0,6.31
8.0,9.11
18.0,17.46
5.5,5.96
9.0,8.18
12.1,9.37
12.9,12.68
6.1,7.09
3.7,4.28
8.5,4.9
4.5,5.21
11.5,7.39
4.5,4.87
14.5,16.81
9.0,8.52
5.5,6.12
20.0,14.18
6.0,6.18
12.9,14.72
3.5,6.48
8.5,7.64
9.3,11.19
7.0,6.01
5.7,12.63
9.0,9.21
8.5,8.67
6.5,5.69
7.3,6.6
13.5,10.85
8.0,7.18
7.7,7.92
9.5,10.39
39.8,32.81
18.0,10.63
14.9,18.19
6.5,7.02
8.9,8.14
7.7,9.43
10.0,8.56
7.5,8.73
5.0,4.63
5.7,6.5
5.7,4.85
4.1,5.44
4.5,5.48
13.5,12.36
6.5,9.36
4.9,4.74
11.0,11.72
8.0,7.79
9.5,8.74
6.9,10.39
17.7,18.86
4.1,5.62
8.1,9.69
5.7,6.92
7.3,8.23
11.0,11.04
38.5,37.04
4.9,5.76
6.1,7.88
15.0,14.81
20.0,14.02
7.7,8.06
5.0,4.67
7.5,8.7
5.7,6.67
4.5,5.48
9.7,13.89
8.5,12.01
8.0,5.87
4.1,5.6
4.5,6.05
5.5,5.46
8.5,10.95
4.1,5.83
4.5,10.18
10.9,13.56
7.3,6.84
3.7,4.53
11.5,10.92
12.5,12.56
6.0,5.37
4.5,5.51
15.5,13.58
5.5,6.25
9.7,10.64
4.9,10.76
11.0,10.59
27.0,24.47
14.5,19.43
14.9,11.99
26.1,30.11
57.33,49.83
6.9,12.47
8.9,10.0
5.7,6.56
7.0,6.16
5.7,6.27
7.3,7.58
6.0,5.62
8.0,5.97
17.0,15.89
7.5,6.1
2.5,21.47
49.57,50.94
4.9,4.93
11.7,11.11
28.83,25.7
11.5,9.48
6.1,8.07
9.3,10.42
3.3,4.37
14.5,11.27
4.5,5.85
15.0,15.85
14.1,10.06
10.0,9.05
8.1,8.4
6.1,6.77
6.5,9.03
7.7,9.08
6.5,6.74
11.7,11.05
12.5,15.89
3.3,4.29
17.3,17.5
10.5,9.8
8.5,6.88
9.0,8.11
4.0,4.33
5.0,6.39
7.3,8.78
12.1,10.61
13.5,13.74
8.5,9.09
13.7,16.2
3.7,4.1
7.3,9.79
24.5,24.05
20.5,23.63
5.7,6.43
7.0,7.32
11.5,9.71
4.1,4.91
9.7,13.4
23.3,32.51
20.1,15.11
11.0,9.97
16.5,21.05
4.5,3.65
6.9,8.21
7.5,7.62
6.5,7.76
4.1,5.58
5.3,5.32
10.5,8.51
22.5,19.12
10.5,12.3
8.9,9.96
8.1,44.65
6.5,6.03
9.5,8.36
11.7,12.29
7.5,15.03
6.9,6.11
15.3,17.18
6.5,7.62
8.9,10.2
3.7,4.83
2.9,7.57
8.5,8.97
5.3,6.77
12.1,4.4
9.3,11.28
7.3,12.16
4.9,9.87
6.0,6.66
6.1,7.48
11.7,12.55
8.5,7.74
5.7,5.8
6.9,7.84
6.1,6.86
3.7,3.48
5.5,6.45
4.5,5.41
7.0,7.68
28.1,35.67
6.9,7.73
23.87,28.43
27.7,32.75
2.5,6.35
6.5,5.62
6.9,5.79
6.0,6.74
7.5,7.58
9.7,13.23
14.5,11.25
18.5,15.78
11.7,12.58
5.0,5.24
16.5,14.36
3.7,3.9
7.0,5.74
27.47,24.54
14.0,15.01
10.5,10.7
18.5,15.31
5.7,5.84
16.9,34.29
57.33,52.29
7.7,9.59
22.0,24.13
5.5,6.14
4.1,4.94
8.1,8.84
5.0,4.95
4.9,5.67
4.5,5.8
8.1,7.41
8.5,7.07
19.0,17.94
10.1,10.73
5.7,6.16
7.7,8.21
12.0,12.79
5.0,4.69
5.5,5.98
10.5,11.77
3.7,5.78
6.9,7.74
3.7,5.44
12.5,9.46
4.5,5.39
5.3,5.39
14.5,16.32
10.5,6.77
4.5,4.63
6.1,7.14
5.3,5.95
6.1,8.24
10.9,13.41
6.5,6.72
5.3,7.48
4.9,6.34
9.7,8.44
5.5,6.57
10.5,9.58
14.5,9.94
9.0,11.56
19.3,17.73
6.1,7.59
6.5,4.99
10.0,8.66
6.9,7.21
5.7,7.9
7.7,6.97
3.7,5.29
7.3,10.25
6.0,7.49
30.5,34.92
5.3,11.72
5.7,4.82
7.0,6.66
8.0,8.14
4.1,4.61
5.3,5.58
14.1,15.92
6.5,6.17
3.7,5.45
6.5,7.22
9.5,9.87
8.1,9.96
8.1,9.76
4.5,7.98
10.5,8.12
11.3,11.95
12.9,12.2
6.9,7.64
6.9,9.71
6.5,6.89
6.1,7.13
9.0,9.68
12.1,11.5
7.7,8.22
7.7,8.14
5.5,4.74
6.1,9.4
14.0,23.38
8.5,9.9
21.7,20.4
6.5,6.72
8.9,9.47
8.9,34.76
6.5,6.69
18.0,15.72
8.5,9.18
12.5,13.21
5.3,6.94
20.5,11.86
10.0,7.6
6.5,5.83
9.5,9.38
10.0,10.62
8.1,8.91
7.3,10.21
12.0,7.35
8.5,8.65
17.0,15.33
17.5,14.92
29.6,28.99
6.0,7.67
8.9,10.52
6.5,6.06
14.9,14.35
7.7,8.06
6.1,8.37
7.7,8.43
8.5,8.29
49.57,52.04
16.9,19.71
14.5,12.6
8.9,8.89
14.1,15.22
10.9,13.66
15.3,14.58
10.5,9.36
9.5,8.44
8.1,7.38
16.5,11.47
18.0,17.19
6.1,5.62
4.1,5.53
9.9,11.89
24.1,17.66
7.7,9.05
49.8,51.77
48.33,38.85
7.3,8.15
11.5,10.95
7.0,6.14
4.1,6.24
9.7,11.93
16.0,15.24
6.5,6.82
8.5,5.74
30.04,26.28
4.5,4.61
11.5,9.38
11.5,9.44
17.7,17.65
6.5,5.36
6.1,8.79
5.3,5.78
10.0,8.09
12.5,6.5
6.5,6.71
6.5,5.97
7.3,7.6
11.3,12.45
12.5,11.89
6.2,5.85
5.7,7.69
5.3,8.05
7.3,9.01
25.0,19.93
6.5,7.21
6.9,13.07
24.5,21.81
11.0,8.87
18.5,9.1
34.5,38.59
8.1,9.69
13.7,11.41
13.0,10.28
15.7,15.77
4.0,4.78
6.5,8.98
5.0,4.95
77.5,74.26
15.0,12.87
5.3,4.91
7.0,6.93
8.5,10.33
5.3,5.2
6.1,8.49
4.0,5.36
6.5,8.15
12.9,12.95
3.7,4.74
9.3,10.16
11.0,8.93
6.1,7.05
9.7,9.22
7.0,7.0
10.5,10.73
8.1,8.67
7.5,5.72
10.0,10.97
11.7,10.51
6.9,7.08
25.0,29.04
4.5,6.55
4.9,4.53
11.3,11.56
4.9,11.09
8.5,8.73
10.9,12.91
37.83,31.29
11.0,11.12
18.0,17.94
7.7,7.8
8.5,9.79
5.3,7.27
19.7,19.55
14.9,14.98
11.0,11.13
5.5,6.22
5.3,6.01
4.1,5.05
27.33,24.82
8.5,9.14
26.0,24.73
16.9,12.89
5.3,5.95
6.1,6.25
22.5,24.52
5.7,5.99
6.5,6.46
4.1,5.72
6.0,6.49
13.5,12.12
7.3,6.66
15.3,16.49
55.0,45.02
17.0,13.44
6.5,6.51
10.1,10.85
9.0,9.46
15.3,19.52
6.5,9.78
49.8,51.73
2.5,9.0
7.5,7.16
5.0,5.8
6.5,7.39
5.5,5.56
6.5,6.54
5.7,7.12
15.5,10.74
4.5,4.5
6.5,8.16
7.5,7.7
11.0,8.67
8.1,10.78
5.7,6.0
5.0,4.9
17.5,14.2
14.1,13.83
11.3,11.87
4.1,4.93
6.5,5.23
14.0,13.89
33.5,26.88
18.9,15.8
4.9,5.17
5.5,4.84
10.5,13.06
7.0,7.8
7.5,9.73
54.57,43.22
6.5,6.49
6.0,19.7
49.57,50.83
6.1,6.51
8.0,9.75
2.5,9.9
8.1,10.42
9.3,9.63
5.0,6.03
23.0,17.3
7.7,8.95
14.1,16.35
20.9,14.42
13.0,11.57
8.9,6.67
15.0,16.61
6.9,8.23
4.9,3.84
11.5,9.97
8.5,7.83
10.0,10.43
23.0,21.7
4.1,4.73
9.5,9.86
4.9,5.68
17.7,17.55
21.3,22.29
13.7,8.34
8.1,9.47
9.0,9.0
7.3,8.81
5.5,5.78
14.5,17.81
17.0,15.16
29.47,35.9
8.0,7.2
9.7,10.24
20.1,17.54
5.0,6.06
2.5,9.0
27.7,29.94
11.3,10.94
6.1,9.71
8.1,8.64
15.5,10.13
10.1,11.14
5.7,6.78
9.0,7.7
10.9,14.19
7.0,5.51
10.5,7.88
4.9,4.52
3.7,4.9
6.0,6.26
5.5,7.27
14.5,14.2
5.3,4.36
11.7,12.39
13.0,7.98
7.3,6.5
7.0,7.32
11.0,10.7
14.9,16.15
4.5,8.6
9.3,9.5
5.7,7.36
4.1,6.17
7.3,9.57
4.5,5.0
19.3,18.02
2.5,16.34
21.0,19.21
8.9,4.81
4.1,4.5
13.7,16.88
57.33,52.02
8.1,9.2
18.5,16.67
10.9,13.31
18.0,15.63
16.5,16.64
9.5,9.57
24.1,17.67
5.5,6.13
6.9,7.41
4.0,4.26
17.7,17.41
10.0,8.2
9.7,10.73
12.1,13.01
9.3,10.41
6.0,4.75
11.0,9.54
9.5,8.82
9.3,7.83
9.0,9.49
3.5,15.11
52.0,49.27
4.1,4.37
31.33,30.33
8.5,8.85
7.5,7.09
11.5,12.59
33.8,25.02
6.9,6.63
42.9,52.06
6.0,5.34
5.3,4.89
14.5,18.98
9.3,10.44
6.5,5.44
7.3,9.34
6.5,6.27
11.3,12.65
9.3,12.2
5.7,5.84
30.5,28.53
5.5,4.8
3.7,5.58
6.0,5.25
4.9,5.08
8.0,8.37
4.5,4.84
8.0,10.71
8.1,10.79
3.5,4.8
53.5,42.27
10.0,11.18
8.1,7.01
4.9,6.53
12.5,13.26
7.7,9.74
6.9,7.57
13.0,8.2
6.9,7.12
33.33,30.62
6.5,6.42
12.9,12.75
11.0,8.99
5.3,6.93
23.0,9.2
13.0,10.49
5.0,5.85
6.9,8.98
6.5,6.72
24.5,19.61
9.5,11.56
20.1,17.78
6.5,21.96
10.5,12.42
57.33,50.61
6.1,7.51
5.5,6.0
6.9,6.6
15.8,14.13
8.5,9.82
9.3,11.78
7.5,5.93
12.0,11.15
4.1,4.83
6.0,6.07
18.1,13.09
8.9,10.0
8.9,10.43
5.5,4.81
10.0,6.67
7.7,7.73
4.9,6.76
7.0,8.33
27.0,24.63
6.1,8.06
14.0,11.69
14.0,9.91
6.5,8.77
20.0,16.18
13.0,14.54
4.5,5.27
4.9,6.13
7.7,8.19
13.0,11.77
8.5,6.81
7.5,8.37
10.9,5.98
7.7,10.31
8.9,10.19
9.0,6.13
10.5,14.23
4.0,4.47
8.5,5.53
8.5,7.61
33.33,30.44
5.3,5.7
4.5,5.88
7.0,6.65
10.5,7.87
23.0,19.76
7.3,6.82
10.9,13.31
6.1,7.34
6.5,8.72
5.7,5.8
6.5,5.62
9.7,8.93
33.83,30.17
5.0,16.23
17.5,15.1
14.0,10.51
13.5,12.22
17.4,17.06
3.7,6.13
49.8,52.43
9.7,8.2
3.3,14.08
12.5,9.43
15.0,10.27
5.7,5.04
57.33,51.2
41.3,36.04
5.3,8.01
6.9,6.31
11.0,11.38
3.7,5.94
5.3,7.12
8.5,8.77
11.5,8.58
7.0,5.69
7.7,9.11
11.3,17.13
5.3,6.18
6.0,5.87
6.5,6.89
12.0,7.24
7.5,8.2
11.0,9.97
4.5,4.68
5.3,7.08
10.1,4.71
23.7,17.22
6.5,5.89
7.7,9.51
12.9,11.12
12.5,9.41
15.0,10.29
9.0,7.9
13.0,10.3
57.54,51.57
16.0,14.0
10.5,11.15
3.7,5.11
13.7,42.97
9.7,7.49
5.5,5.78
9.3,10.58
18.1,20.66
6.1,6.25
14.5,13.89
4.9,5.8
10.1,12.88
6.5,9.23
5.7,13.1
5.0,4.57
6.5,7.96
8.9,8.82
4.9,5.8
9.0,11.38
7.0,8.6
10.5,11.42
31.47,29.08
8.9,9.25
10.5,10.66
7.0,7.22
26.6,30.0
5.5,4.52
9.0,6.93
5.3,7.17
3.3,3.66
9.7,8.57
13.0,12.73
13.0,12.06
7.5,8.69
10.1,13.36
5.3,5.32
10.1,10.21
11.7,15.54
7.3,8.9
8.1,10.17
8.5,8.85
52.0,54.18
7.0,6.28
10.5,9.39
5.3,6.99
17.0,13.59
4.5,6.0
16.0,14.87
7.0,7.52
11.0,9.73
12.9,17.26
8.1,7.48
5.7,5.09
6.0,6.93
8.1,8.43
4.5,5.36
11.0,11.15
6.9,7.06
4.5,6.85
7.5,5.5
6.5,6.66
4.5,4.48
9.0,9.12
8.9,11.61
5.7,4.94
6.9,7.14
8.5,7.68
12.9,12.95
14.9,17.02
57.33,52.52
8.9,9.7
5.5,5.41
5.5,5.66
18.5,16.13
6.5,6.53
8.0,8.51
3.7,4.23
8.5,9.81
5.3,7.37
13.3,11.08
4.9,7.86
14.1,16.25
3.5,5.73
8.0,9.07
18.9,9.03
8.0,5.86
21.5,15.53
6.0,5.2
10.5,8.31
5.7,6.3
11.3,13.13
6.9,6.36
20.1,18.84
9.5,10.88
6.5,6.42
6.9,7.99
10.9,11.73
35.5,30.77
13.3,15.96
8.1,9.65
6.1,6.45
16.5,17.25
10.0,10.44
8.9,12.52
5.3,7.83
6.5,7.53
8.5,6.79
8.0,7.87
10.5,9.38
4.9,5.78
20.5,22.73
8.1,10.92
5.7,6.28
5.5,5.22
8.9,12.08
22.0,13.19
6.5,5.24
32.1,28.82
7.0,9.01
4.1,5.51
8.9,10.85
5.3,6.55
4.5,4.67
10.0,9.89
15.3,13.78
5.0,4.88
9.0,8.51
17.3,18.3
4.5,4.7
9.3,10.84
10.5,9.87
6.0,6.61
4.5,5.91
8.5,7.44
7.7,12.25
9.5,9.76
13.3,15.35
11.5,11.06
10.9,13.22
16.5,18.35
4.5,6.58
13.5,10.58
6.9,8.17
8.0,6.39
6.1,7.91
7.7,6.83
5.3,5.51
15.5,14.11
11.0,8.34
14.0,10.8
10.9,9.22
12.0,13.55
13.5,8.93
11.0,10.01
6.1,4.8
7.3,7.57
6.5,8.11
10.9,12.04
10.5,13.22
43.7,58.16
54.9,38.92
10.0,11.43
2.5,7.97
4.9,6.69
11.7,11.49
4.5,5.86
4.9,5.49
57.33,52.35
14.9,17.6
9.5,9.42
6.0,5.76
9.3,9.82
5.5,6.61
6.9,8.81
6.5,5.97
8.5,10.09
5.3,6.46
6.9,8.37
11.0,13.15
6.0,5.84
6.1,6.91
13.0,13.24
14.5,12.58
7.0,6.53
12.5,14.07
16.5,17.19
5.7,4.84
4.9,6.35
7.5,6.44
9.0,9.74
23.05,24.74
8.1,6.02
8.9,10.87
18.1,15.94
24.5,15.62
7.0,8.62
19.0,17.04
6.0,6.62
9.0,7.42
16.5,15.85
40.83,35.62
53.0,46.05
6.5,6.13
30.5,27.1
52.0,9.24
6.9,8.99
9.0,9.98
6.5,6.67
13.0,16.68
8.5,9.36
5.0,5.11
4.1,4.17
4.9,5.27
8.5,10.25
6.9,7.32
16.5,12.46
7.5,6.61
15.7,16.36
9.7,13.34
6.9,7.52
32.67,32.7
15.0,7.21
5.7,7.38
4.5,6.32
8.5,6.68
9.0,7.93
6.0,7.14
10.1,10.07
5.7,7.61
9.7,8.74
6.1,5.58
9.7,11.13
9.9,12.21
8.0,4.54
5.5,6.16
4.5,5.06
9.7,11.39
10.1,11.08
16.0,15.1
8.5,10.33
13.5,9.65
12.5,10.34
9.3,9.22
4.1,4.94
10.5,10.58
14.0,12.85
5.7,5.67
10.0,9.08
4.5,4.71
23.0,15.7
15.7,19.36
12.5,13.68
7.5,6.87
4.5,3.85
12.1,12.79
6.1,7.06
36.1,45.32
5.0,4.87
7.5,7.09
16.1,21.7
8.5,7.42
17.5,15.48
13.3,14.4
7.0,7.3
16.5,15.16
9.3,8.93
12.5,10.79
6.9,7.17
15.0,11.44
6.5,7.79
12.1,10.24
5.5,11.07
8.0,7.19
5.7,7.26
8.1,8.14
4.5,7.22
11.3,11.15
20.1,24.09
4.1,4.94
8.1,8.98
3.5,4.44
4.5,4.44
8.5,10.35
18.0,17.33
8.9,9.72
75.1,80.28
9.7,9.82
4.9,5.76
7.5,7.54
29.87,30.56
23.07,27.52
7.3,8.4
44.33,25.42
10.0,7.5
49.57,51.98
13.5,9.09
60.04,69.18
9.3,12.04
4.5,6.4
5.0,4.65
8.0,9.52
25.5,22.14
8.1,8.72
6.5,7.51
7.7,9.25
6.0,7.46
13.7,14.96
14.5,14.61
8.0,9.67
14.5,12.71
10.5,9.02
14.5,2.65
9.0,10.32
6.9,8.07
49.15,50.83
4.9,5.01
13.0,12.11
10.5,13.27
6.0,7.32
5.5,5.41
8.1,7.63
4.5,4.61
5.5,4.84
3.7,4.6
9.5,9.48
12.9,26.4
11.3,11.14
5.7,5.52
9.5,4.67
4.5,5.73
5.7,8.34
52.0,14.32
9.0,9.02
5.5,5.83
13.0,9.02
5.5,5.63
23.5,19.31
9.5,7.47
7.8,7.59
10.5,9.23
15.0,12.04
10.9,10.8
4.9,5.79
18.0,16.51
15.5,14.65
4.9,5.72
6.5,8.18
8.5,8.7
6.9,7.83
6.9,7.27
7.7,9.62
8.5,10.11
4.5,7.45
9.7,10.12
5.7,4.67
4.5,5.87
6.0,12.4
12.5,11.11
5.3,8.39
7.5,7.37
10.0,9.98
13.5,10.8
2.5,15.86
15.0,15.48
37.33,29.76
7.3,8.18
4.5,6.67
6.1,7.09
4.5,20.76
10.5,11.15
9.7,12.22
6.9,7.81
3.3,4.66
6.1,8.01
6.1,8.87
45.0,48.59
7.7,8.04
17.3,14.47
6.1,8.3
27.7,27.42
13.5,14.7
4.5,4.72
9.5,8.69
7.5,7.68
6.0,7.14
5.5,4.47
10.5,11.05
11.3,13.75
6.5,8.45
10.0,8.38
17.5,16.47
10.5,8.69
10.6,9.72
5.7,6.78
5.3,7.13
8.0,7.99
2.5,8.07
5.7,7.44
8.1,6.44
7.0,7.84
7.3,8.03
6.0,6.94
19.7,24.81
3.3,4.69
4.9,5.22
9.3,13.26
24.5,34.22
11.0,10.44
8.1,9.1
7.7,7.53
4.9,6.07
5.7,4.62
21.5,19.51
13.3,17.69
7.5,9.78
8.5,9.66
21.5,13.49
19.5,15.13
6.1,17.41
5.3,6.09
11.0,9.69
4.1,5.04
8.9,7.74
7.5,7.84
22.9,23.92
9.5,8.72
6.9,5.19
26.5,15.08
22.5,22.43
13.3,11.85
8.5,9.39
3.5,3.89
8.5,8.08
3.3,5.15
12.5,12.23
12.1,16.21
8.9,10.14
4.9,6.75
16.5,13.75
23.3,27.75
7.3,7.66
10.5,12.7
10.5,10.33
6.9,6.21
26.1,32.28
4.5,5.12
6.9,7.55
29.7,38.12
7.0,7.02
24.9,25.78
5.7,6.38
16.5,12.15
6.1,5.54
5.5,4.43
5.0,5.28
4.0,5.51
10.1,11.11
6.2,5.56
8.5,6.83
6.9,8.13
6.1,6.41
6.5,6.95
7.5,8.17
10.5,13.58
42.33,38.3
8.1,8.78
12.1,10.58
8.9,9.79
10.5,14.1
6.9,9.71
26.1,33.11
6.1,7.54
10.9,13.98
5.7,7.1
4.5,5.08
15.7,18.09
24.5,26.45
7.3,8.1
5.7,6.57
6.0,8.17
6.1,7.94
7.5,7.86
6.1,7.82
8.5,9.23
5.7,5.77
9.7,6.34
17.0,16.02
2.5,8.84
6.9,7.34
4.9,4.19
8.5,11.85
6.1,8.2
6.5,5.7
8.1,9.24
4.5,5.34
4.1,4.3
4.9,5.8
8.0,7.09
7.7,6.91
8.1,7.22
5.5,5.31
10.5,9.14
7.7,8.84
5.0,5.98
5.9,5.42
8.9,7.29
9.0,7.62
10.1,12.39
13.5,10.99
14.5,15.93
22.5,19.85
5.3,4.84
10.5,11.67
12.0,12.91
7.0,6.46
6.9,5.89
8.9,10.05
11.7,14.12
7.5,9.98
8.5,7.95
3.5,4.25
17.7,16.37
8.5,13.94
7.7,7.96
10.1,9.9
5.3,5.61
6.5,8.16
6.5,6.88
4.0,4.71
18.5,13.42
10.5,11.82
7.7,7.15
7.0,5.68
12.0,12.07
7.3,7.74
16.1,18.87
5.7,7.69
11.0,9.96
13.0,8.24
8.1,7.7
4.5,5.05
5.5,6.76
9.5,7.61
11.5,9.85
7.7,7.21
4.9,6.43
4.9,5.49
11.5,10.02
8.0,6.12
15.3,18.54
10.9,13.53
25.5,21.37
7.9,8.78
26.5,27.68
16.1,16.33
7.0,7.33
6.9,7.61
5.7,5.34
8.9,8.62
5.3,6.07
11.7,10.89
4.9,5.05
20.1,18.44
9.0,8.27
10.5,10.2
9.7,8.45
5.7,7.19
16.9,22.62
6.1,3.89
5.3,6.11
5.0,4.89
12.5,11.23
5.0,5.04
13.0,10.95
8.1,6.68
9.5,9.05
39.5,39.51
9.3,10.05
18.0,10.27
4.5,6.08
7.7,10.24
15.7,17.98
26.5,26.18
5.7,5.19
4.0,4.11
6.5,6.46
28.67,4.67
7.5,6.31
11.0,9.99
18.1,17.14
29.5,27.59
4.9,5.55
17.0,9.84
9.0,8.49
6.9,7.52
5.3,6.07
16.0,14.94
8.5,7.8
8.5,9.25
12.9,12.01
10.0,7.91
8.1,7.56
7.7,13.35
15.5,11.72
3.3,8.86
7.7,9.23
7.3,8.86
6.1,7.3
6.1,5.78
20.5,14.66
5.7,8.45
27.0,26.7
4.9,5.67
5.3,5.45
12.5,8.42
52.0,51.25
23.8,21.15
8.9,7.08
5.3,5.53
7.0,8.56
8.9,9.66
5.7,7.63
5.0,4.43
9.5,14.76
6.9,7.06
15.3,17.58
8.1,10.43
52.0,51.52
13.7,14.74
7.3,6.51
18.0,12.35
10.1,12.14
9.3,10.83
8.0,8.42
6.5,8.2
9.3,7.24
10.5,9.37
8.1,7.02
11.0,10.79
5.0,6.4
6.9,8.51
23.0,16.82
18.9,19.72
11.0,12.38
6.9,8.08
4.0,4.75
4.9,5.96
57.33,47.8
5.0,5.98
11.0,8.6
6.5,9.12
4.1,5.83
10.9,12.77
8.0,7.51
6.1,5.02
10.0,10.37
6.0,4.31
9.0,9.2
3.7,4.33
9.5,8.47
4.5,6.13
11.0,9.7
8.9,7.85
14.5,13.4
5.7,6.82
4.5,4.52
7.3,8.2
3.7,4.63
3.3,5.2
4.9,12.31
20.0,17.42
6.5,6.83
12.0,10.21
4.9,5.48
10.5,7.94
4.9,4.84
2.5,10.29
11.7,11.28
11.3,10.87
11.5,5.37
19.5,13.68
12.0,7.5
12.5,9.68
9.0,8.11
18.5,20.35
7.7,8.83
9.5,10.24
16.1,16.77
7.5,5.47
14.5,12.68
17.7,16.99
6.5,6.98
22.5,23.02
5.5,5.74
4.9,5.7
57.33,51.92
6.5,6.16
4.5,8.65
6.9,6.96
5.7,12.49
16.5,13.56
7.0,6.55
6.5,5.84
4.9,5.74
7.7,9.31
9.3,11.55
2.5,10.61
8.5,11.17
6.0,6.67
4.9,11.86
8.5,7.26
6.5,7.78
5.5,5.13
15.0,13.94
14.1,12.54
12.5,16.47
9.0,8.49
11.0,8.32
10.1,8.42
5.7,6.47
15.0,13.74
5.7,6.1
3.5,5.23
6.9,7.63
5.3,8.77
7.3,9.66
15.5,15.36
6.5,7.38
38.8,33.73
26.0,13.09
6.1,6.7
10.5,8.25
6.5,8.9
3.7,5.17
9.7,12.32
17.0,14.76
4.9,6.28
6.1,7.27
7.7,9.63
6.5,7.3
4.9,4.54
8.0,7.82
10.0,9.1
4.9,6.57
3.7,5.92
13.5,9.3
5.3,6.28
5.5,6.21
13.3,12.36
8.0,7.39
4.5,5.8
4.0,5.59
10.9,11.27
4.9,4.89
6.9,8.13
5.0,5.43
12.0,11.33
10.5,11.56
6.1,8.8
5.7,5.32
8.1,11.44
8.1,8.76
5.3,7.47
7.5,6.64
17.5,16.47
10.1,11.75
12.5,12.36
7.0,5.72
5.0,5.27
4.5,6.75
4.1,6.29
41.83,30.16
89.5,75.61
5.7,9.27
3.3,4.16
4.5,5.02
6.5,5.05
14.5,15.11
57.33,52.17
6.9,9.23
7.3,8.29
6.1,5.94
5.3,6.25
11.0,10.58
5.3,5.66
4.9,5.72
5.0,5.42
6.9,7.65
5.3,6.73
5.3,6.41
5.3,7.04
18.1,20.72
7.7,9.64
6.9,7.91
11.7,12.84
7.0,5.49
30.35,31.51
5.5,8.0
14.0,10.54
7.5,8.04
65.0,61.15
12.1,13.12
7.7,8.12
8.5,11.67
10.5,11.31
5.5,5.75
22.1,23.51
23.5,24.13
13.0,10.64
4.1,4.74
5.3,5.56
6.5,7.08
10.0,6.83
4.5,4.99
4.1,5.42
7.5,7.66
13.3,10.55
12.9,14.99
3.7,4.94
6.0,6.53
4.1,5.4
8.0,7.69
7.0,6.36
18.9,22.6
7.5,8.76
4.1,5.23
9.7,6.64
36.83,33.22
11.5,11.87
18.5,18.31
7.0,5.9
10.5,5.81
4.1,4.82
8.9,10.04
16.5,13.05
5.7,7.04
4.5,4.13
5.5,5.41
6.5,8.63
9.7,11.21
15.0,9.27
6.0,6.27
5.3,9.79
11.0,11.46
8.5,6.68
5.5,5.46
6.1,6.78
15.7,16.11
30.54,25.93
13.7,10.05
3.3,5.72
6.9,6.31
3.3,4.12
5.3,6.36
6.1,5.6
10.5,10.65
12.9,11.42
4.1,5.86
12.5,14.94
6.9,6.9
6.9,7.06
6.0,6.22
4.1,4.68
4.0,5.75
27.07,29.14
9.5,8.91
7.0,7.85
2.9,5.89
5.7,4.77
11.3,10.59
4.9,5.87
11.7,10.24
5.7,7.41
5.3,5.68
7.7,8.48
17.7,19.3
12.0,12.54
4.1,3.99
4.5,5.24
27.87,31.33
6.9,6.48
15.3,17.39
7.0,6.41
10.0,9.4
14.5,13.93
4.5,5.76
21.0,9.16
27.7,30.51
6.1,5.4
8.9,7.99
57.33,52.39
4.1,5.96
14.0,9.72
9.0,8.06
10.1,11.15
27.33,30.95
12.9,18.33
7.5,10.33
14.0,12.21
5.0,4.44
52.0,51.3
9.7,12.01
10.0,7.41
5.5,6.01
9.5,9.74
57.33,52.23
18.5,18.2
31.83,24.75
22.0,11.29
8.9,9.86
42.33,32.74
11.0,7.73
4.9,6.11
3.5,4.88
6.5,8.36
6.9,7.69
3.3,4.48
15.7,10.2
7.5,8.09
4.0,4.86
12.9,13.77
24.0,14.06
23.0,13.57
9.3,7.14
11.5,9.03
18.9,19.86
6.0,5.76
8.0,8.13
10.5,8.18
9.3,9.73
14.9,13.07
8.0,9.23
5.3,7.51
4.5,6.39
17.5,18.51
4.5,4.68
14.1,16.58
5.0,4.33
18.5,16.03
9.7,11.72
9.7,10.44
11.7,13.39
7.0,7.62
7.0,7.52
6.1,5.92
8.5,7.43
6.5,6.49
14.0,11.04
4.1,4.67
10.9,9.3
4.1,5.63
4.5,4.49
47.5,38.71
9.0,10.43
8.1,8.05
5.7,7.3
5.3,8.21
6.9,10.16
4.9,6.6
3.7,4.79
10.5,9.9
6.1,7.11
4.1,4.52
7.0,7.02
15.3,15.34
9.0,7.37
11.3,13.29
6.9,10.92
4.1,5.5
15.7,18.52
8.5,10.18
4.5,4.17
15.0,12.01
26.5,10.48
5.7,6.82
7.7,7.27
11.0,11.33
6.0,6.16
5.3,4.62
12.0,10.94
8.9,9.03
8.9,9.17
5.7,8.73
15.3,16.11
10.9,14.35
29.0,29.25
4.1,4.48
14.9,5.77
10.0,9.05
49.8,34.75
8.1,9.63
4.5,5.0
8.5,8.08
10.5,10.03
5.0,5.22
19.7,19.38
48.83,49.38
9.7,9.59
19.3,15.8
7.7,5.99
11.0,10.26
32.5,31.58
5.7,6.98
11.3,14.05
8.5,7.24
4.1,5.12
8.1,9.39
25.5,35.21
15.3,10.52
12.5,11.47
4.9,4.7
8.5,10.09
7.0,12.95
7.3,7.32
3.7,4.7
8.1,7.02
15.5,12.5
15.3,15.77
9.0,7.95
8.5,9.85
7.5,8.3
17.0,15.89
15.7,13.08
32.83,22.05
9.5,9.13
7.0,6.58
2.5,7.55
10.1,10.43
8.0,6.38
9.7,11.82
10.5,10.6
10.0,9.1
3.3,9.03
4.5,4.66
7.5,6.93
16.9,19.11
11.5,8.95
4.5,5.49
48.0,45.62
17.0,11.08
12.5,10.21
3.3,4.6
7.0,7.69
8.9,9.81
6.5,8.72
12.5,16.79
11.9,10.05
8.5,10.37
6.1,7.03
17.5,16.48
10.1,13.48
3.3,4.07
40.5,32.09
30.9,34.79
6.5,8.61
65.0,80.15
9.7,8.21
4.5,4.78
3.7,5.89
22.5,21.51
10.1,12.73
10.5,10.39
5.7,4.77
12.5,13.87
6.5,7.96
8.1,7.18
4.9,5.71
5.5,6.95
13.5,11.92
9.3,11.82
6.5,7.65
5.3,7.26
4.9,3.98
6.5,7.13
7.3,9.69
9.0,10.48
12.0,10.5
18.9,20.56
23.5,13.65
29.87,32.1
7.3,10.45
14.5,16.05
6.1,7.15
6.0,6.96
3.7,22.58
6.5,7.08
11.0,9.03
17.7,20.39
4.1,5.2
14.5,15.38
14.5,12.41
5.7,6.75
16.5,16.61
7.5,7.48
4.9,5.47
2.5,5.84
4.9,7.31
12.9,13.53
8.9,11.43
4.0,4.62
47.5,39.97
8.5,8.16
4.9,6.12
5.7,7.53
14.5,12.34
21.0,21.74
10.0,10.12
5.5,4.97
6.1,7.12
23.0,18.33
18.0,13.8
4.5,5.94
19.7,21.42
5.3,6.74
11.0,10.17
7.7,8.39
11.0,10.16
15.7,18.3
12.5,7.45
13.0,10.94
8.1,9.64
5.3,6.57
6.1,6.52
49.8,51.42
5.7,5.83
16.5,8.78
5.7,5.48
4.5,5.36
6.5,7.14
42.0,50.11
8.5,9.59
5.7,6.83
9.3,8.35
5.7,7.91
77.0,57.09
15.7,16.72
4.0,4.39
8.1,7.05
7.9,13.75
5.3,5.32
18.0,17.19
4.9,5.42
5.0,6.03
4.9,5.28
10.5,9.91
18.0,14.39
14.8,9.53
12.5,15.2
8.9,9.37
6.1,7.76
10.5,8.76
4.5,5.3
10.1,9.99
20.5,16.67
8.0,5.97
30.33,26.77
10.1,10.81
6.1,5.98
2.5,7.27
13.5,13.29
20.5,20.81
41.5,48.04
17.3,17.08
4.5,7.89
5.7,6.2
7.5,8.0
11.7,11.26
5.3,9.24
3.7,9.01
8.1,10.1
8.3,9.24
6.5,9.08
5.0,5.24
5.7,6.22
20.0,12.48
8.5,8.57
8.1,8.79
6.5,7.43
6.1,5.25
14.1,18.1
5.7,6.84
8.5,10.67
34.1,36.6
8.5,9.18
6.5,7.52
6.0,7.2
30.9,38.47
4.9,5.78
5.7,5.97
6.5,6.12
9.5,10.74
14.5,12.96
7.3,8.69
6.1,7.95
9.5,9.77
5.7,6.13
15.5,14.9
3.5,4.41
30.5,24.22
4.9,4.72
7.7,10.35
26.85,34.46
12.5,13.21
4.9,6.98
6.5,5.47
8.5,11.01
8.5,7.34
7.7,8.24
57.33,51.37
7.7,6.39
7.5,10.45
3.3,4.47
11.5,8.85
8.1,12.43
49.8,50.96
18.0,16.09
5.3,5.67
3.7,4.37
39.33,35.53
8.5,7.62
5.7,6.3
8.0,6.56
7.5,7.65
8.0,7.31
11.7,13.65
13.5,13.79
4.9,4.9
12.5,12.37
6.1,8.4
6.5,7.7
12.5,15.38
5.7,3.82
5.7,8.25
22.1,21.33
6.5,9.49
10.5,9.66
15.0,10.18
6.9,8.48
11.3,9.2
6.5,6.58
5.0,4.06
10.5,8.89
16.9,16.61
8.5,8.6
8.0,6.96
8.1,10.26
3.7,4.39
6.0,5.4
29.83,24.93
31.5,20.53
9.0,8.23
6.0,4.86
7.7,10.12
17.3,14.77
33.83,34.78
14.9,15.29
4.9,5.13
12.5,14.88
3.7,4.46
4.5,5.04
5.0,5.71
4.9,5.36
8.5,9.9
28.5,32.76
7.4,6.27
12.5,13.81
8.0,5.93
7.7,9.52
4.5,4.45
8.1,8.92
10.5,10.01
8.1,7.38
18.5,12.16
15.7,16.85
8.1,8.8
5.5,6.16
7.5,7.66
7.7,10.03
10.5,8.43
7.3,8.98
28.33,29.78
4.0,4.2
14.1,16.04
13.0,10.75
13.3,11.25
12.5,10.51
26.5,23.61
12.0,9.43
6.0,7.92
7.0,6.63
6.9,7.15
7.5,7.41
16.5,15.35
5.3,6.19
7.7,9.05
4.1,4.71
5.3,6.0
4.9,5.81
29.5,19.39
14.5,14.65
6.5,7.13
10.0,9.24
6.0,4.98
26.27,28.9
12.5,10.42
11.0,11.06
15.0,11.9
4.9,5.9
11.0,9.69
10.1,10.26
5.3,7.63
13.7,14.52
4.9,5.5
21.0,22.75
17.5,15.88
10.5,8.59
8.1,10.29
7.3,8.51
23.0,20.24
8.5,8.7
8.5,9.08
6.5,7.43
7.5,9.63
17.0,13.87
12.1,10.43
8.5,7.22
10.9,12.61
19.0,20.87
11.5,10.92
7.5,7.74
11.0,9.81
4.9,6.36
5.0,5.61
9.3,11.05
5.3,4.45
5.7,4.82
4.1,6.22
16.5,17.86
5.7,6.11
8.5,7.96
20.0,16.16
5.0,5.77
8.9,9.36
16.5,13.49
43.0,42.28
8.1,8.1
6.1,6.14
30.9,33.73
28.9,31.78
8.5,7.86
8.0,6.77
27.3,25.09
4.5,5.94
15.3,18.05
15.5,15.16
6.1,7.32
6.9,10.44
4.5,6.28
7.3,10.13
10.5,11.06
9.5,10.74
4.9,5.42
6.9,6.8
6.5,7.89
4.9,5.81
6.9,7.8
17.5,17.74
10.9,10.44
26.9,29.3
7.5,8.1
8.0,8.98
5.0,3.92
14.5,18.12
8.5,8.47
7.7,6.87
7.3,7.97
4.5,5.32
4.5,3.85
3.5,4.89
6.9,7.56
12.0,12.75
16.9,19.95
6.9,8.69
6.1,7.65
8.5,7.07
7.3,9.04
5.0,5.43
10.1,11.36
5.5,4.8
9.5,11.9
13.3,14.17
35.87,31.87
8.1,6.76
9.7,10.73
7.0,7.13
79.65,88.21
7.5,6.42
8.5,9.33
12.5,14.0
10.1,9.34
10.0,6.59
52.0,53.08
4.9,5.79
12.0,12.48
10.9,10.46
25.0,20.99
9.0,8.04
9.7,11.05
6.9,8.21
8.0,9.0
4.1,6.15
16.5,17.9
17.7,18.86
10.0,10.07
19.5,10.32
7.3,9.67
3.8,4.23
7.3,9.13
26.0,18.22
6.9,7.03
23.5,17.74
15.3,14.25
11.0,11.51
17.0,15.02
8.5,9.13
7.0,6.56
5.3,5.23
9.7,12.44
6.9,7.68
16.5,10.91
8.5,8.48
4.5,5.32
9.5,8.9
10.1,11.08
7.5,7.25
8.9,9.91
8.5,8.8
57.33,26.89
9.7,11.31
49.57,52.61
8.5,9.44
4.5,4.36
12.9,15.11
12.5,8.4
7.3,10.34
6.9,7.6
5.7,6.34
8.0,7.63
8.5,8.45
15.0,12.77
6.1,6.99
11.5,12.08
6.5,6.13
29.47,33.4
57.33,46.82
9.5,7.93
5.5,6.83
16.0,13.51
9.5,9.96
14.5,11.24
8.1,7.42
4.1,5.02
21.0,18.16
20.9,19.66
34.0,30.88
15.5,12.57
10.5,7.14
8.0,6.77
8.5,7.06
11.3,11.01
6.5,8.35
4.9,5.51
5.7,6.28
6.0,5.32
5.0,4.32
5.3,3.89
5.0,5.11
5.3,4.86
6.1,7.35
8.0,4.7
10.3,10.8
14.5,12.53
49.8,54.71
8.5,8.31
56.8,5.12
8.9,9.39
10.0,7.32
6.1,6.59
7.0,6.32
9.5,6.53
4.5,5.12
8.0,8.9
6.9,8.26
4.5,4.38
6.5,6.83
4.1,5.53
3.7,6.27
7.3,7.87
12.9,17.29
12.1,13.81
6.9,4.98
4.5,4.89
10.5,9.57
7.7,8.62
16.5,16.67
18.5,17.97
4.1,6.03
9.5,7.3
10.9,14.61
14.9,16.94
8.5,17.59
5.3,6.64
13.7,15.5
12.5,10.14
4.0,5.19
6.5,7.78
5.0,5.09
4.5,5.63
6.1,5.76
6.5,7.33
27.7,28.15
11.3,14.74
14.5,11.46
3.7,4.56
8.0,5.79
8.1,6.95
9.5,5.48
10.1,12.11
8.1,6.16
19.5,18.33
52.0,49.63
18.5,18.8
4.5,4.7
9.3,8.97
5.3,7.15
6.1,8.19
9.0,7.66
5.3,5.31
11.7,7.02
10.9,10.86
5.5,5.45
5.7,7.53
7.5,5.79
9.3,10.23
53.0,56.39
3.5,4.46
12.9,13.68
6.5,7.13
9.0,9.45
20.9,22.07
8.0,6.59
34.33,34.21
5.3,6.1
5.7,6.22
2.5,11.88
9.3,10.53
4.1,4.17
5.7,7.42
8.5,6.15
7.7,6.72
16.1,18.55
5.5,6.83
6.9,9.93
13.3,11.44
7.3,9.7
5.7,6.14
6.9,7.53
8.9,8.87
10.9,12.06
5.7,6.96
9.3,7.58
8.1,7.66
12.5,14.8
4.9,4.33
15.5,13.48
3.5,7.86
6.5,6.58
9.5,10.57
14.9,17.55
9.7,10.44
30.9,33.38
49.57,51.67
12.0,8.72
19.7,21.27
8.9,7.23
14.5,12.79
4.5,4.22
10.9,15.99
9.3,11.4
12.1,12.99
12.5,12.31
10.5,9.57
6.5,6.14
6.9,8.33
6.9,10.66
3.0,41.53
12.1,11.24
20.5,18.76
12.9,14.96
9.7,10.89
4.9,5.23
6.5,7.81
4.9,7.95
4.0,4.34
12.5,12.68
11.3,12.37
4.5,3.97
4.5,5.28
7.5,8.76
12.5,14.39
14.9,17.74
6.5,4.73
8.5,8.97
6.0,5.88
8.1,9.47
49.57,51.48
6.5,5.49
30.1,31.39
9.0,11.12
7.0,6.06
24.1,11.96
16.5,15.07
9.0,7.18
11.5,74.32
6.9,7.36
7.7,7.0
8.5,8.09
7.0,6.46
9.0,7.81
9.0,6.92
12.0,6.87
14.5,9.25
8.5,8.79
6.1,6.52
8.0,6.12
7.7,4.64
14.0,15.92
11.7,11.94
8.1,8.65
5.3,6.88
8.5,7.63
4.5,5.62
12.5,12.52
7.0,7.82
12.1,14.5
17.0,18.1
7.7,8.13
12.5,12.12
28.04,25.19
8.5,9.05
12.5,15.17
11.7,15.15
49.8,49.02
9.0,8.18
8.9,8.08
8.5,8.34
18.0,14.25
7.3,9.08
17.0,17.32
4.5,4.99
4.5,5.81
4.9,9.04
6.9,7.05
10.1,10.38
2.5,7.25
10.1,11.83
20.0,17.37
13.3,14.49
8.0,8.57
4.0,3.82
15.7,20.86
7.7,10.36
9.3,4.61
8.1,7.92
42.5,43.06
6.5,8.54
14.5,14.16
6.5,5.23
3.3,4.9
5.3,5.28
7.5,7.0
14.5,15.66
6.1,6.73
6.9,6.93
11.5,10.91
9.3,11.95
8.5,6.62
5.0,5.31
10.9,11.45
5.0,5.81
10.5,10.09
14.1,20.4
9.0,8.5
7.7,10.68
4.5,4.75
3.7,4.93
6.5,6.36
4.5,5.35
4.9,6.8
6.9,7.68
24.9,25.45
56.8,49.44
4.9,6.28
5.7,5.35
8.5,7.38
8.5,8.23
4.5,3.89
35.0,33.69
13.7,17.78
4.5,4.01
12.5,11.4
5.0,5.28
8.1,9.84
3.5,4.3
6.9,7.65
7.3,7.66
8.9,12.79
7.3,9.48
33.3,34.24
7.3,7.65
6.5,7.9
4.1,4.9
4.5,5.64
12.1,10.43
6.5,8.51
4.9,6.18
8.5,8.88
4.5,5.2
11.5,5.85
12.0,13.66
25.7,30.27
10.5,9.36
8.9,10.7
10.5,9.5
6.9,10.43
8.5,11.19
7.5,8.28
6.5,7.55
5.7,6.41
10.5,13.37
3.5,4.42
8.1,10.37
11.0,10.11
12.5,10.27
52.0,48.75
26.5,32.52
7.0,8.95
8.1,9.07
18.0,4.94
17.3,16.51
7.7,8.9
53.0,37.93
6.9,8.73
4.9,6.2
28.27,30.38
14.5,10.89
6.5,6.18
18.9,16.93
7.7,10.18
8.1,9.61
4.0,4.44
7.3,8.75
11.5,8.96
11.0,8.08
5.3,5.63
10.5,9.93
7.0,6.04
19.3,20.48
16.5,11.96
15.0,13.27
7.7,7.56
19.0,17.03
2.9,4.3
5.5,5.56
3.3,3.76
14.0,13.28
5.7,6.93
4.9,6.23
8.9,9.6
5.3,5.33
6.0,4.01
34.9,37.45
10.5,6.23
31.8,31.76
7.3,7.98
4.5,3.78
12.0,13.7
15.5,12.31
10.5,12.21
4.9,5.62
12.5,10.26
4.0,4.31
6.0,7.56
8.5,9.66
14.5,12.66
9.5,7.6
12.0,9.73
6.1,6.66
6.9,9.55
6.1,6.9
8.1,8.96
4.1,4.8
64.3,80.22
4.9,7.14
8.0,9.68
5.7,5.72
8.1,9.09
11.0,10.85
3.3,3.6
13.5,13.21
9.5,9.31
4.9,6.16
23.0,17.85
4.1,11.33
3.7,5.26
4.9,5.05
5.0,5.26
16.5,10.18
8.1,8.12
3.5,4.61
5.3,11.48
5.5,6.7
7.5,5.31
8.1,9.11
9.0,7.81
20.5,11.33
6.1,7.83
28.5,24.13
16.9,11.18
14.0,9.83
13.7,12.86
6.0,5.22
9.3,11.75
9.5,9.91
9.5,7.44
6.0,4.06
15.7,17.15
9.0,6.05
2.9,4.25
4.5,6.35
7.0,7.82
13.5,9.34
6.0,6.69
6.0,6.02
4.0,4.48
6.5,7.72
16.0,11.79
8.9,10.59
8.9,10.73
4.5,5.72
9.0,11.43
9.5,7.36
7.0,6.66
17.5,15.91
23.0,14.06
5.5,5.34
14.5,16.4
14.5,14.86
49.57,52.52
16.1,13.79
8.1,9.0
8.9,10.78
9.0,9.45
9.5,11.22
5.3,6.28
14.5,10.96
15.0,9.89
10.5,8.16
29.0,23.4
5.7,7.39
9.0,7.61
5.7,6.03
9.0,7.65
4.5,5.42
7.7,7.05
4.9,6.02
57.54,55.4
6.1,7.87
7.7,8.51
22.9,12.09
9.7,11.07
55.0,44.03
5.7,9.24
8.5,8.01
7.7,9.12
5.0,6.07
19.5,13.33
7.3,7.12
7.7,7.78
11.5,9.79
9.0,7.55
6.9,6.48
4.5,4.61
12.1,10.33
4.5,5.69
4.9,5.67
3.7,5.55
12.5,9.79
36.0,38.39
14.5,13.62
14.5,14.44
18.1,12.97
7.0,7.73
9.5,8.26
4.1,5.35
10.9,5.71
10.9,11.06
7.7,8.77
9.3,10.64
27.5,19.16
45.7,48.29
8.1,8.77
4.5,5.8
8.5,6.21
14.0,12.13
10.0,8.78
20.5,18.16
5.7,5.12
12.9,13.34
10.1,9.96
2.9,3.85
5.5,5.94
17.5,12.83
9.5,9.42
5.3,6.42
11.2,9.35
11.3,27.46
6.9,9.68
14.1,16.21
9.3,9.71
14.5,12.82
8.6,10.75
6.1,5.49
8.0,7.66
6.5,8.18
6.0,4.93
12.0,9.93
6.5,7.65
4.9,7.01
20.5,20.1
5.7,5.73
16.5,11.62
9.0,9.99
4.1,6.5
7.7,6.58
23.7,29.12
19.5,17.45
22.0,16.5
10.1,14.56
9.5,10.58
20.5,18.63
13.5,12.32
5.3,6.01
8.5,13.08
8.5,8.2
10.1,8.59
6.5,6.12
8.1,10.33
6.1,10.17
16.5,17.34
10.5,8.22
6.0,5.47
8.0,7.86
4.9,5.09
6.5,8.32
2.9,8.05
8.5,11.28
13.5,8.49
5.7,7.27
6.5,7.05
7.7,10.08
10.1,9.83
5.7,6.81
12.0,9.35
14.5,12.77
4.5,5.63
10.5,9.24
8.1,10.0
13.3,15.94
10.9,11.21
10.1,12.54
9.0,8.52
4.0,5.0
4.5,5.9
5.0,4.31
13.0,8.45
10.9,10.23
5.7,7.37
4.5,4.5
9.7,11.81
8.5,9.4
13.7,12.92
7.7,11.11
8.9,8.37
11.3,11.73
4.5,11.02
10.0,10.12
6.9,4.55
5.7,5.44
8.5,5.35
6.9,7.2
6.0,7.01
6.5,6.64
8.0,7.24
12.5,9.99
8.1,8.59
9.5,6.44
3.7,3.81
9.7,9.02
8.1,8.81
52.0,45.45
40.0,40.0
11.5,11.52
3.3,4.79
12.1,15.38
34.7,42.52
12.9,13.84
7.3,5.96
6.5,6.0
6.1,9.87
33.44,31.72
7.3,4.44
26.9,33.4
14.9,15.69
4.0,4.41
8.9,8.76
5.0,5.08
15.3,15.7
25.5,39.83
24.5,12.66
13.0,11.58
7.3,10.81
12.5,9.7
14.5,13.27
11.0,10.76
4.5,5.24
11.0,11.43
6.5,8.08
10.1,9.64
6.0,4.83
5.5,6.25
15.5,11.49
6.5,7.65
4.5,5.02
5.3,5.97
6.5,5.89
10.1,10.64
5.3,9.33
5.5,6.29
15.0,11.28
11.7,10.31
27.0,25.91
8.9,11.73
11.0,7.21
6.1,10.2
19.0,18.49
16.1,17.05
11.7,12.55
7.3,10.32
6.1,5.93
4.1,5.96
9.3,8.55
8.9,8.73
6.0,5.34
14.0,12.66
4.5,5.4
5.3,4.75
9.5,7.92
9.5,8.71
8.9,5.82
5.0,6.85
5.7,7.13
6.9,7.3
6.9,8.48
10.5,11.82
5.3,6.26
9.5,10.47
12.5,13.7
5.0,5.02
7.3,7.04
6.0,7.8
6.1,7.2
16.0,15.76
23.3,22.18
17.5,10.14
13.0,11.31
12.1,17.27
8.5,9.07
6.1,6.94
18.1,19.6
18.0,13.53
6.0,5.2
9.7,8.82
12.1,10.56
13.0,12.61
16.0,14.13
7.5,7.61
12.9,14.63
8.5,8.44
16.0,14.99
8.5,6.88
18.9,18.93
9.0,8.9
14.0,14.14
4.5,5.38
22.0,13.26
34.5,38.07
4.9,4.23
8.9,11.25
5.5,4.98
11.5,14.09
10.5,10.94
7.5,8.03
16.0,13.72
6.3,8.65
12.5,15.62
5.0,4.66
15.3,20.07
4.0,3.96
17.5,13.49
5.7,5.83
5.3,6.9
8.9,9.64
7.7,8.79
9.0,8.3
14.0,8.82
11.3,14.97
9.7,5.01
6.9,7.85
11.7,12.75
7.7,8.66
9.7,9.56
6.1,5.5
4.9,6.95
17.0,16.57
36.83,29.98
13.7,7.9
13.5,13.14
5.3,6.92
11.0,10.55
32.45,35.62
24.5,25.48
7.0,6.67
3.3,4.66
53.83,51.32
4.9,5.52
9.3,9.49
8.0,6.9
5.3,5.94
5.5,3.92
6.5,6.79
14.0,10.19
6.1,6.8
5.3,6.39
6.5,12.33
13.0,13.91
4.9,6.05
9.3,7.22
14.5,17.19
20.5,10.37
10.0,10.82
10.0,9.58
13.3,14.44
8.9,6.42
7.0,7.5
5.3,6.22
8.5,8.86
13.0,8.4
14.5,15.31
12.3,11.47
2.5,59.35
8.5,9.24
17.0,13.14
16.5,7.54
6.5,7.33
20.9,20.51
5.7,5.44
8.1,7.64
26.65,27.45
8.5,11.19
10.0,8.55
12.9,12.36
6.9,9.13
5.5,5.63
16.9,16.92
6.0,5.15
11.0,12.07
11.7,13.84
12.0,11.49
42.83,33.86
17.3,12.25
5.0,5.82
7.3,8.47
5.0,4.09
6.5,6.71
8.1,8.1
4.5,6.24
7.0,7.22
26.5,31.71
57.54,52.17
6.1,6.55
16.9,16.79
6.5,6.35
8.0,8.23
22.5,16.62
6.5,8.17
12.0,11.01
4.5,5.82
12.1,12.56
4.5,5.18
7.7,7.57
7.7,8.41
37.5,18.44
13.0,11.99
14.5,19.08
6.9,8.54
7.3,6.38
6.9,8.59
7.7,7.25
11.3,11.17
11.5,11.98
13.0,10.95
16.5,11.66
6.9,5.34
14.0,13.03
11.5,6.61
5.3,4.43
4.5,4.41
9.5,9.96
5.4,5.64
10.5,10.22
24.5,18.8
19.0,11.31
6.1,6.21
3.7,5.54
5.0,5.77
30.0,27.63
34.9,37.11
11.3,11.87
7.5,5.78
6.9,5.99
45.0,51.09
9.0,8.06
27.47,24.45
14.0,10.49
18.5,18.01
6.5,7.69
3.7,4.78
10.5,11.77
10.9,5.4
4.9,5.02
4.9,5.27
8.5,9.96
4.5,4.86
4.1,5.66
4.5,6.18
7.3,8.55
8.9,8.32
6.1,5.47
6.5,5.44
7.3,8.58
34.9,41.25
8.9,10.73
8.9,11.58
10.0,8.85
6.5,8.25
10.9,13.17
6.0,5.57
3.5,10.02
10.1,11.92
9.7,7.68
4.1,5.8
4.9,4.72
4.0,4.35
12.9,18.43
20.0,26.14
7.5,9.1
9.0,7.93
6.5,5.89
16.1,12.27
4.1,5.15
7.7,9.58
43.33,38.32
5.5,5.33
7.3,8.72
6.5,5.21
7.0,7.22
14.5,16.71
6.9,8.81
8.5,9.79
6.0,6.49
4.9,5.03
12.9,14.73
21.5,18.38
17.5,15.42
6.9,8.67
4.1,4.98
8.0,7.82
6.5,6.54
8.5,7.54
10.1,13.08
4.5,5.14
8.5,8.62
9.3,11.43
12.9,14.0
36.5,26.08
9.5,8.23
8.1,11.29
9.7,12.32
7.7,8.09
14.5,11.03
12.5,12.45
10.1,12.08
6.9,8.0
19.0,16.13
5.3,5.87
16.5,17.85
11.5,11.59
4.5,8.37
6.5,6.06
5.3,6.44
10.1,10.43
5.3,5.15
6.9,8.51
6.1,6.29
6.5,6.4
17.7,17.47
5.3,5.64
4.5,5.03
8.9,9.02
7.0,8.82
11.3,12.3
4.9,5.37
8.3,6.47
7.5,7.11
21.7,25.63
10.5,10.08
4.1,5.84
6.1,8.31
6.1,8.4
5.7,6.88
2.9,25.04
19.5,18.68
13.0,8.78
18.0,14.99
7.3,8.39
14.9,14.6
10.0,9.81
8.1,8.14
5.7,6.53
9.5,10.48
12.9,13.44
14.5,14.59
6.5,5.53
6.0,5.65
10.9,12.44
10.5,9.84
5.3,4.74
10.9,11.6
4.5,5.59
11.5,11.62
5.5,6.35
13.5,13.75
45.0,19.97
10.3,55.3
18.0,13.61
5.5,4.99
11.5,10.12
14.0,10.86
8.5,8.15
3.0,4.1
15.5,14.51
9.3,10.45
11.7,7.48
18.9,17.89
5.5,5.78
9.5,6.76
3.5,11.19
10.5,12.2
4.5,5.11
4.5,9.27
8.9,6.78
6.5,7.06
7.0,7.75
13.3,17.03
5.5,4.88
9.5,7.11
40.5,48.17
12.1,12.6
4.9,6.37
18.1,18.88
20.9,19.82
16.9,19.09
9.3,9.82
10.1,7.54
8.0,6.7
4.1,4.6
6.1,7.19
11.7,7.1
6.1,8.54
13.0,12.18
6.1,7.23
7.7,6.72
6.5,7.89
4.9,4.28
8.1,9.4
3.3,4.26
12.1,11.12
24.83,25.91
7.0,6.93
4.5,3.97
4.9,5.59
4.9,6.1
9.5,8.67
15.5,10.39
8.5,11.78
11.8,14.33
6.7,6.77
12.9,15.71
4.1,4.32
6.5,8.21
11.5,10.35
6.5,9.19
5.7,7.61
6.5,9.36
10.5,9.22
12.0,14.05
3.7,4.7
6.5,10.15
26.5,34.04
7.3,8.23
12.1,11.26
8.9,6.61
6.9,7.39
7.5,8.35
4.1,5.06
6.1,6.69
27.85,28.64
8.1,6.52
9.5,9.7
8.5,6.56
16.5,15.62
10.1,9.32
13.5,9.61
20.0,13.87
11.0,12.27
5.7,6.11
8.1,11.22
5.7,6.53
6.1,11.08
7.7,6.59
15.0,11.21
5.3,5.54
5.3,11.23
15.7,6.56
16.5,14.26
5.5,15.02
17.7,19.39
8.1,8.19
19.5,15.25
4.5,5.71
4.1,6.17
14.0,12.56
10.9,9.54
4.9,4.8
7.3,9.4
4.0,4.58
5.5,6.91
17.0,12.6
9.3,8.86
8.9,10.01
6.5,6.62
8.5,10.43
20.5,18.8
5.0,5.57
4.9,6.37
23.3,26.83
5.5,11.37
4.1,5.25
4.0,4.74
28.5,26.58
8.1,11.0
15.7,15.63
7.3,7.8
8.9,9.46
12.9,11.35
8.1,7.87
22.5,7.98
8.5,10.18
7.5,6.54
5.0,5.97
4.9,5.74
11.3,11.49
14.0,10.73
4.5,4.64
5.3,5.91
12.1,13.58
6.0,6.01
21.5,23.9
3.7,5.08
6.0,7.53
25.7,37.38
12.5,11.9
7.7,9.87
5.3,5.22
5.3,6.98
3.3,4.43
12.0,10.48
13.0,10.45
15.3,17.85
10.5,8.54
4.1,4.91
2.9,5.22
6.0,6.09
5.5,7.44
24.5,26.87
8.9,11.41
7.0,7.37
13.5,8.02
5.0,5.88
8.1,8.63
18.6,20.88
5.3,6.68
5.7,7.31
3.5,4.49
18.1,17.08
7.3,5.87
8.1,10.02
13.0,10.43
4.9,6.11
8.9,8.55
9.0,9.91
5.7,6.43
4.5,5.94
12.5,11.5
4.9,6.27
16.9,12.93
10.0,9.25
2.5,25.8
8.9,10.74
11.5,9.27
2.5,11.94
34.5,21.17
15.5,14.18
21.5,5.71
8.0,6.2
9.3,12.84
7.3,8.58
24.0,12.44
7.5,7.77
3.7,4.1
7.7,8.83
5.3,5.93
12.9,14.16
4.5,5.83
9.0,9.05
5.5,6.8
15.7,16.87
7.0,7.23
36.61,40.03
23.5,17.28
19.0,18.61
6.5,5.85
5.0,5.86
6.0,6.17
10.0,8.82
8.5,8.18
6.5,8.37
7.5,7.59
8.9,12.01
18.5,18.73
6.5,7.46
6.5,7.84
8.0,7.27
5.5,6.47
10.7,11.68
72.25,57.64
24.9,30.03
5.7,4.73
5.0,4.55
9.5,9.4
8.5,9.23
5.5,5.55
5.3,4.68
7.7,11.48
5.3,5.34
13.7,15.44
3.3,4.63
8.0,9.44
5.7,7.09
5.7,5.72
8.9,10.69
5.3,5.46
14.5,12.83
7.5,7.93
8.9,10.03
8.1,9.51
6.5,7.68
5.3,6.01
17.0,13.71
14.5,9.54
10.5,7.35
6.5,7.29
6.5,7.15
6.9,8.87
4.5,4.54
8.1,8.65
21.0,18.91
8.5,6.67
21.3,19.37
7.5,10.02
4.0,8.38
6.1,7.52
12.0,12.3
9.5,7.45
6.0,5.07
11.5,7.45
8.5,7.47
4.0,4.99
13.7,15.85
8.0,11.25
5.5,5.3
14.0,10.32
4.5,5.83
6.5,7.26
13.5,11.1
8.5,8.4
11.7,5.59
6.5,7.14
4.5,5.28
12.5,12.44
7.0,7.5
7.3,6.23
12.5,9.72
13.3,10.56
7.5,6.72
8.1,8.2
8.5,7.9
29.45,33.35
6.5,6.06
2.5,3.54
4.5,5.32
33.3,35.54
10.0,9.84
8.5,8.09
15.7,17.68
5.7,6.53
14.1,15.28
8.0,11.85
13.0,11.61
3.7,4.68
20.5,20.32
6.1,6.2
3.5,5.02
10.1,10.64
14.5,12.29
17.5,17.95
21.7,15.87
11.3,10.52
23.7,21.32
7.0,5.64
4.5,4.24
4.9,11.07
7.5,7.6
7.0,9.17
28.8,26.36
6.5,7.95
6.9,7.23
6.9,7.71
7.3,8.78
12.5,13.36
9.0,9.71
6.1,5.83
4.9,7.95
4.5,5.34
57.33,51.47
6.9,9.11
8.0,7.86
4.5,6.31
4.5,4.35
14.5,9.96
8.5,7.62
9.0,8.57
5.7,7.83
45.0,36.29
7.3,9.12
5.5,5.44
6.5,6.32
7.3,8.75
6.5,7.37
4.9,5.56
4.1,5.03
18.5,17.34
5.3,8.24
16.1,17.03
7.5,7.08
3.3,4.29
6.1,6.03
6.1,6.32
12.5,10.77
8.0,9.07
3.3,5.4
26.9,27.38
11.0,10.18
5.7,6.81
8.0,5.92
12.0,7.34
5.7,6.52
3.3,3.7
8.5,7.48
15.7,13.11
6.9,6.82
10.5,16.63
14.9,16.64
9.7,9.67
5.7,7.27
8.5,7.12
13.0,10.83
6.5,6.98
8.9,9.28
8.5,8.02
10.5,9.91
5.3,5.9
4.9,6.43
6.5,6.7
9.5,7.24
3.5,4.52
9.7,8.85
12.5,14.13
6.5,9.7
5.5,6.67
4.1,5.2
7.0,6.64
18.5,16.03
9.5,8.72
4.1,11.65
6.1,5.91
7.3,8.86
9.7,7.84
11.3,13.59
7.7,8.72
22.1,19.66
4.5,4.42
8.1,6.67
10.0,9.32
8.5,8.63
6.1,8.55
57.33,50.11
24.5,25.98
10.9,11.59
8.5,8.02
4.5,6.67
5.3,6.42
12.5,6.19
5.3,6.23
10.1,9.48
11.0,12.02
8.5,5.65
7.5,8.73
11.0,7.56
4.9,6.49
6.0,5.06
4.5,5.39
5.7,6.29
8.9,8.89
16.5,12.95
8.1,9.11
7.0,15.92
16.9,19.79
13.0,11.53
5.0,5.79
4.5,5.55
12.5,15.83
11.5,10.38
8.0,7.03
5.0,5.97
9.3,7.64
7.0,4.95
4.9,6.55
10.9,12.89
4.9,4.72
8.9,10.28
8.5,8.81
5.7,7.2
6.5,7.61
8.0,6.18
11.5,9.01
4.9,5.35
5.8,5.24
3.3,5.61
4.5,10.93
8.0,7.43
10.9,10.08
7.7,8.94
5.3,5.55
42.83,33.68
7.5,6.87
7.7,11.36
10.9,5.94
9.0,9.08
10.1,8.28
6.5,7.8
11.5,11.29
7.7,7.66
8.5,8.94
15.7,21.3
24.0,24.11
99.0,46.87
8.1,9.87
10.0,7.36
4.1,4.25
4.5,6.32
5.7,6.06
8.1,9.53
5.0,5.02
21.5,14.37
11.0,11.51
12.5,10.91
6.0,6.47
33.5,29.37
19.7,25.9
9.0,7.47
17.5,17.07
5.3,6.34
13.5,11.12
7.7,9.49
9.0,8.25
19.0,16.47
5.7,7.39
18.9,18.56
4.9,5.68
6.0,6.67
4.0,4.41
4.5,4.48
18.5,16.9
6.1,8.3
7.3,4.38
18.1,8.64
6.5,8.72
6.0,4.45
6.1,5.7
30.0,35.13
8.5,10.11
24.0,17.19
6.5,5.82
10.5,10.55
4.5,4.87
7.7,9.83
13.7,15.82
10.5,9.37
6.5,9.57
7.5,5.96
7.5,5.72
12.5,10.47
14.5,12.92
22.9,21.09
4.1,10.47
4.9,6.99
24.5,20.06
7.5,7.86
4.1,6.05
5.3,7.11
4.9,7.35
52.0,34.97
49.15,51.19
10.1,8.51
6.1,6.64
6.9,6.26
9.7,11.45
6.1,6.91
11.5,8.39
5.7,5.27
13.3,16.38
8.0,7.44
5.5,4.55
16.5,16.46
6.0,5.58
57.33,52.8
12.5,12.98
10.5,11.69
11.5,11.62
8.5,10.98
32.1,37.84
4.9,6.71
13.5,14.91
30.1,39.02
6.5,5.25
8.9,10.62
5.3,5.52
9.5,12.65
17.5,16.19
25.7,22.99
11.3,13.87
6.9,6.3
7.3,7.91
57.33,51.81
8.0,6.87
20.0,17.4
6.5,5.48
21.5,14.85
32.9,48.1
9.7,8.71
19.0,14.08
6.1,6.6
14.9,5.85
5.5,7.2
14.5,13.79
25.7,29.07
4.1,4.57
7.0,7.27
12.0,10.64
8.5,7.84
4.5,5.39
13.5,12.36
23.45,24.81
4.9,6.02
6.1,7.36
7.7,8.53
8.5,7.31
8.9,11.97
32.9,23.7
8.1,7.97
10.1,10.65
52.0,53.32
45.0,51.72
9.7,10.02
13.5,12.11
7.0,7.44
4.5,5.19
6.9,9.9
12.0,10.02
14.5,15.24
12.0,10.21
7.3,6.41
14.5,13.59
17.0,12.03
8.0,8.28
4.1,4.12
3.0,14.54
9.0,8.11
32.83,32.88
13.3,9.63
9.5,5.02
6.9,8.05
6.5,8.26
5.0,5.32
5.3,5.79
26.1,31.07
8.5,8.0
8.1,7.75
4.1,4.78
12.0,10.5
4.9,5.37
6.0,8.43
8.0,7.49
6.1,4.84
10.5,12.13
12.0,13.11
5.0,4.88
5.3,8.41
21.5,17.79
6.5,6.95
34.33,30.27
4.5,4.81
11.3,7.01
11.0,8.98
18.5,16.42
21.5,17.31
4.0,4.44
12.5,10.38
8.5,8.98
4.5,5.52
6.5,6.71
12.5,13.18
25.0,17.16
17.7,22.49
6.5,6.99
9.3,8.57
15.0,15.58
6.9,5.25
7.5,7.28
8.5,10.6
5.5,5.88
8.5,7.64
38.5,47.73
16.0,11.7
6.5,5.36
6.0,5.71
13.1,11.65
3.5,3.96
6.1,7.23
4.1,4.52
8.5,10.99
4.5,5.44
17.8,16.31
5.3,6.14
19.5,16.29
12.9,10.35
15.7,16.42
10.0,7.36
10.5,9.58
8.0,6.05
7.7,10.8
8.5,7.98
9.5,8.17
6.5,7.44
10.5,10.22
4.9,5.32
10.0,9.31
9.0,9.06
6.5,4.54
8.1,10.2
5.3,6.34
6.9,10.33
5.3,7.36
6.1,5.58
4.0,3.78
18.5,16.25
8.1,9.05
9.5,9.11
6.9,6.84
14.0,14.38
7.7,9.58
9.7,12.54
4.0,5.09
5.3,4.61
6.5,6.45
11.3,12.13
6.1,7.1
5.0,5.89
17.0,17.39
6.1,6.85
11.4,13.14
12.5,13.24
23.0,24.27
8.5,8.99
21.5,20.81
23.5,16.97
4.1,5.71
13.7,17.27
16.5,15.91
6.1,7.51
2.5,26.42
13.3,13.09
2.9,6.22
3.3,4.59
5.0,6.23
45.0,16.06
4.5,5.33
5.3,6.99
4.5,5.38
4.9,5.86
21.5,21.04
7.5,6.8
12.5,12.05
4.1,4.26
9.3,10.71
5.5,4.79
17.5,16.68
5.5,6.99
9.3,10.47
7.3,7.92
6.1,6.58
6.5,6.65
5.7,6.14
8.1,9.47
10.5,10.3
8.5,7.57
7.3,9.24
37.33,37.84
11.0,10.6
21.0,18.64
6.0,5.12
18.9,22.77
16.5,15.96
10.5,8.74
14.1,18.69
12.5,11.46
5.0,4.85
9.0,10.07
6.0,6.36
12.1,14.67
8.5,8.79
5.5,5.48
7.3,7.41
17.5,14.78
8.1,6.63
5.3,7.06
8.2,9.21
57.33,55.88
8.1,7.76
11.7,14.81
7.7,4.66
7.7,9.06
16.9,16.93
5.7,6.86
5.0,8.72
18.5,16.48
4.9,4.76
13.0,14.27
7.7,9.41
12.0,11.17
7.3,7.05
6.1,6.29
3.7,4.51
15.7,15.02
12.9,15.05
5.0,5.73
11.0,8.95
17.5,7.7
4.1,4.94
9.7,7.24
10.5,9.55
31.0,25.65
11.3,11.73
4.1,4.43
5.3,5.66
5.7,6.36
3.7,12.29
8.0,7.57
3.0,4.51
8.9,10.63
12.0,7.83
30.1,31.29
9.5,5.68
5.5,6.07
8.5,8.19
18.1,21.91
5.3,5.62
4.9,7.03
6.9,8.78
25.3,27.27
15.3,13.3
49.57,11.84
7.0,13.28
12.9,16.31
10.1,10.38
8.9,10.17
29.7,33.13
18.0,14.64
6.9,7.48
7.7,8.0
7.3,8.31
21.0,19.96
9.3,5.51
7.3,7.69
6.5,7.57
5.0,5.4
8.5,9.44
41.7,33.41
3.7,5.22
10.5,12.04
7.5,8.58
7.3,8.82
11.5,9.94
23.5,19.29
14.0,12.61
11.3,16.03
30.5,36.12
19.5,13.97
5.0,5.33
28.1,27.08
6.0,5.72
18.5,11.55
6.9,7.84
22.9,15.92
4.0,4.36
7.2,8.38
4.1,4.58
11.3,13.06
14.5,11.77
56.8,50.15
14.0,12.28
12.0,9.39
13.7,16.67
20.5,11.49
29.0,25.4
7.3,8.55
11.7,9.3
12.9,14.95
10.5,12.04
22.9,22.93
4.5,5.55
6.1,6.74
8.9,9.05
5.7,6.07
8.1,9.14
4.0,5.22
19.0,18.77
6.5,8.23
56.8,50.84
6.9,8.43
10.1,13.38
10.0,10.99
7.5,6.24
10.9,11.79
9.5,9.09
9.0,10.39
5.7,6.78
8.9,10.11
45.0,5.77
6.5,5.66
8.9,10.58
14.5,15.4
12.5,10.19
12.9,12.27
8.9,7.47
19.0,18.49
6.9,7.34
8.5,7.85
6.5,5.88
5.3,7.06
11.5,9.26
4.5,6.2
21.5,15.59
16.9,11.01
20.1,20.06
12.1,15.59
7.3,9.62
7.0,5.61
10.1,9.24
9.3,11.93
9.3,9.51
5.0,6.3
7.3,7.14
7.7,5.67
5.3,6.48
4.1,5.25
6.5,5.98
49.8,52.4
7.3,7.65
5.9,5.01
9.5,7.92
5.5,7.55
11.3,12.57
7.0,6.8
8.0,8.22
19.0,15.37
14.0,13.55
12.0,8.78
3.7,7.65
11.7,13.19
6.5,5.93
71.3,2.88
7.5,6.8
6.5,6.59
10.0,10.61
6.9,8.9
9.7,12.4
5.3,5.78
12.0,10.17
8.5,9.02
26.0,23.55
34.0,24.65
18.0,15.92
8.1,7.99
17.0,15.17
4.5,4.64
10.5,8.8
4.5,5.07
12.0,10.76
10.9,13.81
8.5,6.95
20.5,26.23
5.5,5.45
7.7,8.64
5.0,5.99
6.9,5.31
6.1,6.7
8.5,5.46
6.0,5.98
6.1,7.47
11.3,11.22
15.0,10.45
5.7,6.15
10.5,10.45
16.5,13.29
4.1,4.66
4.1,4.85
15.5,11.7
6.5,7.09
11.0,8.54
12.5,8.7
11.0,4.96
6.5,7.2
25.0,16.45
4.9,7.95
7.3,8.91
4.5,5.04
18.0,12.62
9.0,8.06
11.3,12.73
8.9,11.5
5.7,7.46
7.7,8.78
11.7,12.85
8.1,38.6
8.5,8.66
5.3,6.85
5.3,5.01
10.5,10.2
14.1,9.16
19.5,13.29
6.5,12.1
18.5,18.05
6.1,8.62
10.5,7.27
13.0,11.38
8.5,8.98
6.1,8.8
9.0,6.02
33.5,31.42
6.1,7.72
10.5,10.06
9.7,8.66
15.7,17.54
5.7,6.49
8.1,8.98
13.0,11.64
6.5,9.59
4.5,5.22
10.5,9.54
9.5,9.85
7.7,10.09
4.5,5.34
7.0,7.45
5.7,7.81
21.3,19.94
8.1,8.17
10.0,8.81
11.0,11.23
18.9,17.63
14.0,13.15
4.5,6.85
20.5,12.14
14.5,13.91
4.5,3.75
7.7,8.28
10.0,7.13
20.5,21.4
6.5,7.72
6.5,7.18
10.5,7.79
4.5,4.79
5.5,6.31
6.5,9.05
36.3,36.31
7.0,6.73
5.7,6.24
18.9,20.55
27.0,16.35
6.1,6.72
7.5,7.9
8.0,6.85
9.0,10.27
8.9,10.49
6.1,7.16
3.7,8.93
7.7,7.55
6.9,8.17
7.3,9.41
10.5,11.77
8.9,9.6
10.9,12.57
11.5,10.17
11.0,8.6
5.5,9.23
18.1,13.76
6.5,5.97
9.7,11.04
6.5,8.98
3.5,5.32
12.5,10.81
10.5,7.98
6.1,5.28
3.7,4.32
11.5,8.6
6.5,7.19
3.3,5.4
15.5,10.11
32.5,30.37
6.0,4.59
9.3,10.65
8.0,7.6
5.3,5.27
10.5,8.55
12.5,13.14
13.8,13.46
4.9,7.18
7.7,8.7
5.0,6.5
30.9,32.75
6.0,7.28
7.5,7.02
9.3,9.38
8.5,4.13
4.9,4.9
4.0,5.92
12.9,15.5
10.1,12.22
49.8,50.5
4.9,8.82
22.5,26.72
5.7,5.71
5.7,6.07
6.5,7.24
6.5,7.59
5.5,5.62
20.5,17.8
11.3,10.81
18.9,10.61
7.0,7.63
4.1,5.3
36.83,33.63
24.1,26.08
8.0,11.51
8.5,9.25
6.1,7.64
5.5,6.27
8.1,8.22
12.1,14.07
9.7,9.12
11.0,10.27
6.5,7.62
7.7,9.18
12.1,14.69
10.5,14.17
28.9,32.65
25.5,24.28
7.7,9.94
7.3,10.35
5.3,7.37
4.9,5.63
3.7,4.69
10.1,12.82
8.9,7.54
7.3,8.18
9.3,8.67
5.7,4.97
7.7,6.78
6.5,8.21
6.5,7.7
5.3,6.34
4.5,5.46
3.7,4.46
6.1,7.4
4.1,5.28
8.5,8.57
9.0,9.02
5.7,6.86
22.0,19.28
4.0,4.48
11.3,12.08
5.7,5.21
9.5,7.87
57.54,55.71
11.5,10.3
9.0,8.4
9.0,12.64
12.0,12.14
5.3,4.7
4.9,7.16
10.5,9.22
8.0,8.1
6.5,7.12
24.1,22.96
8.1,10.9
5.0,5.45
49.57,51.39
5.3,5.48
11.3,12.92
4.5,5.55
8.9,9.98
11.7,11.57
5.5,4.56
7.7,22.93
7.7,8.43
3.7,5.06
4.9,7.21
5.3,7.36
7.3,7.99
7.0,6.32
12.5,11.78
5.0,10.63
34.0,34.24
3.7,5.02
10.0,9.9
7.3,7.58
6.5,7.95
5.0,5.38
45.0,54.25
8.9,8.81
8.1,7.9
8.5,10.85
14.1,17.14
3.4,6.29
9.7,12.02
7.7,7.42
9.3,9.06
11.7,10.37
5.3,6.48
5.3,5.48
8.5,9.68
6.9,8.81
16.1,17.99
15.5,10.98
5.7,6.89
19.0,14.42
6.1,7.05
6.0,6.92
22.0,16.09
5.3,7.15
12.5,13.51
10.9,9.97
4.5,5.41
5.3,7.03
9.5,9.71
5.3,5.26
5.7,5.54
5.0,5.66
5.7,6.76
6.9,6.89
9.7,10.08
5.5,6.62
6.5,6.02
34.5,31.64
5.3,5.74
9.5,12.06
8.9,9.35
11.7,13.21
11.5,7.88
11.0,9.72
8.1,9.61
24.1,19.57
18.5,14.18
52.0,48.49
13.5,12.81
4.0,5.34
5.3,5.75
10.5,12.86
31.5,30.17
15.0,13.53
4.5,4.36
5.3,6.68
10.9,9.11
3.7,5.48
8.5,9.07
5.5,7.47
8.9,8.77
7.7,7.01
11.5,8.91
15.5,15.0
8.5,9.29
9.7,10.55
17.5,11.48
12.1,11.01
3.3,5.36
5.7,5.58
5.7,6.18
6.5,5.77
4.1,6.08
49.57,52.55
11.3,11.26
7.7,7.15
8.0,5.61
7.0,7.37
13.5,13.65
10.5,8.76
9.5,8.26
12.9,17.73
5.5,6.1
5.5,6.27
7.5,7.09
5.7,6.55
6.0,6.34
26.0,22.46
5.7,6.13
12.5,9.9
9.7,9.56
14.0,7.32
33.3,27.41
6.2,6.66
7.0,5.96
13.5,11.21
8.9,9.87
4.1,5.45
5.3,4.9
3.7,7.6
5.3,6.04
9.3,10.6
9.0,11.22
12.1,12.88
4.5,6.19
12.5,12.59
6.5,8.07
17.7,17.05
12.1,12.13
12.1,14.56
30.8,29.2
12.9,11.44
7.7,8.94
3.3,5.08
27.47,33.9
6.5,5.18
15.3,16.09
4.1,4.82
6.5,7.85
5.7,6.64
20.5,19.15
49.57,49.83
16.5,14.86
8.0,6.24
5.3,5.39
12.0,11.59
6.5,6.54
2.9,4.84
5.7,9.22
6.1,6.3
9.5,9.08
8.5,8.09
5.7,8.31
6.5,6.91
8.5,9.11
6.9,8.76
13.7,12.2
6.1,6.75
4.5,5.2
9.3,10.55
75.99,85.09
18.0,11.39
5.5,4.98
6.5,6.74
6.9,5.99
4.9,6.24
8.0,9.51
8.5,9.27
9.3,11.79
10.0,10.74
6.0,6.08
20.0,8.13
10.0,10.21
14.0,9.36
2.9,4.2
5.5,4.75
5.3,6.77
32.0,28.92
5.7,6.4
10.5,9.31
14.5,15.46
10.0,10.2
12.0,10.95
7.0,7.26
2.5,13.16
4.9,5.51
14.5,14.6
49.57,51.42
4.5,4.89
7.0,6.03
15.5,13.36
8.5,9.7
9.7,12.04
7.3,7.74
17.3,20.72
7.0,7.21
10.1,10.94
13.7,15.44
4.1,3.85
15.0,16.11
6.5,8.07
6.0,5.68
4.9,5.91
8.1,6.44
7.3,8.41
5.7,5.99
11.3,9.65
10.5,7.4
8.1,7.69
15.5,13.8
12.5,11.05
3.5,5.51
13.5,11.76
6.5,6.22
14.5,11.79
4.5,6.7
17.7,16.64
64.33,58.54
10.0,9.27
7.5,8.0
6.5,6.54
7.3,7.82
14.0,12.5
23.0,21.26
14.0,14.39
3.7,8.18
8.0,6.52
12.5,9.94
19.5,12.67
4.5,4.95
5.3,5.74
5.7,9.61
75.0,12.33
3.5,4.36
14.1,12.42
13.3,14.97
10.9,13.11
6.5,5.56
11.0,13.68
4.1,5.99
6.0,5.46
4.1,4.07
7.5,9.15
7.0,6.57
9.3,10.61
15.3,9.22
6.5,6.62
6.9,6.97
3.3,12.36
45.0,47.78
14.5,9.38
4.9,6.78
14.9,15.1
36.65,40.06
8.6,8.71
13.0,12.06
5.3,9.0
4.9,7.15
6.9,6.85
5.7,12.68
16.0,11.44
9.0,10.88
5.0,10.15
5.5,5.88
8.5,8.18
17.5,16.43
7.7,9.62
10.5,11.24
5.3,5.47
4.5,5.56
23.7,33.46
4.0,5.81
59.75,29.83
4.0,4.68
10.9,13.62
9.5,9.4
52.5,40.01
5.7,6.24
6.0,6.78
10.1,11.2
4.6,5.49
7.7,7.68
6.9,8.59
8.5,7.48
5.5,6.75
7.3,9.24
8.0,6.89
20.5,19.34
4.5,5.34
13.0,13.97
7.7,12.42
8.1,10.54
10.0,8.99
22.9,30.35
4.5,4.91
22.67,21.45
14.5,12.28
11.7,12.77
6.9,8.2
15.7,14.89
15.0,49.04
8.0,7.58
4.9,6.24
11.3,12.5
11.3,11.01
3.3,4.28
14.9,14.48
7.3,8.14
4.0,6.58
17.5,14.45
30.0,16.52
26.1,29.63
18.5,21.6
5.3,5.68
25.5,16.53
20.5,22.04
28.0,27.39
121.0,28.49
8.5,7.86
41.3,35.29
11.0,9.41
5.0,4.22
6.5,8.76
10.9,10.62
7.7,8.42
14.5,17.54
6.1,7.78
5.3,9.1
19.0,19.17
7.7,3.78
9.3,9.23
56.8,55.77
16.0,13.72
4.9,5.13
13.3,11.05
4.5,4.89
4.1,5.6
8.1,6.46
4.5,5.2
25.0,17.91
9.7,10.46
9.5,9.24
7.7,9.2
5.3,6.73
57.33,53.45
11.7,11.59
5.0,5.02
8.5,5.82
16.9,15.19
8.1,9.6
4.5,5.26
5.5,5.55
9.0,7.03
9.0,8.69
7.5,7.4
8.0,8.3
16.0,15.51
13.3,15.62
11.5,10.07
10.9,9.94
3.5,4.9
6.1,7.24
5.7,6.07
16.5,15.61
7.5,7.54
6.5,6.52
8.5,10.89
11.3,10.83
25.7,32.83
10.0,9.51
5.7,5.74
7.7,8.87
10.0,8.7
5.3,6.48
7.3,10.31
7.5,8.85
3.5,2.57
7.0,6.65
9.5,9.74
21.3,17.24
8.5,9.82
76.9,82.57
13.7,15.13
5.5,7.17
5.5,4.98
9.5,9.29
5.3,4.75
8.5,8.17
7.0,6.99
7.5,4.97
4.1,5.09
8.5,6.43
10.1,13.22
11.0,7.45
11.3,10.72
32.83,31.92
9.0,8.1
10.0,10.3
8.5,5.51
65.1,68.64
8.5,7.37
8.9,9.95
8.5,10.5
13.3,14.71
9.5,10.76
5.5,6.85
8.1,9.78
12.1,15.09
6.5,8.48
5.3,6.29
14.1,9.43
14.5,17.27
8.0,7.03
9.0,9.41
15.3,12.4
7.5,6.6
10.5,10.62
12.5,15.51
7.5,6.31
6.5,9.32
12.0,8.52
10.5,10.41
12.5,9.91
11.7,17.19
7.7,16.98
6.1,5.56
33.8,32.51
15.0,13.68
11.5,9.92
33.0,32.43
7.5,6.96
7.0,8.05
8.1,10.53
17.3,17.21
5.3,6.08
11.0,8.63
6.9,8.08
6.5,6.27
29.04,29.76
6.1,8.57
19.0,13.12
6.0,6.16
11.0,11.01
10.1,11.28
7.7,9.02
5.7,7.66
5.7,7.59
6.1,5.9
4.5,4.86
6.0,6.82
6.5,8.43
7.5,9.19
16.0,13.7
27.0,22.6
28.27,31.46
29.0,24.64
4.0,5.54
10.0,9.81
10.0,8.1
3.7,4.71
5.7,6.33
6.1,6.89
9.3,9.54
6.5,6.4
9.0,8.54
3.0,5.45
7.5,5.76
5.7,5.38
2.5,16.06
10.5,9.84
4.9,2.6
7.3,8.72
12.5,8.36
8.1,7.54
6.1,6.02
16.9,18.45
5.7,4.94
7.9,8.35
22.9,19.06
6.0,11.22
6.5,7.23
4.0,4.85
7.7,9.29
9.5,9.12
9.7,8.52
10.5,9.73
5.0,4.81
7.7,6.88
6.5,8.42
29.7,30.67
45.0,19.21
7.0,7.13
4.0,4.43
17.0,15.61
9.7,11.12
8.9,8.85
14.5,15.4
10.0,7.71
5.7,8.84
6.1,6.12
7.3,10.92
6.5,8.58
26.5,23.09
4.9,5.84
17.5,20.57
17.0,13.35
9.3,11.62
10.5,13.27
28.1,27.88
9.0,8.22
12.0,8.62
7.7,9.2
4.5,5.12
6.9,7.28
7.7,8.84
8.5,10.37
7.0,7.11
17.0,15.23
6.5,5.97
7.5,9.16
5.3,5.64
11.7,13.74
5.3,6.67
11.7,11.49
12.1,13.5
16.5,11.76
4.5,5.22
6.1,6.49
6.9,7.22
4.1,5.84
10.0,9.62
7.5,8.03
5.5,7.36
12.0,10.73
4.9,11.01
6.1,8.49
4.5,5.08
22.5,19.14
3.0,14.86
6.1,6.77
10.5,12.83
8.0,9.27
23.0,24.35
10.5,8.18
57.33,16.43
7.5,6.41
5.3,6.47
8.5,7.07
5.5,5.28
8.0,7.16
3.7,5.7
5.3,5.05
6.9,5.98
5.3,6.74
10.0,9.29
27.0,11.87
10.5,8.32
6.1,7.63
9.5,6.68
6.0,5.17
4.5,7.5
7.0,5.41
6.9,7.93
5.3,7.68
8.0,12.19
9.5,10.13
13.0,11.68
4.0,5.0
4.9,9.72
4.1,5.39
7.5,7.83
10.0,8.16
5.5,5.8
49.8,51.66
8.5,7.07
12.0,12.22
37.83,33.14
10.5,12.33
7.5,7.06
5.5,6.57
32.5,26.42
18.0,12.18
18.1,20.3
10.1,9.78
7.0,6.95
14.0,7.58
13.0,13.78
8.5,9.8
9.3,9.25
6.5,6.61
26.5,16.8
10.5,8.44
4.9,5.36
6.5,7.14
18.9,20.08
14.0,11.85
7.0,6.14
15.3,19.95
10.5,11.7
4.9,6.07
13.0,10.34
12.0,11.4
78.16,80.89
6.5,7.77
4.1,5.96
20.1,9.55
4.5,6.23
4.5,7.21
42.1,39.79
6.1,13.72
6.9,6.94
11.5,11.42
4.5,6.06
4.5,4.36
3.3,4.38
7.5,7.76
8.5,9.03
6.9,6.61
5.5,5.08
29.3,33.25
6.1,6.93
7.5,7.55
4.5,6.07
19.0,17.79
6.1,6.77
5.3,5.83
8.0,5.95
9.4,9.56
15.7,19.97
5.0,5.5
15.7,20.03
7.7,10.01
4.5,6.12
10.5,7.19
3.7,4.35
20.5,10.83
11.7,13.25
10.9,13.18
4.5,5.56
5.3,5.5
14.9,16.55
16.0,12.78
10.1,11.39
10.0,10.27
12.0,8.86
16.1,20.42
23.5,19.32
5.3,7.79
10.9,9.99
7.7,8.58
49.8,51.43
5.3,5.89
49.57,53.84
6.5,6.83
8.5,9.22
8.0,8.2
6.9,6.49
8.1,5.68
10.0,5.59
8.5,8.58
6.1,7.13
5.0,4.68
12.5,12.0
6.5,8.1
9.3,11.77
25.7,27.79
8.9,10.53
6.0,5.38
5.7,6.36
13.3,13.79
6.5,7.21
7.3,8.24
10.1,9.43
6.0,7.3
11.7,11.28
5.3,5.76
12.5,10.74
6.9,7.69
9.0,7.72
10.1,18.39
11.0,7.69
4.5,4.39
21.3,19.8
10.0,7.09
7.5,8.24
5.7,5.75
5.3,5.63
33.47,35.51
14.5,10.69
6.5,8.23
4.9,5.03
7.5,8.74
6.1,6.57
12.1,9.53
6.0,6.94
7.7,10.86
8.0,8.52
6.5,5.47
7.3,8.08
11.5,13.2
11.7,15.12
5.4,5.28
14.9,15.89
8.5,7.77
11.7,12.16
10.5,10.48
4.5,5.1
10.1,11.62
5.3,5.72
4.5,5.48
8.0,6.72
5.3,6.05
18.5,17.91
33.5,37.34
18.1,18.87
4.9,4.81
4.5,4.82
8.1,7.9
16.0,16.78
6.5,7.83
15.7,15.59
17.7,18.77
5.3,6.8
9.7,12.46
6.0,5.75
8.5,7.25
4.9,5.52
8.5,11.07
16.0,11.02
6.1,7.38
7.5,6.56
6.0,5.62
4.5,6.54
14.9,16.27
7.7,9.48
17.7,19.92
13.0,12.61
10.5,15.25
18.5,21.99
14.9,12.59
10.0,6.86
5.0,5.92
4.5,3.93
6.1,6.75
50.5,57.8
6.1,6.16
14.5,13.55
14.9,15.23
8.5,8.64
11.5,12.55
12.9,15.19
5.5,7.38
10.5,9.14
2.9,4.67
8.5,10.3
9.5,7.27
6.5,6.45
14.0,11.34
14.0,12.1
5.5,4.65
4.5,5.51
10.9,12.2
7.3,7.37
7.5,7.19
5.3,6.4
13.3,15.27
21.0,18.02
5.5,5.1
9.0,6.25
18.0,14.21
6.5,7.63
12.1,12.81
21.0,21.23
5.7,6.22
11.0,8.75
6.5,7.47
9.0,7.4
6.0,5.78
21.7,32.07
5.5,5.34
6.0,6.71
12.5,8.46
5.7,5.07
11.3,10.27
10.1,12.82
6.9,8.53
14.0,11.57
10.0,11.37
6.5,4.79
12.5,11.45
5.5,6.42
6.5,7.36
8.0,10.0
57.33,51.06
3.5,4.0
6.5,6.21
6.1,7.98
4.0,4.87
13.0,14.34
41.3,32.36
6.5,7.22
10.9,12.64
8.9,9.12
6.9,11.78
16.5,16.4
4.5,4.98
4.9,6.54
11.3,13.22
9.5,10.74
16.5,15.96
9.0,6.11
6.9,6.78
6.1,8.58
10.0,10.05
7.7,9.18
12.1,10.97
7.3,10.59
15.0,11.13
8.0,7.66
6.0,5.45
13.0,10.76
10.1,9.57
9.0,7.17
13.5,11.18
10.0,9.87
19.0,12.69
4.5,4.99
10.5,10.1
8.9,11.34
4.9,5.97
7.7,9.27
8.0,6.39
8.0,6.45
18.0,17.16
58.5,49.7
10.9,7.81
13.7,9.36
12.1,15.29
21.33,14.0
45.0,6.37
6.5,8.77
5.0,5.02
14.5,12.93
19.7,15.61
4.0,5.56
6.0,6.12
14.5,16.17
5.5,5.58
4.5,4.36
12.1,12.03
56.0,10.63
47.33,39.47
5.7,8.15
8.1,8.02
11.5,8.65
30.1,34.91
6.0,5.56
11.7,12.68
6.1,6.17
4.5,4.85
4.1,5.7
2.5,8.62
25.3,30.16
29.3,32.56
4.1,5.87
22.1,31.61
11.7,13.57
10.0,11.42
12.5,15.77
6.0,4.53
4.1,4.6
4.1,4.82
14.5,16.45
4.1,6.0
4.1,5.03
11.3,17.09
10.5,12.28
11.5,8.94
11.7,9.44
13.0,9.85
11.3,11.96
16.1,18.72
5.7,7.67
4.1,4.88
15.0,12.9
5.7,6.48
14.9,17.85
5.7,7.5
4.9,7.4
14.0,11.42
5.5,6.02
57.33,56.31
8.1,8.82
12.5,12.25
29.0,27.44
6.9,4.55
6.0,6.51
8.9,10.84
5.0,4.78
33.83,32.8
3.7,4.16
2.5,7.94
6.0,6.44
5.3,5.82
7.5,7.76
7.7,10.35
5.7,6.98
7.7,10.03
8.5,8.87
14.0,13.35
6.9,8.13
22.0,17.51
9.0,9.84
5.7,6.51
13.3,14.08
7.3,6.72
25.0,15.91
9.5,7.66
11.7,10.89
10.5,12.03
8.9,8.02
9.0,8.61
46.9,51.5
4.5,6.08
13.5,13.45
12.0,7.98
28.5,22.38
12.0,12.44
11.5,14.73
49.8,51.25
5.7,5.19
10.5,8.8
21.0,17.94
8.9,12.27
8.9,10.65
9.7,9.81
4.9,5.56
7.3,9.04
4.0,4.45
6.1,6.56
5.0,5.54
16.5,16.29
10.5,13.61
63.5,73.23
7.7,9.24
6.5,21.29
14.0,8.27
6.5,7.91
17.3,18.32
25.3,22.78
4.1,4.85
5.7,5.07
8.1,7.01
4.5,5.31
15.0,14.43
8.9,9.58
46.0,43.41
9.0,8.68
5.5,6.51
4.9,6.11
13.7,15.24
5.7,5.91
7.5,7.48
9.5,9.05
9.7,8.26
5.5,6.22
27.0,28.77
6.5,5.47
6.9,8.02
4.0,4.93
6.1,6.0
18.0,13.6
10.5,10.47
10.0,11.37
8.5,14.62
10.3,13.15
10.5,8.7
7.0,6.56
7.7,8.94
7.5,6.73
8.9,12.57
39.33,27.74
8.9,8.46
20.5,15.85
12.1,12.17
11.5,10.51
12.1,12.78
5.7,10.28
17.5,18.7
9.0,7.73
9.3,11.05
11.5,9.88
6.5,7.39
10.9,11.3
9.0,6.8
15.5,8.54
49.57,51.81
6.0,6.32
46.83,36.53
3.7,5.43
5.3,6.14
10.1,10.4
8.5,9.24
5.7,51.25
8.5,9.78
13.3,16.48
4.9,7.29
13.0,11.7
6.1,6.15
14.5,18.94
10.9,8.13
3.5,12.62
4.1,5.75
5.3,5.71
4.5,5.86
8.9,8.77
7.5,6.38
5.0,5.21
5.3,5.08
7.5,6.4
14.0,10.4
6.5,4.21
9.0,9.85
10.5,12.27
5.0,5.06
41.8,35.9
6.1,7.28
7.3,16.17
13.7,15.91
57.54,49.56
2.5,9.04
7.7,8.35
6.0,6.27
8.5,9.24
15.7,14.73
28.0,19.72
12.0,10.0
12.1,13.23
26.5,23.7
3.8,10.92
8.9,10.88
7.5,8.62
12.9,11.96
6.9,8.41
6.1,6.9
9.0,10.83
10.5,9.29
7.7,7.96
20.0,11.88
6.0,5.16
5.3,6.62
4.1,4.32
7.0,5.42
5.7,6.93
6.5,6.23
4.7,4.87
10.1,12.48
27.5,29.92
4.5,5.81
24.1,22.82
8.9,7.1
6.1,5.67
9.0,9.96
26.1,32.53
10.0,10.34
14.5,14.11
18.1,16.47
5.3,6.96
12.1,16.28
10.1,9.03
14.9,16.22
18.5,15.23
6.1,6.33
17.5,15.12
23.5,17.07
30.0,27.88
8.9,10.38
7.3,13.28
5.3,5.14
6.5,6.0
14.5,14.14
20.6,16.75
7.0,5.11
6.5,8.32
6.5,6.18
7.3,7.46
6.1,7.01
12.0,12.51
6.9,6.76
7.7,8.34
13.7,14.43
3.5,4.73
4.1,4.74
27.3,36.06
41.3,50.69
4.5,6.59
4.5,5.21
9.3,8.75
9.7,11.85
6.9,7.22
4.1,5.25
61.66,86.64
8.5,8.36
6.5,7.47
6.0,5.3
10.5,11.08
10.5,9.85
5.5,6.97
12.9,11.19
6.1,6.81
4.5,6.48
31.5,28.39
6.5,7.39
7.0,11.96
36.3,31.41
4.9,9.3
3.7,5.56
5.3,7.43
6.1,5.82
8.1,8.02
6.5,6.75
8.0,9.73
3.5,5.33
29.05,34.91
14.0,12.24
9.7,9.86
5.3,6.11
12.5,15.16
10.1,10.64
2.9,4.54
6.0,6.81
5.0,5.51
5.5,6.04
11.3,14.11
12.5,12.95
15.7,12.76
9.5,9.35
6.5,6.5
8.1,8.29
12.0,11.09
3.7,5.59
10.5,9.0
4.5,6.43
25.3,27.89
6.5,7.34
11.7,13.92
4.5,5.18
47.04,37.33
3.7,3.87
5.5,5.2
33.0,31.51
6.5,8.14
6.5,7.16
6.5,6.81
7.5,6.59
5.5,9.61
20.9,31.78
5.3,5.72
4.5,5.79
26.1,24.66
33.33,31.17
13.7,13.59
7.7,8.95
5.3,7.15
10.5,12.49
13.5,13.94
7.3,7.05
10.1,7.83
14.0,10.65
14.5,16.38
11.3,14.99
5.0,11.82
8.9,8.56
24.0,18.44
11.0,11.52
20.1,7.51
6.0,6.31
9.0,11.6
17.7,18.02
16.1,10.87
9.5,6.68
4.9,6.67
5.7,6.72
4.5,4.71
10.5,8.35
22.0,19.5
10.1,9.52
6.5,8.18
8.1,9.48
8.0,7.46
11.3,11.22
4.5,4.7
7.0,8.62
6.1,6.39
42.04,30.18
12.5,8.28
5.0,5.83
9.5,8.04
8.0,6.43
29.2,26.4
17.3,17.45
4.5,4.45
8.1,11.98
7.5,9.08
10.1,4.83
4.5,4.02
6.5,6.77
7.0,7.04
13.5,12.94
5.7,5.89
8.1,5.64
11.0,9.02
12.9,15.78
6.0,6.69
3.7,5.32
4.9,7.27
11.8,9.74
4.5,5.56
9.7,12.24
9.3,11.7
6.1,8.32
10.9,15.89
5.8,6.59
12.5,7.85
7.0,12.71
4.1,6.22
7.7,4.88
8.5,6.42
5.5,7.64
12.9,10.22
3.7,4.6
34.0,31.94
7.5,7.42
6.0,7.08
6.0,6.68
10.1,13.33
7.8,7.57
10.5,10.63
4.1,5.25
6.5,8.04
8.9,10.76
5.0,5.16
8.5,7.87
7.3,5.69
14.5,12.1
6.5,9.88
4.9,5.79
18.1,22.28
6.5,7.49
7.3,11.51
6.1,8.62
8.1,10.94
11.5,8.12
14.9,15.23
11.7,11.84
5.7,6.78
11.0,10.72
10.9,9.77
7.0,6.67
20.5,14.94
6.5,8.31
4.2,4.44
17.0,14.66
4.5,4.64
10.0,9.11
39.3,35.66
8.0,6.81
4.9,5.84
11.3,6.39
8.0,6.88
16.9,23.34
13.7,14.25
7.3,7.84
10.5,12.77
8.1,10.58
51.0,39.62
14.9,7.05
8.5,7.79
7.3,7.97
9.7,11.69
10.0,9.15
4.0,4.12
10.5,12.01
6.9,7.42
19.5,14.43
4.9,5.75
4.0,4.52
10.5,6.41
5.7,7.13
13.3,13.34
11.7,12.4
8.5,8.6
4.1,7.57
12.5,10.66
10.5,8.7
10.1,11.46
11.7,13.35
4.5,4.15
21.5,19.52
26.0,27.16
11.7,12.89
8.5,10.13
13.7,14.49
7.5,8.16
6.9,9.86
4.5,5.13
25.3,25.48
10.5,11.95
8.5,8.92
6.5,7.31
6.1,7.19
4.5,5.2
10.5,12.61
5.7,8.06
9.7,10.22
7.3,6.05
5.3,6.63
6.9,5.19
8.5,8.7
8.5,9.61
10.9,13.2
3.7,4.36
11.7,12.95
11.4,11.01
33.8,35.28
8.0,8.28
7.5,6.59
4.5,5.13
34.33,30.71
5.0,6.53
5.3,6.07
12.1,12.1
16.5,15.45
4.9,6.88
4.1,5.02
7.0,6.22
5.3,7.21
7.7,8.26
7.7,8.75
21.0,19.99
39.54,36.43
10.5,9.89
6.5,7.74
11.5,8.96
8.9,7.69
28.1,21.39
6.5,6.48
17.5,15.65
5.0,5.19
22.0,18.13
29.7,33.83
21.3,18.73
6.5,6.35
12.5,11.45
6.1,9.36
14.0,10.62
5.7,5.66
5.3,6.44
7.7,8.11
10.5,11.79
17.7,16.78
6.5,8.35
5.7,6.15
15.7,18.54
4.1,5.61
10.5,8.88
13.0,10.65
22.9,23.78
57.33,54.66
9.3,7.34
4.5,5.33
19.7,19.9
14.1,16.98
19.5,21.92
9.7,10.31
14.0,13.93
8.0,8.43
10.5,6.83
5.0,-0.8
6.9,7.43
14.5,10.97
5.7,6.19
14.5,16.2
7.0,7.76
3.7,4.47
8.9,9.72
5.7,6.23
9.5,6.76
6.5,7.18
8.0,8.45
5.7,7.17
15.0,14.79
14.5,15.49
10.0,10.51
8.5,8.53
3.3,12.39
4.9,4.92
34.5,36.79
10.9,11.43
5.5,5.85
8.5,9.61
12.0,11.71
6.0,5.82
9.0,9.72
7.5,7.29
7.5,9.45
10.5,9.64
3.3,4.53
11.0,10.93
5.7,5.09
25.5,19.82
6.0,6.8
5.4,4.72
15.5,16.03
19.5,15.69
14.0,9.2
9.3,11.19
10.5,11.19
9.7,13.35
4.1,5.56
8.5,8.35
10.0,9.29
5.3,5.69
6.5,6.45
11.7,12.28
6.5,8.45
11.5,9.66
13.0,9.77
7.7,6.83
17.5,16.04
11.7,10.11
6.0,5.53
3.7,5.46
4.5,4.91
6.1,6.71
4.1,5.28
7.3,8.65
5.3,7.05
4.1,6.15
7.0,8.84
7.7,6.47
10.5,9.88
4.5,4.18
5.3,4.96
13.7,11.36
8.5,6.9
6.5,6.6
16.5,13.62
8.9,11.05
12.1,12.3
6.5,7.09
14.5,16.69
5.3,5.94
6.0,6.29
5.0,6.02
9.7,10.01
5.3,6.64
14.0,11.24
5.3,7.33
10.0,10.27
6.0,5.24
5.7,7.56
11.7,10.85
10.1,10.04
16.0,16.09
9.3,11.39
2.9,5.18
7.0,6.34
9.69,11.13
11.0,10.83
6.9,7.68
10.5,7.45
28.5,32.51
6.1,8.77
10.1,12.74
3.7,4.23
22.5,19.3
4.9,5.72
15.7,14.71
4.1,4.61
12.5,10.92
9.0,7.72
7.0,6.02
6.1,6.76
19.5,13.22
7.7,9.93
16.1,19.72
9.5,7.09
49.8,52.68
8.5,7.63
11.5,9.42
4.9,3.7
7.3,5.91
28.5,25.09
10.5,10.04
37.0,35.86
4.9,6.62
5.5,6.88
4.5,6.4
36.83,27.92
11.7,10.8
5.7,7.82
11.0,10.06
10.5,9.57
7.0,7.67
4.1,5.55
13.3,14.67
7.5,9.09
15.0,11.4
5.7,5.88
4.5,4.86
6.5,7.43
8.5,11.23
11.5,13.98
10.9,14.14
9.5,8.86
8.1,10.82
17.5,16.99
7.5,5.68
18.5,19.55
6.1,6.9
5.0,5.89
12.1,12.96
3.3,5.22
19.7,20.61
9.0,8.97
6.5,5.78
3.7,5.15
21.0,16.28
16.0,11.34
15.7,17.69
7.3,8.14
2.5,10.17
11.5,8.52
4.9,6.48
4.5,5.1
10.1,7.07
4.0,5.1
95.0,31.26
8.1,10.18
9.0,7.27
6.5,5.36
8.5,8.09
5.3,6.09
6.9,6.74
19.5,19.37
18.5,19.56
12.0,10.25
8.5,9.82
5.3,7.5
7.5,7.53
9.5,8.45
14.0,9.98
11.0,11.86
13.5,12.8
6.5,6.85
6.5,6.79
20.0,17.83
5.5,4.89
9.7,11.61
11.3,13.26
12.9,7.38
15.0,11.1
26.83,25.73
5.7,6.97
17.0,14.94
6.9,6.43
16.0,11.87
8.0,7.13
8.5,6.59
57.33,49.1
14.9,15.07
4.5,6.7
5.3,5.65
10.5,11.15
22.5,19.87
4.5,5.99
8.0,5.64
11.0,9.7
6.1,6.97
9.5,6.92
6.9,6.46
9.3,10.47
2.5,11.31
5.3,4.97
9.7,11.37
28.1,32.66
12.1,11.77
6.1,5.44
11.0,9.96
2.5,7.38
10.5,7.01
9.5,8.09
10.5,10.58
11.7,14.74
6.0,6.12
3.3,4.12
4.5,5.16
10.5,14.36
15.0,13.32
16.1,16.7
6.1,7.0
4.9,5.8
4.5,5.08
7.7,8.46
8.0,7.38
11.0,11.1
8.1,9.71
5.7,7.21
7.5,7.32
8.1,9.28
10.9,11.56
23.0,16.37
4.1,4.45
9.0,8.64
16.2,18.93
5.7,5.62
6.5,7.82
4.0,4.22
15.3,13.92
4.9,6.42
14.1,13.18
7.7,9.74
4.5,6.24
4.5,5.15
9.8,9.93
16.0,17.14
10.9,14.56
7.5,6.88
4.9,4.47
6.5,5.3
29.0,29.72
4.1,5.7
7.3,9.6
45.0,49.34
4.5,5.96
22.9,19.54
15.5,16.34
8.0,7.3
3.7,5.51
4.5,18.22
12.1,11.19
8.5,12.36
8.1,5.58
3.7,4.59
13.7,14.43
6.0,6.36
16.0,12.46
4.0,4.17
6.9,9.16
8.5,8.24
14.0,10.29
3.5,4.13
7.7,9.34
5.0,4.63
50.5,51.81
4.5,4.66
7.3,7.59
7.7,11.4
4.1,4.69
12.5,12.01
10.5,7.79
14.5,13.16
41.83,36.96
5.3,8.76
20.1,22.57
5.3,5.92
4.5,4.47
13.7,18.09
12.9,15.55
5.7,6.73
20.5,17.45
14.0,14.63
13.0,10.85
10.0,10.24
10.9,13.32
5.0,4.17
6.5,10.33
10.1,10.94
15.5,14.85
4.5,6.54
6.1,5.32
10.5,11.39
27.7,33.13
16.5,10.99
4.9,4.81
31.5,20.41
7.7,5.98
13.5,10.62
9.5,8.37
9.5,9.04
7.3,5.89
14.5,12.65
15.0,14.5
16.9,10.13
5.0,4.97
6.0,4.94
23.0,18.04
10.5,11.19
22.5,17.25
6.5,8.28
25.5,7.09
39.47,35.34
8.5,7.84
9.3,9.73
5.5,6.91
6.5,6.63
10.0,9.15
11.0,9.46
4.5,5.48
10.0,8.77
7.3,8.18
8.0,9.81
11.3,6.02
42.5,35.11
6.2,6.05
4.2,4.55
10.5,9.1
5.0,5.99
8.1,7.85
9.5,10.95
6.1,7.6
6.5,6.3
8.5,7.13
12.5,11.95
7.5,6.57
4.5,4.64
9.5,9.12
7.5,6.88
13.5,6.46
6.5,5.53
12.1,8.43
2.5,4.1
9.5,8.29
11.0,13.67
10.5,13.61
6.5,12.22
11.5,9.93
5.0,5.4
6.9,7.27
10.5,9.24
11.8,15.42
16.5,14.83
3.3,4.23
5.0,5.96
3.5,3.83
17.0,14.97
7.5,8.15
11.0,6.65
9.7,11.15
5.0,6.43
9.5,11.16
10.1,13.94
7.3,5.0
16.5,21.79
8.9,8.56
6.9,10.14
3.5,4.49
14.1,13.48
5.0,4.96
10.5,10.98
6.0,6.58
6.0,6.19
10.5,12.4
37.0,26.57
5.0,6.04
8.5,10.66
16.5,15.93
6.5,6.4
7.1,6.92
10.5,11.29
12.0,12.22
6.9,7.51
6.1,5.32
39.83,10.41
9.0,6.84
12.0,9.45
13.5,13.86
9.4,12.06
10.9,12.56
36.3,29.04
8.5,9.12
8.5,9.65
10.0,10.3
11.5,9.34
6.9,7.24
13.7,13.98
6.9,7.85
7.0,6.67
11.5,10.61
6.5,6.92
15.0,13.5
4.1,4.36
14.1,15.7
6.1,6.61
10.1,10.21
9.0,6.97
14.0,12.76
38.33,33.75
3.5,6.18
4.1,6.15
27.47,30.17
5.3,6.13
4.5,4.08
5.0,4.82
7.5,7.9
3.5,8.13
13.3,14.65
24.5,23.79
9.7,9.67
29.47,11.26
8.1,8.8
11.0,11.47
9.0,11.43
9.3,11.88
28.0,22.31
10.7,11.47
9.0,8.33
32.04,29.14
4.9,5.36
8.0,7.0
10.1,12.18
18.5,16.0
7.3,-1.89
69.3,45.0
6.9,8.31
5.3,7.35
12.9,14.41
10.1,11.08
19.7,22.99
7.5,7.75
4.9,4.74
10.9,11.53
7.7,8.35
27.8,26.6
10.0,8.11
6.5,5.76
4.5,5.9
80.0,31.15
56.8,55.83
4.9,6.08
7.7,9.71
8.5,8.56
6.0,7.04
4.1,5.96
14.5,17.04
8.1,9.48
7.7,5.49
8.5,9.9
6.9,6.91
6.0,7.67
6.9,8.77
13.3,11.08
3.3,4.54
8.5,9.79
32.5,34.81
4.5,4.53
45.0,49.24
11.3,18.91
6.9,8.18
16.0,14.79
8.5,6.25
12.1,14.52
5.7,6.72
4.5,3.61
9.3,11.32
33.83,30.48
7.3,9.77
12.9,14.94
6.1,8.26
10.1,14.49
11.0,11.01
18.5,19.1
8.0,7.71
11.7,9.2
5.7,6.65
8.0,6.69
57.33,51.5
6.1,7.03
15.8,15.41
17.0,13.65
12.5,10.22
6.0,7.88
9.0,10.45
4.5,5.61
24.1,19.29
14.5,18.5
4.9,5.71
4.5,5.99
11.7,8.8
29.7,31.92
20.9,20.67
3.7,4.28
16.5,17.99
15.5,13.54
10.0,10.45
7.7,7.16
4.1,5.02
6.9,6.95
15.0,13.53
7.0,5.62
5.5,6.88
4.9,6.71
10.0,8.57
4.9,6.06
8.5,6.92
6.1,7.09
6.0,6.27
5.3,7.47
9.5,9.51
14.5,15.26
7.5,10.03
14.5,10.69
8.9,10.79
4.1,5.38
7.0,7.17
7.7,7.64
5.7,5.21
19.3,19.16
5.5,6.86
4.0,6.43
4.9,5.68
29.5,25.98
7.0,7.11
6.1,6.06
4.0,4.18
13.5,13.49
4.5,5.22
8.0,7.76
6.5,6.85
4.5,4.96
6.5,10.9
3.5,4.82
4.0,4.73
6.5,7.93
10.0,11.05
5.5,5.36
10.0,10.19
7.5,7.06
10.9,12.13
16.1,16.36
9.3,11.01
4.9,6.35
16.1,14.97
9.5,9.91
3.5,8.65
38.83,34.45
3.3,3.92
19.0,15.17
5.5,4.39
14.5,15.91
19.0,18.16
41.83,33.64
12.5,13.76
10.1,10.42
5.3,5.61
4.5,5.35
13.0,10.78
13.3,17.28
12.5,12.9
6.0,5.6
5.5,5.02
10.5,8.56
16.0,18.16
22.5,15.4
73.5,64.99
10.5,9.76
6.9,7.67
36.83,35.33
10.0,9.25
11.0,12.21
7.7,8.4
7.7,5.64
11.0,9.54
7.3,7.03
10.9,10.26
28.1,36.47
6.5,9.12
23.07,23.53
5.7,6.55
11.5,7.43
11.7,14.34
13.7,15.72
5.3,6.31
7.5,6.49
7.3,9.1
23.7,29.44
4.5,4.2
6.0,6.83
12.9,9.48
8.0,6.33
6.9,7.79
7.0,6.49
13.7,12.73
5.3,6.27
3.5,6.75
4.5,5.6
26.0,15.88
7.7,9.58
17.3,20.12
9.5,9.55
5.7,5.98
9.5,8.6
7.5,9.26
9.0,9.13
8.0,8.53
30.0,14.29
6.1,6.79
15.0,14.61
16.1,30.19
7.3,8.57
5.0,5.24
6.5,8.43
12.5,10.61
48.3,39.56
20.9,27.7
13.0,10.19
6.5,8.62
6.5,6.17
7.7,9.26
6.5,7.04
6.9,7.54
7.7,8.15
8.0,10.36
4.0,4.03
11.7,13.03
7.0,7.53
6.5,6.77
11.5,11.46
10.5,10.56
5.5,5.51
35.83,33.12
6.5,7.16
7.3,7.93
4.0,4.71
5.7,5.94
6.9,8.5
11.7,10.39
13.5,11.39
55.25,40.1
7.0,6.22
8.9,10.02
9.7,9.56
3.7,4.95
12.9,14.06
12.0,10.14
6.5,7.74
14.9,15.54
34.7,36.89
3.3,5.38
8.1,9.07
6.0,6.63
6.1,6.41
7.7,8.15
9.0,7.73
18.9,17.53
9.3,12.48
5.0,5.8
11.3,12.29
38.9,47.52
52.0,50.74
8.5,6.84
5.7,7.63
59.0,35.91
16.1,18.7
13.0,10.97
10.5,9.63
45.0,53.18
7.5,12.29
22.0,19.13
13.0,11.86
6.5,7.53
13.7,15.68
9.5,6.02
22.5,16.48
6.9,7.49
10.0,10.13
4.1,6.45
8.0,7.06
8.5,8.9
10.1,12.28
9.5,8.24
57.33,10.3
8.5,8.51
7.3,5.87
13.7,16.23
13.5,10.68
6.5,7.4
11.0,9.29
16.0,9.36
7.3,5.95
4.5,4.25
23.0,20.43
6.1,8.73
5.0,5.22
11.5,10.0
57.33,54.42
8.5,5.69
5.0,4.77
15.0,16.18
35.07,46.61
6.9,9.45
7.0,6.66
26.5,11.99
5.0,4.78
20.1,20.42
8.9,10.14
10.1,11.2
8.5,10.31
13.0,9.09
5.3,7.77
13.3,13.89
11.0,10.94
8.9,9.85
15.5,11.23
52.0,74.35
4.5,5.51
5.3,5.16
8.5,8.81
19.7,19.49
7.7,8.51
15.7,16.99
6.5,6.96
11.3,11.8
4.5,13.4
14.5,13.22
5.7,6.31
10.5,11.39
12.5,15.6
8.5,7.49
4.5,5.4
10.0,12.07
9.7,10.27
4.9,7.21
6.5,8.83
11.0,9.76
6.0,6.36
18.1,17.74
9.0,6.67
12.5,11.15
8.5,12.09
4.5,6.47
9.5,8.05
4.5,5.48
30.9,31.9
12.9,11.74
15.0,13.53
6.9,5.91
12.1,10.48
4.5,6.34
4.0,4.04
16.5,18.2
4.5,4.57
24.0,21.51
8.5,9.88
13.0,11.07
6.5,9.18
5.7,5.51
8.5,7.5
6.9,8.14
5.7,6.47
5.5,5.59
18.0,18.56
6.5,7.13
8.1,7.87
11.5,7.15
9.7,11.07
9.3,9.46
6.5,8.42
3.3,4.14
10.1,14.81
4.5,5.67
5.5,6.93
7.5,6.85
6.9,8.26
4.1,6.38
6.9,9.13
58.33,40.05
6.5,8.45
6.1,6.91
19.5,19.07
7.3,9.75
13.0,11.65
5.7,6.21
12.0,7.46
5.3,6.52
10.1,13.14
2.9,4.53
6.1,6.99
2.9,7.75
9.3,10.32
5.5,7.58
6.5,5.85
29.9,33.13
10.5,9.33
9.7,8.27
12.5,14.02
5.7,6.92
16.5,13.64
8.5,7.14
8.0,7.71
4.1,6.0
20.0,19.02
6.1,9.79
7.3,7.75
6.1,6.13
12.1,11.67
8.0,8.54
5.5,6.21
12.5,12.47
16.0,11.68
4.5,5.57
4.5,4.47
21.47,26.2
4.1,6.44
21.5,21.5
5.0,5.33
12.1,14.45
7.5,9.46
4.1,5.16
9.0,8.63
7.7,10.06
15.5,8.77
12.1,9.12
5.7,53.16
4.9,8.51
36.0,32.63
7.0,6.63
12.0,6.57
8.5,7.97
4.9,6.03
13.0,13.51
6.5,6.76
17.0,9.36
9.7,8.33
5.0,5.09
18.5,19.37
4.5,5.25
5.7,8.06
11.7,12.59
4.5,6.24
34.8,35.32
14.9,13.62
7.7,6.06
11.7,10.04
12.0,9.2
10.1,11.03
7.0,6.94
10.9,14.91
14.9,10.61
13.3,13.39
5.0,10.52
10.5,7.12
37.5,30.98
9.3,9.29
3.7,4.63
10.1,13.49
39.83,31.75
4.9,5.91
14.0,10.67
4.9,5.36
11.0,8.66
49.8,52.33
13.0,11.4
5.3,5.17
8.5,7.69
4.1,5.82
23.5,24.99
4.9,6.31
5.3,6.42
31.47,35.86
6.0,5.55
6.5,7.11
4.9,6.13
7.3,5.83
17.0,15.07
14.9,17.63
5.0,4.36
15.7,18.45
4.1,5.79
20.1,21.93
36.5,10.3
5.0,6.42
8.5,9.88
12.5,12.26
9.0,8.7
57.33,54.24
18.1,18.92
8.1,11.25
12.0,9.73
8.1,7.9
6.9,6.31
5.0,4.66
7.5,6.61
5.7,6.02
8.9,8.35
57.54,54.19
21.5,13.24
4.9,5.13
55.16,44.6
7.5,5.52
9.5,8.92
6.1,6.23
6.5,8.77
10.5,10.05
8.1,6.84
18.5,23.03
6.5,6.16
2.9,3.73
6.9,12.44
5.3,5.89
4.0,5.76
7.7,24.58
10.0,8.75
15.0,12.04
5.3,5.81
18.9,21.18
30.5,15.97
8.5,8.44
5.3,5.78
7.0,7.63
6.1,7.81
4.0,4.64
9.0,9.27
10.1,11.11
5.0,8.39
9.3,6.88
11.3,12.6
39.83,37.78
6.5,7.19
6.5,8.16
9.7,9.99
10.5,8.78
8.5,8.87
11.5,10.67
10.0,6.9
7.5,6.78
6.9,6.81
22.0,22.5
8.0,7.15
7.0,6.02
7.7,5.57
3.3,4.63
18.5,21.12
4.5,6.57
19.5,19.99
5.3,6.22
49.8,8.36
16.1,13.66
10.5,10.26
13.3,17.55
26.1,24.8
6.1,9.31
56.8,49.61
31.83,29.8
8.9,8.17
6.0,7.1
8.5,9.47
18.1,18.65
15.5,13.32
9.7,7.72
6.9,8.42
16.5,14.67
14.5,16.47
10.0,5.0
14.5,12.75
6.5,7.94
6.1,4.81
8.5,8.03
13.0,11.03
12.9,13.08
4.0,5.62
5.3,7.48
7.3,9.56
8.5,7.65
6.9,7.69
3.7,5.22
8.9,10.1
5.3,15.1
10.5,12.25
5.3,6.22
17.5,17.57
26.5,21.96
8.9,9.84
8.0,7.37
17.7,18.48
10.0,8.93
15.3,12.47
16.0,13.25
6.0,6.39
12.5,13.33
5.5,8.76
9.5,7.45
12.1,13.57
4.9,5.51
10.1,9.81
11.3,7.83
5.0,6.02
21.5,13.22
6.0,5.21
4.5,5.1
16.0,14.99
10.5,12.03
21.0,18.98
13.7,12.37
6.5,6.73
3.7,5.48
6.5,7.04
4.5,5.54
4.5,5.52
9.3,5.76
16.0,14.82
5.3,4.97
8.5,8.05
5.3,6.05
8.0,8.56
9.7,13.3
6.0,5.12
7.0,5.17
7.3,8.9
38.67,31.25
7.3,7.6
4.5,4.97
17.5,19.71
3.5,4.62
7.7,8.95
9.7,10.71
5.0,5.16
5.7,5.49
7.5,6.53
8.1,5.55
9.3,9.71
5.5,6.43
56.8,50.7
16.5,14.54
15.0,10.16
7.5,7.75
11.3,10.17
6.1,8.01
6.1,5.64
6.9,7.65
6.9,8.59
10.3,9.12
14.1,5.36
8.1,8.48
18.0,12.23
5.5,5.34
8.5,8.07
20.5,10.66
12.5,12.51
25.87,31.64
6.0,7.11
30.0,16.76
9.5,7.45
13.7,14.95
12.5,9.7
17.0,21.13
8.5,8.93
6.9,8.03
22.9,24.01
10.9,13.3
6.9,6.14
5.3,4.92
6.0,6.48
3.7,4.87
12.1,14.22
6.5,6.66
7.7,8.74
9.3,9.93
6.5,5.97
22.0,18.17
6.5,8.04
57.33,53.42
11.7,10.49
29.0,25.83
10.0,7.15
12.5,16.12
6.0,5.7
8.5,9.91
5.7,5.96
27.83,10.73
8.5,10.59
8.5,5.61
8.9,11.14
14.0,14.32
10.5,10.45
9.3,8.76
8.0,7.88
6.1,8.06
12.5,8.74
4.1,5.85
7.5,8.87
8.9,13.85
6.5,9.81
5.7,6.41
4.5,5.95
4.5,7.27
15.0,11.32
4.5,5.9
12.0,7.34
4.1,5.25
14.5,15.07
10.0,5.8
15.0,14.1
8.9,11.53
10.5,10.28
16.0,14.71
7.0,8.44
5.5,5.33
13.0,10.6
9.0,8.48
19.5,13.16
3.7,4.14
2.5,5.68
5.3,6.45
38.0,8.51
14.0,13.93
9.5,7.54
18.5,23.76
10.9,10.48
9.5,9.62
4.1,5.38
5.0,4.54
8.5,7.89
13.0,11.36
4.1,4.93
27.47,35.86
7.7,7.75
16.1,16.03
3.3,6.39
6.5,7.84
15.0,14.69
6.0,12.4
4.0,4.68
12.5,13.78
4.1,5.45
11.5,10.13
7.0,6.93
6.0,6.7
15.5,15.8
8.0,9.83
9.0,9.37
6.0,7.21
14.0,12.63
29.07,30.93
6.5,7.95
6.5,7.44
24.0,18.76
13.5,10.65
5.7,6.35
9.0,7.71
3.7,4.0
14.5,15.72
5.3,6.22
13.7,13.65
5.0,4.67
8.5,7.68
8.9,9.12
4.9,5.95
7.7,9.84
8.5,11.57
10.0,6.81
9.7,9.23
11.0,10.84
14.1,15.48
10.5,11.98
8.5,10.46
6.5,8.95
7.0,4.87
13.3,13.21
7.5,7.02
4.5,5.44
11.0,9.87
7.5,8.26
6.5,7.57
4.5,4.89
12.0,8.11
4.5,4.86
12.1,10.09
6.5,5.61
11.7,14.7
9.5,9.19
23.7,17.91
8.1,10.82
11.0,8.5
4.5,6.48
11.3,14.03
24.5,26.91
8.5,8.0
4.0,5.37
10.5,11.96
17.0,12.97
2.5,8.19
8.5,9.08
5.3,5.85
8.0,7.71
45.0,51.63
13.5,10.41
16.0,15.41
7.5,7.27
4.1,4.91
11.7,9.1
5.5,6.29
10.5,8.56
9.5,8.39
4.5,13.32
7.5,7.11
10.5,9.93
4.5,6.0
7.0,5.36
9.0,6.14
9.0,7.4
4.1,4.36
7.7,6.1
20.5,21.93
21.5,19.81
10.5,8.93
4.9,7.05
19.0,13.88
17.5,15.98
65.25,69.97
9.0,6.45
7.5,7.73
6.1,5.35
14.5,13.39
5.7,6.26
7.7,5.62
6.9,8.35
4.0,5.04
9.7,6.29
6.9,9.27
8.1,9.28
7.5,6.91
6.9,9.99
6.1,8.75
6.9,10.55
11.3,12.49
6.1,8.41
10.0,10.1
27.3,31.26
15.0,12.69
10.9,10.96
5.7,8.31
7.7,8.62
6.9,6.24
14.5,17.83
3.7,4.57
9.7,11.12
6.0,12.75
8.1,10.44
7.5,5.75
3.7,4.65
3.3,5.35
6.5,7.14
7.7,9.62
8.9,8.94
11.3,12.54
6.9,8.31
3.5,8.81
8.0,8.09
13.0,11.68
3.7,4.51
4.5,5.61
7.3,8.12
11.3,11.97
12.5,13.06
8.9,10.19
15.0,15.48
10.0,10.32
11.7,13.38
9.5,9.17
4.5,5.97
4.1,4.02
5.7,12.41
4.1,5.03
7.0,7.43
9.3,10.67
4.9,5.37
5.7,5.91
8.0,9.94
27.0,25.88
11.5,12.0
8.5,8.96
3.7,9.42
5.0,4.61
15.0,14.16
7.0,6.79
9.7,8.76
5.3,5.81
16.5,8.23
8.5,6.69
4.9,5.13
3.7,4.05
9.3,10.2
8.1,6.61
8.1,7.91
5.5,5.44
9.5,9.36
11.5,10.68
9.3,10.17
8.1,9.47
4.9,6.97
8.1,8.0
6.9,7.11
56.8,52.13
3.0,5.76
9.3,7.94
12.0,11.5
4.9,10.66
6.5,7.21
15.0,14.98
14.1,15.27
7.7,9.26
8.1,6.58
7.0,6.85
11.0,8.29
6.9,8.65
8.1,10.37
11.3,9.22
10.9,9.23
24.5,10.87
12.0,7.88
10.0,11.16
15.5,12.44
8.9,9.51
3.7,4.48
10.5,6.74
50.5,43.88
11.5,9.57
9.5,8.47
5.3,5.94
25.0,19.66
14.1,14.51
11.7,11.22
5.3,6.24
6.5,6.3
11.3,12.42
13.5,12.17
7.7,8.3
11.7,10.67
18.5,14.02
11.5,8.95
22.0,18.43
7.7,5.66
9.0,8.97
10.5,9.77
7.0,5.74
3.7,4.79
15.0,10.92
14.1,14.53
4.9,6.13
24.67,28.52
8.9,13.17
13.0,10.85
6.9,6.23
9.0,8.61
7.0,8.16
14.1,14.43
11.5,11.37
8.0,7.31
16.5,13.61
18.5,27.74
6.5,5.88
5.3,5.68
8.0,7.99
10.9,13.39
13.7,18.99
17.5,16.06
4.9,5.14
8.9,10.47
23.0,19.19
5.5,5.2
5.3,7.1
12.5,12.42
19.5,20.3
8.0,8.66
3.7,4.74
12.1,18.0
4.5,4.64
4.1,6.09
8.5,9.08
62.7,72.01
5.7,8.05
10.5,9.91
17.0,11.88
4.1,4.88
10.0,8.74
7.3,7.96
8.5,11.05
5.5,4.88
8.1,10.35
10.1,9.85
20.0,16.61
8.0,10.2
12.9,15.25
6.1,10.9
5.7,8.12
35.47,36.8
10.9,4.16
33.3,38.36
4.9,6.06
17.7,19.07
9.7,13.2
9.0,9.81
6.1,5.23
10.0,10.51
7.3,7.26
17.0,14.88
7.3,7.62
5.5,4.76
2.5,11.22
6.1,7.23
12.9,13.59
21.5,14.77
4.5,5.5
13.5,11.65
6.1,7.56
18.1,14.76
17.5,14.41
19.3,19.25
15.3,14.49
5.0,6.34
9.5,10.92
15.5,13.25
13.7,12.24
4.1,4.63
3.7,4.67
19.5,15.43
5.5,5.56
5.3,4.31
30.5,26.64
12.9,12.03
10.9,11.7
9.0,7.35
9.5,10.84
49.57,53.42
6.0,5.57
12.0,12.3
10.1,11.82
35.3,35.04
5.3,11.26
11.3,12.16
17.3,18.34
6.1,6.85
14.2,11.83
6.1,7.46
32.8,31.62
4.9,13.59
13.0,13.41
7.5,6.59
4.5,4.44
6.1,6.62
45.0,50.55
8.5,9.82
5.7,5.32
5.3,7.35
8.5,7.51
8.5,9.71
4.1,4.17
8.5,9.09
7.3,8.26
12.1,15.95
5.3,5.92
5.3,6.78
35.3,30.38
20.5,16.9
17.3,12.39
4.9,5.71
6.9,6.77
5.3,6.67
6.0,6.52
10.5,6.27
5.7,7.21
10.9,13.08
4.0,5.27
7.7,9.01
4.0,4.97
4.5,4.82
49.8,49.34
13.3,20.32
13.5,12.19
6.5,9.11
8.5,8.55
5.0,5.35
10.0,10.22
4.5,5.3
14.5,13.32
42.83,33.78
6.5,7.54
11.7,7.14
9.5,7.68
49.15,54.17
36.25,34.79
7.7,10.0
14.5,10.14
5.5,4.46
9.0,8.95
7.0,5.81
7.0,5.89
10.5,10.96
3.5,3.62
10.0,8.51
8.5,9.7
9.5,8.33
16.5,15.95
31.33,30.07
3.7,4.96
11.5,12.83
6.5,7.51
4.0,4.82
5.0,5.12
4.5,0.33
12.9,7.24
3.5,5.28
6.9,8.9
10.5,12.28
5.3,5.44
6.1,11.34
5.7,8.1
15.0,14.49
7.0,5.07
12.9,9.52
5.7,7.74
6.5,6.99
14.9,17.93
9.7,9.53
11.5,11.08
14.9,15.26
6.5,7.53
38.5,51.49
6.5,7.4
4.9,5.97
23.5,20.1
6.5,6.27
9.3,8.5
8.5,9.32
9.0,8.64
8.5,8.47
9.7,9.29
24.0,19.34
12.9,13.36
5.7,7.05
36.33,37.08
7.5,10.9
22.5,18.98
14.5,16.44
12.0,12.28
19.0,11.46
27.0,20.47
8.5,9.35
5.3,6.11
6.5,5.94
18.1,22.8
6.9,7.15
16.0,18.1
4.0,5.09
13.5,8.99
5.7,5.91
22.19,28.5
44.83,35.85
7.5,6.61
6.5,6.39
5.3,4.97
49.57,54.0
7.3,7.26
7.0,6.87
4.1,5.57
4.5,5.45
6.0,6.08
11.3,12.2
12.1,15.95
7.7,9.48
8.1,8.79
11.7,13.58
15.5,13.41
10.5,12.74
6.1,7.18
6.1,7.24
4.5,5.51
12.5,7.67
7.7,8.6
32.67,35.13
5.7,7.05
6.9,6.49
17.3,23.74
5.7,6.74
4.1,4.6
13.0,12.0
5.5,5.92
10.5,12.84
9.5,6.22
10.1,14.24
5.5,6.68
8.1,12.52
7.3,8.25
4.5,5.66
9.5,8.06
45.0,7.93
15.5,10.59
10.1,11.99
11.7,10.66
3.3,34.02
4.1,5.75
10.5,7.63
9.7,11.2
6.9,7.48
10.1,7.06
11.0,8.37
11.7,14.65
12.5,12.63
17.0,18.02
7.7,9.09
15.3,14.68
8.1,8.49
6.1,7.08
14.5,16.79
5.3,8.51
9.0,9.78
4.5,4.4
4.5,6.11
7.5,7.8
8.5,8.36
6.5,5.35
7.7,7.38
5.0,6.04
5.0,6.13
14.0,12.84
11.5,11.12
2.9,11.63
3.7,6.08
8.5,7.22
5.5,6.22
10.5,8.8
5.7,7.19
15.5,15.44
12.9,13.54
8.5,9.69
4.0,5.49
6.1,5.8
13.7,8.98
10.5,10.62
5.7,7.52
3.3,5.07
4.5,5.04
5.7,7.95
19.5,15.36
7.3,9.31
12.9,11.42
4.0,4.76
6.1,8.31
6.5,6.66
5.3,7.43
11.7,12.76
7.7,8.63
5.5,3.77
19.5,17.95
14.5,15.19
7.7,8.68
7.7,10.33
12.5,13.78
3.3,4.88
12.5,13.22
7.3,4.74
12.0,10.06
5.5,4.89
4.5,7.41
22.5,18.99
9.7,10.45
11.5,11.76
10.5,9.7
6.5,5.66
14.5,10.07
10.0,6.88
16.0,15.51
6.1,7.69
3.5,4.62
5.0,5.01
16.9,20.04
17.0,15.16
11.5,8.27
16.5,16.08
13.5,13.58
29.0,28.27
10.0,8.72
6.1,5.94
6.5,6.98
10.5,10.54
12.1,14.2
5.5,5.9
24.1,27.29
4.9,4.18
9.3,8.89
42.33,36.95
5.3,6.87
13.7,15.62
55.0,42.83
6.9,8.11
9.0,8.83
4.0,4.31
32.5,30.86
27.5,11.03
8.5,8.45
9.0,10.48
29.47,31.85
13.5,13.99
6.5,6.44
3.3,4.05
14.5,9.58
6.1,7.92
10.0,10.19
5.0,5.14
5.0,11.82
11.5,11.01
11.3,13.75
4.5,5.61
17.0,16.34
4.5,10.31
6.1,7.64
49.57,55.27
5.3,5.67
16.9,11.83
5.3,11.88
5.7,5.97
16.5,15.99
3.3,6.63
4.9,6.11
5.7,6.52
6.1,6.0
4.1,5.29
11.7,13.4
6.1,8.29
6.1,8.36
13.5,15.59
6.0,6.2
8.5,5.63
4.5,5.01
9.7,10.63
18.5,17.58
5.0,5.87
7.4,7.38
4.5,5.2
4.1,5.54
8.1,5.57
5.7,7.17
8.9,9.59
11.0,11.12
5.3,6.18
11.5,7.59
4.0,3.18
8.1,10.19
49.8,9.85
5.7,7.42
8.9,11.09
4.1,4.68
8.5,5.83
8.5,8.3
4.0,4.23
6.1,6.18
6.5,6.11
10.1,11.15
5.3,5.1
11.7,15.92
4.5,4.72
7.0,6.84
3.7,4.41
8.5,9.14
11.5,9.19
5.3,6.19
8.5,6.81
6.9,8.78
30.9,29.73
9.0,8.58
5.3,6.65
14.9,15.01
8.5,12.92
32.0,27.04
21.0,20.37
16.9,19.16
39.83,33.79
41.04,34.38
8.5,7.42
8.5,10.01
7.7,9.72
5.7,7.65
12.0,8.68
16.0,9.79
7.7,8.13
19.0,11.92
3.7,5.94
20.5,17.01
4.1,4.87
6.0,7.84
8.9,10.22
18.0,10.1
13.7,13.91
17.5,16.24
31.0,31.08
14.5,14.63
11.7,12.38
7.3,9.47
11.0,6.67
11.3,13.06
13.3,16.77
10.5,12.38
8.5,10.07
14.5,14.56
11.0,12.79
62.16,48.88
4.9,6.49
49.0,39.15
4.5,6.26
9.7,10.31
11.0,12.2
7.7,9.98
14.5,13.16
9.7,9.6
7.5,8.88
6.5,6.94
20.0,17.35
9.0,8.15
9.5,11.41
10.0,10.21
19.5,18.73
8.0,6.42
10.5,10.5
7.0,17.75
4.9,8.9
5.3,5.64
29.7,37.06
4.9,6.79
8.5,9.07
8.0,4.3
17.3,17.77
8.5,8.63
13.5,10.9
9.0,7.15
8.9,10.04
11.0,8.67
7.3,7.58
14.5,16.3
6.1,5.26
8.0,8.67
5.3,9.07
80.0,48.55
5.7,5.41
7.7,7.93
5.0,5.77
10.0,7.87
6.5,6.05
5.0,5.89
3.0,8.97
12.0,11.44
14.0,11.5
21.7,23.0
7.3,8.97
5.3,5.95
7.0,6.48
8.1,6.86
12.1,13.63
10.5,9.2
4.5,6.58
6.0,8.19
12.9,9.73
9.5,7.85
62.66,50.99
12.5,13.0
9.7,7.65
12.0,6.04
22.0,25.57
5.5,5.49
17.5,19.26
13.5,9.89
4.9,5.6
10.1,10.06
5.7,10.01
8.1,9.88
7.7,10.26
57.33,53.33
4.1,4.54
4.0,5.24
4.5,4.76
19.7,20.67
6.1,5.65
20.0,14.25
5.3,6.56
7.3,6.58
6.9,5.5
5.0,4.38
11.0,10.19
5.7,6.23
8.9,10.08
6.5,7.02
6.5,5.6
12.1,11.77
6.1,8.68
5.5,5.79
2.5,6.59
6.9,5.2
30.1,36.08
6.1,5.69
7.0,7.91
6.1,6.47
10.5,11.13
4.5,4.64
13.0,14.33
5.7,8.27
15.5,12.74
7.5,6.85
11.0,8.79
27.7,31.21
6.1,6.93
5.3,6.6
6.5,5.28
9.3,10.36
7.7,9.38
7.5,5.35
45.0,10.03
5.3,5.59
17.7,18.35
10.9,9.33
6.1,7.76
5.3,6.54
3.7,6.0
13.7,16.34
8.5,9.35
4.9,4.82
10.1,6.89
56.8,49.2
10.1,14.35
22.0,17.3
4.5,4.3
16.0,14.31
16.5,12.13
7.0,7.58
6.0,5.75
5.3,5.25
6.9,5.92
6.9,9.93
22.9,27.21
4.1,5.36
7.7,8.67
14.9,13.74
5.9,6.18
4.5,4.98
13.3,14.26
7.0,7.18
14.5,10.92
9.7,12.39
24.04,12.42
15.0,11.23
8.1,8.63
7.3,9.12
4.9,5.72
7.5,6.68
4.9,5.71
4.5,9.07
11.0,9.96
7.7,9.18
43.83,46.34
20.0,17.09
12.0,11.73
7.7,9.05
36.54,32.88
9.0,9.4
20.5,13.76
4.0,9.26
11.7,11.45
12.5,10.29
11.3,13.25
9.7,10.33
12.5,15.52
14.1,15.99
8.1,8.65
31.0,27.06
4.0,5.86
4.9,6.09
8.5,8.03
5.5,6.02
5.3,6.57
6.1,6.58
9.3,10.14
8.5,10.2
6.5,7.31
49.8,51.73
8.0,7.56
5.3,5.12
7.5,5.88
16.0,13.51
17.5,14.15
5.3,7.76
8.1,10.1
10.0,10.33
8.5,12.19
11.5,12.05
31.3,65.43
12.9,15.95
5.7,8.37
5.5,6.46
13.0,9.59
14.1,15.17
15.4,17.2
7.0,5.58
4.5,13.7
4.1,4.65
10.0,9.37
22.5,22.2
7.5,9.22
7.0,8.0
28.0,29.65
2.5,7.68
7.0,6.19
4.0,5.76
14.0,16.68
8.0,9.73
4.5,5.61
4.9,6.0
6.9,7.82
11.0,11.74
5.7,5.6
7.0,7.28
6.2,7.0
32.33,29.75
4.1,15.28
7.0,6.29
7.0,6.83
4.9,5.67
13.7,14.71
8.9,10.36
4.9,4.87
6.0,6.22
6.1,5.33
4.5,5.54
6.1,5.0
6.5,5.01
6.0,6.76
6.9,9.82
4.9,6.99
41.3,49.39
6.5,8.96
7.5,6.32
17.0,12.88
25.0,19.78
64.0,49.67
14.5,16.19
7.5,9.21
6.5,7.45
7.7,7.37
7.7,6.22
8.9,12.57
13.3,11.45
4.1,5.92
13.3,10.99
27.3,31.33
7.0,10.08
4.0,5.03
9.7,10.7
35.3,10.66
8.5,9.0
5.5,11.7
12.0,9.93
15.5,19.07
36.4,36.05
6.1,6.03
38.33,30.95
16.1,16.67
15.3,18.24
11.3,9.97
5.3,8.33
10.5,9.95
6.9,7.95
5.0,6.23
10.5,11.14
24.0,22.08
10.0,9.28
34.9,32.43
4.5,5.49
14.5,21.75
17.3,20.01
4.0,5.28
4.5,6.23
9.5,7.61
9.5,9.83
5.7,6.95
34.1,35.13
4.5,6.51
6.0,4.48
4.5,4.37
8.0,6.55
49.8,50.03
10.9,12.71
12.5,12.63
10.5,11.78
9.7,11.61
10.0,7.84
8.1,7.42
12.9,12.51
6.0,13.77
6.5,7.34
11.5,11.72
12.0,12.55
12.5,10.56
24.5,37.0
15.3,17.47
12.5,13.31
8.0,6.91
4.9,6.4
13.8,12.39
16.1,16.87
7.7,8.04
5.3,5.47
5.7,7.09
9.3,10.75
4.5,4.7
6.0,6.41
3.7,9.46
4.5,8.25
9.7,8.45
20.5,21.45
6.1,6.05
4.1,4.16
12.5,27.37
6.9,5.79
14.5,10.96
11.0,8.09
4.5,6.29
10.3,12.27
9.3,9.04
43.7,46.38
17.3,17.67
7.7,8.04
5.5,4.8
4.5,6.19
4.9,4.58
3.7,6.27
14.5,15.19
20.9,26.7
4.1,6.33
6.5,5.42
8.5,9.36
14.5,13.7
3.7,4.19
6.0,6.27
6.5,7.92
7.7,8.34
12.0,11.91
5.0,6.58
4.5,5.36
13.0,12.5
6.9,6.43
9.5,7.53
6.1,6.02
9.3,11.26
9.3,8.69
8.9,10.58
8.5,11.9
9.5,9.58
20.5,16.21
4.0,5.06
7.5,7.24
7.0,5.86
8.5,12.08
7.0,6.71
12.5,9.71
4.5,5.06
5.5,4.61
7.3,9.69
4.5,6.33
28.8,26.13
13.0,15.5
8.9,8.63
6.1,7.6
4.9,5.06
6.0,5.38
9.3,8.82
6.9,9.13
15.0,15.9
20.5,13.26
6.0,5.2
15.3,19.88
31.0,31.92
9.3,7.45
4.5,4.34
14.1,16.8
9.5,9.58
5.0,9.63
7.0,6.01
6.9,7.15
11.5,10.16
13.0,10.79
3.7,5.33
6.5,7.16
14.0,13.5
12.1,11.85
8.1,10.68
6.0,7.05
11.3,11.56
25.5,8.24
3.5,4.86
5.5,6.14
14.5,8.29
13.3,11.57
8.9,9.68
4.1,5.08
7.3,9.86
9.5,5.71
18.1,18.22
4.0,5.05
6.1,7.17
9.7,11.56
20.5,15.72
23.5,21.78
6.5,5.18
11.5,10.13
20.9,26.19
10.9,11.4
4.9,5.32
7.0,5.45
12.1,13.63
9.3,10.74
10.5,9.18
13.0,13.16
4.9,6.53
15.7,17.8
3.0,4.69
5.5,5.89
5.7,6.12
5.3,6.02
17.5,16.82
7.5,8.59
13.0,11.68
17.5,22.99
19.0,17.64
21.7,16.39
5.3,5.8
3.7,5.07
10.9,12.58
23.7,25.56
14.5,8.3
7.0,5.79
28.0,21.52
18.0,14.36
10.0,9.44
4.0,3.79
46.9,50.63
5.3,6.1
5.7,5.06
7.3,7.84
6.5,7.48
5.7,5.7
19.0,12.03
20.5,16.32
4.5,4.74
12.0,10.91
12.1,14.97
4.5,5.04
9.7,13.12
10.0,6.55
8.5,7.72
6.5,6.59
6.5,7.12
6.9,6.74
6.0,6.03
6.5,8.36
20.0,13.67
17.3,19.38
6.5,6.29
17.0,14.76
6.0,5.94
4.5,5.5
4.5,4.44
11.5,10.19
137.0,11.96
5.3,5.32
6.1,5.05
26.0,30.12
4.5,6.04
3.3,4.5
16.5,22.42
13.5,10.62
4.5,5.24
4.5,6.04
10.5,8.04
8.1,9.53
15.5,13.42
5.5,6.51
7.5,7.2
4.9,6.13
6.1,6.08
11.7,12.63
17.3,21.8
3.7,4.51
9.5,9.47
19.3,21.96
7.5,7.63
7.3,5.47
26.1,26.84
6.1,14.04
5.5,5.54
8.0,9.11
3.5,4.27
8.5,7.43
25.2,21.85
7.5,8.17
14.5,16.36
8.0,10.18
6.5,4.76
21.5,20.27
9.3,8.93
14.0,12.97
6.5,6.25
14.0,14.3
16.9,16.86
6.1,7.53
8.5,9.36
15.5,14.62
25.5,21.22
21.0,19.78
5.0,4.24
6.5,5.7
8.5,9.43
11.3,13.83
4.1,5.09
11.5,9.33
4.5,4.69
56.8,50.07
6.5,6.11
42.0,52.85
25.0,24.8
10.5,12.54
8.1,7.55
6.9,8.97
5.5,5.48
7.3,9.84
6.5,5.16
3.7,6.13
23.94,26.56
5.3,5.63
41.83,37.03
10.5,9.52
34.1,36.35
13.5,10.11
5.3,6.1
5.7,4.4
21.3,9.69
8.0,7.39
7.0,8.06
16.5,20.38
5.3,6.49
5.3,5.81
4.5,5.97
23.5,18.3
4.5,6.53
7.3,8.77
8.5,9.11
14.1,15.07
8.5,8.03
4.1,4.85
3.7,5.29
6.1,7.34
4.1,5.95
4.5,6.34
7.5,6.78
5.5,6.42
7.0,6.87
8.5,8.53
15.0,11.34
4.1,4.87
17.7,24.04
4.5,5.45
5.7,6.51
9.0,10.23
22.0,16.62
36.5,36.6
4.5,6.01
10.9,10.97
18.5,14.94
5.3,6.61
4.5,5.48
4.5,5.07
4.5,6.3
16.9,20.37
15.5,14.15
5.0,4.68
6.9,9.51
14.5,19.49
3.7,4.44
8.1,10.85
24.5,25.74
4.5,5.41
5.7,6.53
18.5,17.28
2.5,13.84
16.1,19.42
26.0,22.58
22.0,16.73
21.0,18.7
24.0,21.34
3.7,4.08
8.9,10.96
8.5,8.2
9.0,7.96
6.5,6.19
8.0,6.54
7.3,6.69
30.33,26.61
15.3,17.05
13.5,12.09
10.0,11.3
19.5,19.04
6.9,8.21
18.0,13.0
4.9,5.61
6.1,8.13
52.0,50.12
8.9,9.98
25.07,24.31
30.5,23.45
19.7,14.92
34.3,30.09
4.9,6.21
7.3,7.71
8.1,9.89
4.5,4.82
16.1,17.73
16.9,18.91
6.5,6.43
6.5,9.67
6.5,7.42
8.1,8.63
3.7,5.02
12.0,10.4
4.5,5.9
5.7,5.81
13.5,9.15
6.5,8.06
9.3,12.38
10.0,10.16
4.5,5.86
16.0,10.02
10.5,8.61
5.7,5.69
7.3,9.41
52.0,45.36
6.9,8.1
7.7,7.72
5.3,7.13
7.0,7.8
7.5,6.76
17.7,19.55
6.9,8.11
49.8,50.02
12.9,17.73
11.5,8.09
9.0,9.65
5.7,6.28
5.3,6.7
9.3,10.4
6.5,7.54
8.5,8.36
5.3,6.42
16.5,12.72
18.5,16.44
5.7,6.28
4.1,36.22
13.5,14.87
20.0,17.66
10.0,7.94
13.3,15.06
10.9,13.16
7.5,7.49
89.8,101.16
13.3,11.49
7.7,10.52
6.5,5.86
8.5,7.18
10.1,10.48
8.9,11.91
8.5,9.37
9.7,9.82
6.0,5.92
10.5,11.3
4.9,5.93
37.83,33.63
7.0,8.74
8.5,9.63
5.3,5.7
5.3,6.7
2.9,4.32
19.0,15.66
8.9,9.54
4.9,5.93
4.5,5.66
7.7,9.98
4.9,5.33
16.0,13.21
8.9,8.61
9.69,10.84
5.3,5.68
7.3,7.04
7.3,41.57
6.9,7.45
4.1,5.66
5.7,4.33
8.0,7.66
12.5,12.05
7.3,6.47
4.5,5.25
6.0,6.96
5.7,5.51
20.0,14.17
16.0,16.18
5.5,5.96
8.1,8.02
5.0,4.72
25.87,28.25
14.5,12.18
4.9,5.23
6.9,4.31
8.1,7.56
8.9,11.69
4.5,4.49
56.8,52.37
14.5,12.99
5.7,6.62
6.5,5.6
11.0,10.27
7.5,6.95
3.3,5.1
9.0,9.97
6.5,8.29
6.9,7.98
7.0,6.41
15.7,17.42
7.7,9.85
4.0,5.59
12.1,10.56
10.1,10.84
15.0,12.56
19.0,17.79
10.9,12.81
14.0,12.2
10.9,15.71
7.7,10.22
4.0,6.26
4.5,4.03
22.1,20.94
11.7,9.48
6.5,6.37
6.5,7.44
5.3,5.16
8.1,11.28
5.5,6.08
10.1,5.51
13.3,16.61
6.5,6.6
6.0,5.9
9.3,10.21
5.3,6.66
11.7,12.31
4.1,6.36
10.9,8.82
3.5,3.86
57.33,51.93
4.5,4.63
14.5,14.73
3.7,8.96
5.3,6.78
7.3,10.0
5.5,7.22
25.5,20.62
30.9,34.32
6.0,6.06
4.1,5.05
13.5,7.84
10.9,11.77
12.5,9.15
7.3,9.12
30.25,35.5
9.7,11.46
6.0,6.85
6.9,6.91
4.5,4.96
6.9,10.54
5.0,3.9
15.3,17.48
16.5,14.59
14.5,10.4
5.3,5.29
5.5,5.01
33.3,29.09
4.0,5.64
12.5,12.23
4.5,5.52
6.5,8.83
8.5,10.72
5.7,6.05
14.0,11.15
8.1,9.61
16.5,14.31
5.5,5.55
8.1,7.62
4.9,5.03
7.0,7.5
11.0,10.16
20.27,19.08
7.5,8.95
9.7,9.93
6.5,6.34
10.9,12.57
4.9,5.56
4.1,4.49
10.1,14.56
7.3,7.9
5.0,4.69
8.0,8.75
4.5,5.3
9.7,9.7
10.5,12.12
6.9,8.88
9.7,11.08
8.1,3.92
4.0,6.05
4.1,4.26
13.5,10.91
15.7,18.34
5.0,4.87
7.7,9.11
15.5,12.17
8.1,8.8
10.0,6.38
17.3,15.36
9.7,13.11
8.9,12.32
6.1,6.88
15.0,13.76
11.3,9.65
6.5,7.38
6.9,6.93
10.1,10.05
9.3,6.67
15.3,16.25
6.1,6.96
6.9,6.84
49.57,53.72
8.1,10.34
10.0,9.49
6.0,4.94
10.5,8.32
10.9,11.85
10.5,11.06
18.9,30.81
10.5,10.22
12.5,13.89
7.3,8.57
3.7,4.8
7.3,8.45
7.5,8.13
6.6,6.67
5.7,6.26
6.9,6.59
9.3,9.38
10.5,7.55
10.0,8.16
11.3,10.09
10.0,10.14
22.0,14.94
4.1,4.68
8.5,8.77
8.9,9.66
16.0,14.17
23.7,32.97
12.5,14.98
6.5,6.09
9.0,8.19
5.7,6.09
18.0,13.94
11.3,14.53
13.5,10.65
6.0,6.41
33.8,31.04
6.0,7.99
5.3,7.01
23.0,10.68
9.0,9.07
17.5,20.99
7.0,6.66
3.7,11.82
6.5,4.61
5.5,5.17
5.5,6.52
8.1,12.29
13.3,16.92
14.5,11.92
6.5,9.81
22.0,15.88
17.7,19.5
5.7,7.67
9.0,9.49
5.7,5.18
10.9,9.91
5.7,6.99
45.0,51.7
17.5,16.66
4.9,6.69
49.57,50.02
7.7,8.87
5.0,5.6
5.3,5.92
39.83,27.81
18.9,19.39
6.5,6.34
11.7,10.19
8.5,10.9
9.7,8.09
4.1,3.83
7.7,11.11
17.7,22.2
4.9,6.91
5.3,5.45
6.0,7.28
20.9,21.46
35.33,31.94
13.5,10.39
10.0,10.49
8.9,8.95
4.1,5.66
10.1,10.39
12.1,15.52
8.5,8.24
4.0,3.7
6.7,7.65
7.7,7.57
12.5,11.66
5.7,5.53
6.0,5.56
28.5,31.92
5.3,6.48
8.1,8.55
50.0,12.3
6.1,6.92
7.7,7.91
8.5,7.44
9.0,5.48
6.9,9.89
10.5,11.41
16.5,13.5
25.5,18.44
10.0,8.88
11.7,13.63
4.9,9.31
6.9,7.3
11.0,10.26
10.5,8.18
13.7,21.43
4.1,4.9
14.1,13.93
8.1,8.7
17.3,12.52
7.0,6.3
8.0,5.54
2.5,9.76
18.5,20.54
56.7,69.4
15.5,12.21
12.1,11.04
7.0,8.5
10.1,10.83
4.1,4.95
32.01,11.21
4.5,4.9
12.5,9.11
8.5,7.63
6.1,6.7
9.7,8.28
4.5,5.69
9.3,10.68
9.0,10.19
5.5,6.93
12.3,13.81
10.5,11.31
5.0,5.25
4.5,5.24
4.1,4.88
4.9,6.15
12.5,6.08
6.1,6.55
8.5,8.51
6.0,5.1
6.9,11.72
4.1,4.77
6.5,8.57
6.5,5.38
3.7,3.71
9.0,9.43
11.5,10.62
18.5,14.53
7.5,8.14
4.1,4.69
9.5,5.83
6.9,9.47
9.0,8.53
4.5,4.78
10.5,9.53
8.0,7.16
7.0,9.18
41.83,32.91
4.5,5.2
57.54,52.26
4.1,4.85
8.9,12.9
11.0,9.22
5.5,6.02
4.9,7.0
25.7,26.14
13.5,12.44
25.0,13.65
7.0,6.18
7.7,10.99
4.1,5.35
8.0,8.57
13.5,11.91
6.5,5.78
4.1,4.81
16.5,14.9
20.0,16.48
11.0,8.21
7.5,8.17
8.9,16.49
8.5,8.77
4.9,4.45
5.3,5.91
5.3,5.55
4.1,6.26
9.7,11.1
9.0,7.31
7.3,8.47
4.9,5.01
6.9,8.44
13.7,13.53
10.1,11.02
10.9,11.0
17.0,15.97
14.0,12.82
6.1,8.37
8.5,10.26
14.5,11.16
7.3,8.29
4.9,6.73
7.0,6.03
14.9,16.03
5.3,4.76
6.1,8.83
4.9,6.51
4.1,9.17
8.9,12.27
14.9,8.74
6.2,6.9
5.3,6.19
8.1,8.81
33.3,31.61
8.5,10.22
7.3,6.87
6.0,5.45
5.7,7.02
4.1,4.64
26.2,22.92
19.7,21.99
5.5,5.72
12.9,10.19
49.8,53.17
20.1,19.91
9.3,12.12
13.5,13.44
6.5,7.34
24.5,19.83
6.1,6.27
6.0,4.79
9.3,8.21
9.5,4.21
4.9,4.24
5.5,5.45
14.1,15.04
6.5,5.37
5.3,6.86
7.0,6.87
5.7,7.59
14.0,6.9
11.3,13.8
5.3,5.43
46.33,35.11
7.5,7.39
17.87,17.36
8.1,9.59
7.7,9.43
9.0,7.31
28.0,18.06
10.1,11.8
6.0,6.22
3.5,5.58
16.0,13.28
49.57,55.0
5.5,5.65
11.0,9.92
16.9,20.65
16.5,14.69
7.3,7.84
5.0,6.46
6.5,9.1
6.1,6.63
14.9,14.19
8.0,7.58
25.0,21.53
7.3,6.89
4.9,6.03
3.0,6.6
8.1,8.83
12.9,15.97
4.5,6.1
8.9,10.57
14.5,12.62
8.1,6.92
3.5,5.06
70.25,72.57
10.1,10.88
36.33,28.25
4.1,5.29
8.5,9.73
15.0,9.8
6.5,6.86
57.33,50.64
8.5,6.53
9.0,5.75
4.2,4.36
19.3,24.98
4.5,5.46
11.0,10.15
4.5,5.19
14.9,11.33
32.5,27.49
4.5,5.8
8.9,9.42
7.5,8.01
16.5,6.73
33.5,36.52
7.3,3.86
15.3,13.47
12.5,16.95
12.5,12.76
8.5,7.41
12.0,12.35
5.7,5.19
6.0,5.86
6.0,5.25
6.0,7.18
13.5,10.86
12.1,14.16
4.5,5.8
6.9,7.78
19.3,21.09
15.3,8.49
4.9,5.25
13.7,15.1
8.5,5.65
13.7,17.38
14.0,10.04
22.5,17.29
15.3,13.38
6.5,7.54
5.5,5.99
7.3,7.64
14.5,8.45
5.3,6.2
26.27,31.18
6.5,7.57
8.9,8.51
8.1,7.06
11.7,13.69
8.5,7.99
26.5,18.78
7.5,8.48
7.7,8.62
5.7,5.71
5.5,5.65
9.3,8.01
2.9,9.81
12.9,15.01
6.0,3.71
6.5,8.38
7.3,6.59
9.3,10.5
10.5,6.47
14.5,13.81
18.1,11.8
12.0,11.03
2.5,8.5
21.0,21.05
15.7,21.28
4.1,17.76
8.5,9.32
7.3,8.08
6.5,8.31
4.5,5.63
20.0,15.49
12.0,9.13
4.1,5.02
11.3,10.65
7.0,6.7
8.5,12.03
4.0,5.04
9.0,7.99
4.9,13.41
7.0,8.11
5.7,5.95
5.7,5.73
37.04,29.62
4.9,6.29
8.1,7.9
14.5,13.57
8.9,9.87
5.3,8.73
19.0,18.33
15.5,13.5
4.1,5.3
36.83,39.05
10.0,9.12
4.1,5.26
5.7,7.67
7.3,10.02
7.3,8.1
8.5,11.2
6.5,4.87
4.9,5.56
15.3,17.51
5.5,5.93
11.3,11.57
17.3,12.89
35.5,36.46
5.0,5.08
5.3,5.56
7.5,6.64
8.5,7.76
6.5,6.64
40.8,35.89
4.0,3.77
9.5,10.72
5.0,4.81
5.7,6.37
37.0,33.13
12.1,12.08
8.5,9.71
2.5,9.67
7.7,9.75
42.0,48.12
7.7,8.22
5.3,7.12
9.5,7.97
12.1,14.21
16.5,17.77
17.5,17.81
8.5,10.24
10.9,10.51
8.1,7.85
7.5,6.06
12.1,14.83
18.5,16.24
13.3,16.25
6.9,6.02
5.5,6.04
13.0,10.67
13.7,14.11
9.7,10.04
10.1,11.12
4.1,5.05
14.5,13.24
34.1,36.71
6.5,5.68
10.5,8.48
14.5,18.62
49.57,52.3
6.1,7.12
7.3,4.95
10.9,12.05
15.5,14.68
12.5,13.4
10.0,9.77
9.5,10.58
5.7,7.02
8.5,10.47
14.0,13.13
4.9,6.34
4.5,6.19
11.5,9.64
8.5,10.15
8.5,6.69
10.0,9.25
11.5,9.15
7.0,5.98
4.5,5.75
30.5,29.87
57.33,48.41
8.5,7.3
15.5,13.01
6.5,7.4
3.3,4.45
7.3,9.01
9.3,8.7
7.0,11.44
11.5,12.06
4.5,4.45
7.7,8.26
6.5,6.08
49.8,50.61
10.0,8.26
40.83,30.75
8.5,7.55
5.3,6.17
13.7,14.6
4.9,7.13
6.5,11.03
20.5,12.59
11.3,14.41
5.7,6.29
15.5,10.81
6.1,8.23
12.0,9.92
16.5,12.21
14.0,17.04
7.0,6.51
7.5,6.86
10.5,11.13
30.9,31.97
11.1,10.84
9.0,10.24
3.7,4.72
7.0,10.23
12.9,17.2
6.9,7.64
7.3,7.57
7.7,7.79
12.1,15.39
14.0,11.49
12.5,11.86
9.5,14.94
7.7,8.11
7.7,7.89
9.3,10.39
4.9,4.91
11.0,13.49
8.1,8.27
22.1,22.29
12.9,12.92
12.1,13.76
5.7,6.9
7.5,8.09
4.5,5.75
6.5,7.17
5.5,6.05
4.9,5.8
6.5,6.79
4.0,4.76
8.9,10.14
9.3,10.39
17.5,15.47
9.5,8.12
15.5,11.23
8.1,7.79
8.1,5.02
19.5,16.18
7.0,7.24
8.5,8.91
4.9,5.18
34.1,45.59
12.1,12.69
8.0,7.52
7.3,8.01
3.3,5.63
10.5,11.94
7.7,6.36
12.5,16.0
12.0,10.13
16.0,9.65
6.9,6.72
5.7,5.95
10.5,10.45
6.9,8.2
7.3,8.13
6.5,5.98
4.5,5.69
12.0,11.42
8.1,8.86
7.5,8.59
56.8,52.61
57.33,50.23
18.1,17.53
34.9,36.27
14.5,11.68
8.1,12.78
7.7,7.71
49.8,50.36
10.1,10.24
5.0,4.74
7.7,7.77
15.0,9.67
16.9,16.19
57.33,51.25
32.33,28.06
6.9,8.05
10.1,10.67
6.1,6.71
9.0,8.05
14.5,8.18
6.5,8.3
8.1,8.75
8.5,6.98
12.5,15.96
6.0,6.75
9.3,12.38
6.5,8.09
10.5,9.31
8.1,9.05
12.0,9.76
14.9,15.06
8.5,6.79
25.5,14.98
8.9,7.45
8.9,9.52
6.1,6.99
4.9,5.42
8.1,9.47
4.5,6.31
16.1,13.14
11.0,10.31
33.3,38.38
6.9,8.29
6.5,5.8
18.0,17.79
7.7,7.96
16.5,9.15
4.1,4.97
4.9,4.48
7.7,7.71
9.0,9.17
4.5,4.61
19.0,16.45
14.5,5.7
57.33,50.99
9.0,8.03
6.9,6.15
8.0,8.41
7.3,9.17
16.1,22.54
5.7,6.17
3.5,5.98
4.5,4.56
11.0,8.02
14.9,16.57
6.9,8.68
5.7,7.35
8.0,6.5
13.5,7.52
10.1,11.9
7.5,8.36
8.0,8.07
10.1,4.84
11.0,9.52
49.8,52.62
11.0,10.29
17.3,20.84
8.0,8.57
19.5,19.67
5.7,8.24
14.5,15.09
21.5,18.27
11.5,11.52
12.5,8.48
6.9,6.45
4.0,4.99
4.0,5.79
6.9,6.43
7.0,6.38
33.7,36.95
5.3,5.4
16.0,9.94
5.7,5.51
12.9,12.68
49.57,50.9
4.9,6.65
6.9,6.81
6.9,6.62
8.1,7.75
8.5,7.95
25.3,20.54
53.04,34.13
4.1,4.14
26.5,28.94
4.1,5.04
4.9,6.57
3.5,4.9
4.5,4.23
18.5,13.75
4.1,4.46
4.9,7.03
8.5,6.55
5.5,5.46
15.0,9.46
5.0,5.14
6.5,6.67
6.9,8.94
10.9,8.79
12.9,14.98
6.9,7.79
6.5,8.15
4.5,4.81
10.5,8.61
15.0,12.79
9.5,9.49
5.7,5.8
5.3,6.61
4.5,5.08
23.3,26.64
12.9,15.36
10.1,12.87
12.5,10.11
3.3,4.2
10.1,12.04
16.0,9.42
13.5,12.2
5.3,6.17
9.0,8.81
8.9,5.96
6.5,7.73
8.9,9.4
15.0,12.66
7.5,7.48
3.5,3.64
5.7,6.3
11.7,10.5
7.0,5.96
5.3,6.64
11.7,10.12
9.0,7.61
6.0,6.4
3.7,6.08
4.5,5.61
2.9,4.26
18.1,20.36
33.3,33.85
18.5,14.6
5.5,5.36
8.5,12.61
20.5,14.97
5.7,6.05
8.1,10.21
8.0,8.0
25.5,19.35
5.7,6.5
5.3,10.23
4.9,6.28
5.3,4.83
11.0,10.08
8.9,6.65
13.3,13.66
19.7,22.41
5.1,5.43
6.5,8.05
7.5,7.5
8.9,11.45
11.0,11.12
12.5,5.9
17.3,18.34
7.7,9.39
7.0,7.85
5.3,5.88
10.5,9.56
6.5,6.54
5.5,6.65
6.5,6.79
5.3,5.76
4.1,5.86
29.0,19.81
4.9,6.34
13.5,14.39
10.5,11.16
11.7,14.78
9.5,9.64
13.0,8.2
25.5,13.28
5.5,4.84
5.3,6.86
21.0,13.49
8.1,9.9
12.0,10.41
12.5,11.2
3.7,5.87
3.3,4.76
19.3,20.82
5.0,6.86
5.7,7.28
8.0,10.69
11.5,11.74
9.3,11.48
11.3,13.33
7.7,8.63
7.7,9.17
24.67,24.82
4.5,5.73
7.5,8.54
5.7,6.83
14.5,15.4
13.5,12.37
11.3,11.74
8.5,8.88
21.0,19.53
15.3,14.22
5.3,5.36
14.5,12.15
17.7,21.35
11.7,15.48
4.9,5.5
7.0,6.94
6.5,8.17
7.7,9.65
6.5,7.84
4.5,5.06
7.0,7.43
3.3,4.09
6.5,6.12
7.7,10.27
6.1,7.24
4.1,5.77
4.5,4.91
6.5,7.07
6.9,10.23
12.5,12.64
7.3,8.32
12.0,5.23
3.3,4.79
8.1,6.65
31.33,26.75
6.5,7.4
13.3,13.76
6.5,6.41
9.5,9.65
14.9,19.51
9.0,10.42
5.5,7.61
8.5,10.34
2.5,9.55
7.7,7.91
7.5,6.94
12.5,12.21
22.0,18.09
6.5,6.64
3.0,11.59
12.5,12.15
4.5,4.85
6.9,8.51
6.1,7.11
11.0,10.56
7.3,11.75
4.9,5.49
33.3,30.0
12.5,12.74
7.7,11.14
13.5,11.56
6.5,9.88
16.0,12.86
14.1,16.14
5.7,6.6
2.5,8.2
8.5,8.41
4.1,5.64
4.9,5.27
13.7,5.69
9.3,9.79
14.5,16.63
11.3,8.72
4.5,5.41
10.5,10.58
24.5,23.68
6.5,6.89
3.7,4.06
13.5,13.51
20.0,17.0
14.0,12.91
9.7,10.84
6.9,7.42
4.5,6.53
5.3,9.4
8.5,7.89
13.0,11.95
4.5,5.42
7.0,6.71
8.0,6.83
5.3,5.51
15.0,10.82
17.5,13.9
8.0,8.13
4.5,3.89
5.5,6.41
8.0,7.9
15.3,15.8
11.7,11.35
6.1,6.37
6.9,7.79
9.5,7.53
11.5,12.58
4.5,10.8
5.3,6.54
4.5,5.29
11.7,14.69
9.0,9.13
8.1,7.05
9.7,4.41
4.1,4.26
5.7,6.78
9.0,7.01
52.0,53.02
4.9,6.86
8.0,9.31
7.0,8.5
6.5,7.3
8.5,7.31
7.0,6.84
9.7,8.79
44.33,35.2
18.0,17.5
3.3,4.21
11.0,11.13
8.5,7.23
4.5,6.08
15.7,15.05
8.5,9.26
8.5,7.4
7.0,7.61
5.9,9.48
8.5,11.08
9.0,8.33
51.5,32.28
30.1,29.93
13.0,11.56
16.0,14.88
4.5,4.88
5.7,5.74
9.7,5.67
5.0,4.65
17.0,15.84
6.5,8.3
20.1,16.24
6.5,8.15
4.5,7.71
3.3,8.62
9.0,8.35
5.5,6.06
24.1,28.6
8.0,5.59
4.9,5.85
6.5,7.62
8.1,10.36
6.0,6.37
14.0,12.37
5.7,5.34
7.0,6.42
8.5,9.75
12.5,11.65
4.0,5.39
9.7,10.67
16.5,17.04
10.5,10.71
27.0,22.98
17.5,11.74
13.5,11.23
5.3,5.2
7.5,6.14
10.1,8.05
16.1,15.26
12.9,13.3
5.3,7.02
8.5,7.42
4.5,9.5
8.5,9.29
6.0,12.93
14.0,13.64
9.5,9.36
4.5,5.78
10.5,9.6
13.5,12.94
4.5,5.26
4.0,4.47
6.1,8.58
6.1,7.3
10.5,14.26
4.5,5.44
4.5,6.0
11.5,9.29
12.1,13.14
5.3,6.21
39.7,41.41
14.6,15.34
6.1,6.09
9.0,8.61
5.5,5.98
10.0,8.33
7.7,9.9
6.9,7.59
9.3,9.9
18.1,22.63
17.3,19.15
5.5,7.26
11.3,10.89
15.0,15.91
2.5,18.33
8.1,10.74
8.1,5.78
6.0,6.34
18.9,18.19
15.0,13.6
8.9,10.15
49.8,52.03
4.9,4.1
6.5,8.24
12.5,15.79
16.0,14.73
6.9,7.53
6.5,4.88
7.3,8.44
49.8,51.37
12.5,12.63
8.0,7.27
6.5,6.68
30.5,32.17
6.1,5.66
9.5,8.31
3.7,5.43
6.1,7.53
8.0,7.86
10.9,13.07
5.5,5.93
18.5,18.46
9.7,8.82
9.3,9.71
6.5,5.95
3.5,4.29
6.9,8.7
13.7,15.54
7.3,7.27
6.5,6.25
9.3,9.72
4.5,5.36
4.5,5.57
8.5,10.54
15.7,14.53
10.5,7.6
13.0,11.5
3.7,4.78
12.1,12.19
11.5,5.95
16.5,13.86
4.5,6.54
8.0,6.79
65.2,9.03
6.5,11.35
9.3,10.62
5.5,5.43
14.1,15.88
4.1,4.92
6.0,6.95
8.5,10.01
10.1,11.78
23.0,16.18
8.1,9.6
16.1,16.59
7.7,9.35
5.3,6.95
9.7,7.96
12.5,13.54
5.3,5.68
17.7,17.61
10.1,7.04
7.0,7.64
10.0,9.71
10.0,10.8
15.3,17.51
16.9,19.74
10.1,12.08
11.5,11.0
6.9,7.96
10.0,10.57
33.5,29.35
9.3,9.98
6.1,7.3
19.3,22.4
3.7,6.86
5.7,5.53
13.0,13.01
10.9,12.13
9.0,8.67
4.5,5.9
8.5,6.07
8.0,8.38
4.5,5.1
11.7,12.37
10.5,9.47
4.1,4.15
3.7,4.79
7.3,8.46
11.0,9.53
7.5,8.24
12.5,10.91
4.0,4.07
22.0,15.4
9.3,7.87
50.0,53.74
75.33,60.78
12.1,12.68
10.9,13.59
10.5,10.29
7.3,8.94
8.9,9.06
9.3,12.13
3.5,3.56
6.5,7.16
3.7,5.16
2.9,5.12
27.7,33.95
4.9,5.62
8.5,7.03
16.5,16.68
6.5,7.18
8.0,12.26
11.0,11.78
7.0,7.64
24.5,25.26
6.5,6.96
6.9,6.32
10.1,11.63
11.0,10.25
5.3,7.25
7.3,7.04
13.7,19.25
12.0,9.58
8.0,9.03
4.1,5.07
8.5,10.77
8.1,7.31
18.0,16.55
49.57,51.99
4.1,4.41
4.0,4.02
49.8,52.02
24.5,13.05
8.5,12.2
27.5,18.68
8.1,9.49
4.5,5.76
9.3,9.42
6.9,8.23
12.9,12.32
14.0,4.24
5.3,5.8
7.0,6.42
13.3,15.63
12.5,12.49
6.5,7.04
6.5,7.37
8.5,10.65
39.0,35.87
5.7,4.54
8.5,11.41
10.1,9.46
10.9,12.1
3.7,4.0
6.9,7.35
7.0,7.69
15.0,12.14
13.5,11.28
6.5,6.0
6.1,6.35
4.5,4.32
10.1,12.14
5.3,6.29
7.7,10.53
5.3,16.17
14.0,9.09
7.7,10.59
5.7,6.89
6.1,7.27
4.5,5.31
6.5,5.37
7.0,6.68
4.1,15.61
8.5,6.99
4.5,5.47
14.0,12.58
9.5,8.77
8.5,8.25
6.1,6.83
6.1,6.01
2.9,5.85
10.5,12.61
4.5,5.26
5.5,6.1
8.0,7.73
9.0,9.72
56.8,53.12
6.9,17.85
9.7,8.3
3.3,13.79
6.5,7.35
24.5,34.89
20.1,19.55
13.3,14.39
5.3,7.08
8.5,10.0
7.5,6.89
21.3,22.52
8.1,8.73
4.0,4.58
8.0,7.19
10.0,8.02
4.1,18.45
21.5,21.49
14.5,13.96
8.9,9.31
6.5,7.89
12.9,15.73
11.0,9.14
5.3,5.25
11.0,9.72
6.5,6.87
9.7,9.72
14.2,15.4
4.5,5.39
8.5,8.13
7.7,7.93
9.5,8.89
7.5,6.77
4.5,5.28
4.0,4.17
7.5,7.06
12.5,14.14
34.9,7.95
2.9,5.36
9.5,9.85
10.5,11.6
9.0,7.51
8.5,7.46
17.5,17.73
8.1,9.81
8.0,7.33
5.0,5.06
14.5,12.98
4.5,5.05
3.3,3.98
12.5,16.24
10.1,8.52
58.5,19.99
21.0,17.75
10.5,11.25
4.5,4.54
14.1,13.28
9.0,7.78
8.1,6.93
23.0,20.8
12.5,11.95
8.0,8.65
6.9,13.26
4.9,9.74
7.3,8.77
13.7,17.76
5.3,5.92
4.0,5.43
5.5,5.54
11.3,11.37
8.5,10.57
7.5,8.43
13.0,9.6
13.0,14.9
6.5,9.5
14.5,13.92
5.3,7.06
4.1,4.78
6.0,5.95
10.0,8.11
11.5,10.87
6.9,10.06
5.5,5.05
6.5,7.5
5.0,4.31
8.5,8.7
3.3,4.01
18.5,16.22
9.7,8.32
9.0,9.01
9.5,10.66
3.3,5.12
12.5,9.8
4.5,4.54
8.0,6.42
45.0,52.16
8.5,7.04
49.8,53.92
5.3,6.25
6.9,7.6
8.9,7.12
4.5,5.23
15.7,13.97
17.0,14.47
3.7,5.56
28.3,26.9
4.1,5.4
49.57,11.43
11.0,8.59
10.6,14.18
7.3,7.97
5.3,6.28
13.0,7.34
4.5,5.83
8.9,9.05
9.5,8.39
15.7,17.78
10.9,12.83
12.5,13.69
4.5,4.56
11.7,14.77
18.5,16.07
6.1,6.21
7.0,6.81
14.5,13.09
6.5,9.42
111.75,81.49
8.9,10.06
14.1,17.42
8.5,8.48
6.1,7.86
17.7,18.9
6.5,7.34
52.0,12.57
8.1,9.25
6.5,7.59
6.5,6.91
10.1,11.72
7.0,7.47
6.5,7.03
8.1,9.8
3.3,5.1
9.3,10.19
9.7,7.88
4.5,5.61
4.5,5.48
5.7,5.82
5.4,6.91
6.5,8.1
10.0,8.18
12.9,16.16
7.5,8.1
9.5,9.66
3.3,5.87
6.9,8.1
15.7,51.23
15.0,14.96
9.5,8.99
7.5,8.58
4.0,4.56
12.5,14.85
8.5,7.38
3.7,4.31
7.3,7.58
2.5,7.65
9.5,9.09
5.3,7.3
5.0,4.95
12.9,12.05
5.5,5.0
12.0,9.93
8.1,9.52
9.5,8.09
6.5,6.57
8.5,12.05
12.5,12.72
4.5,5.35
5.0,4.3
5.0,4.56
10.0,9.76
14.0,9.1
4.5,5.36
4.5,4.56
7.7,9.35
15.7,20.05
9.5,8.84
4.9,5.11
8.5,6.73
6.5,6.95
4.9,5.59
6.1,7.74
4.9,4.53
7.7,5.79
27.3,28.65
26.0,19.54
10.9,6.92
5.7,5.08
6.9,8.38
4.5,6.33
14.5,12.41
11.7,12.76
7.0,7.23
5.7,5.34
8.0,9.15
10.5,10.58
4.5,5.32
8.1,8.1
4.1,6.61
4.5,4.4
7.3,7.1
7.0,5.68
6.1,7.23
9.0,7.37
38.9,30.96
7.5,7.84
5.3,6.75
7.5,6.01
12.0,6.64
5.0,7.85
13.3,14.22
4.9,5.38
8.0,7.87
14.5,12.34
19.5,18.96
5.5,10.22
6.9,7.36
16.9,19.58
7.5,7.7
8.5,8.82
23.3,23.04
9.0,11.92
34.1,34.98
13.5,11.54
23.5,20.34
9.3,9.7
7.5,25.55
7.0,5.47
4.1,5.8
5.0,16.46
9.0,7.93
8.0,10.84
14.5,14.41
8.1,8.35
6.0,6.42
21.0,18.36
8.0,7.45
10.5,8.19
7.5,7.13
5.0,5.3
12.1,13.73
5.5,6.69
37.33,33.0
5.0,6.48
22.0,16.96
17.0,13.1
4.9,6.08
11.0,8.69
10.5,8.41
12.5,11.81
7.7,7.34
11.5,9.41
6.0,5.71
12.1,13.48
3.5,7.1
13.0,6.39
9.3,11.93
6.5,6.18
14.5,12.82
8.0,8.17
26.9,33.31
8.9,11.41
5.7,7.07
5.5,6.9
5.3,6.62
8.5,10.34
21.0,16.9
5.3,5.86
15.0,14.96
8.5,11.2
8.0,8.29
21.7,21.02
5.3,7.46
14.5,8.14
16.0,15.69
13.3,14.35
27.7,32.49
4.5,4.44
14.1,17.03
7.0,7.22
9.5,8.0
5.0,4.45
8.5,8.79
4.1,5.07
4.0,5.62
12.5,10.75
11.3,12.06
4.5,5.45
7.7,8.69
7.5,6.88
4.5,4.94
10.5,10.22
17.5,10.45
8.5,7.65
8.0,7.26
14.5,17.6
10.1,10.06
10.5,10.14
11.0,8.07
6.6,6.34
42.8,34.84
6.5,5.61
5.7,5.79
9.5,9.81
9.5,10.96
10.1,9.97
6.5,9.53
15.5,13.89
8.0,7.62
28.67,30.12
7.7,8.41
13.7,11.23
7.5,8.19
14.5,7.93
3.7,4.32
12.0,10.67
16.5,12.94
13.5,14.2
38.33,28.9
12.2,15.29
4.9,5.31
4.5,5.65
9.3,7.63
8.5,7.73
17.3,19.35
10.5,12.12
18.5,20.43
7.3,9.67
10.5,11.05
7.0,7.02
6.5,7.28
13.5,11.34
14.5,11.72
22.5,18.93
7.5,7.46
52.0,53.87
9.3,10.4
6.5,6.51
9.3,11.45
3.7,4.44
22.5,19.92
6.9,7.45
6.1,7.64
7.0,7.36
6.5,6.54
4.1,5.02
8.1,10.01
4.1,5.81
12.1,13.94
8.5,7.36
8.0,8.26
3.7,4.53
5.5,5.19
4.5,9.31
16.1,19.05
4.5,6.69
9.0,5.41
4.9,5.68
8.0,8.29
16.1,17.87
17.5,14.04
8.5,6.83
17.5,14.77
13.0,12.25
8.0,7.56
12.0,11.15
15.7,17.17
8.9,12.64
11.5,9.88
29.7,28.56
9.5,7.65
6.1,6.74
14.9,13.26
11.0,11.48
6.9,8.64
6.1,6.75
6.0,5.26
6.0,6.92
5.5,5.79
10.0,10.51
4.9,5.72
22.1,27.25
8.5,12.03
24.0,16.43
9.5,8.31
8.0,8.81
14.0,14.08
45.0,54.07
6.9,9.62
9.3,10.14
4.5,5.46
9.7,14.27
6.1,7.3
7.5,8.28
8.5,8.76
5.7,5.99
12.5,15.34
5.7,6.96
5.0,7.58
10.5,9.63
3.5,6.22
15.0,8.39
6.0,4.5
10.9,15.24
5.0,4.74
30.67,33.29
7.7,10.13
10.7,10.33
49.57,56.94
4.1,5.04
20.5,23.98
12.1,10.88
10.1,12.42
12.5,15.09
28.5,33.15
3.3,4.72
13.7,13.5
6.1,6.77
14.5,12.91
45.0,50.88
6.0,7.47
5.7,11.65
5.7,6.42
7.5,7.46
6.9,7.08
4.5,5.58
18.5,3.97
13.7,15.39
10.1,10.23
17.5,11.84
10.0,9.39
10.9,11.99
2.5,7.85
9.5,8.41
4.5,4.86
5.7,5.92
11.3,14.15
7.5,7.12
17.3,20.29
10.1,11.54
8.1,8.14
3.7,4.64
6.5,8.39
49.15,53.83
31.3,36.09
15.0,9.01
6.1,6.99
12.6,13.15
8.5,10.43
11.5,8.87
4.5,6.41
7.7,7.56
8.9,11.69
8.0,8.19
5.5,4.39
32.65,32.98
3.5,4.19
3.7,4.61
8.9,8.83
9.7,12.24
18.5,13.5
4.1,5.65
4.1,5.07
12.5,11.19
8.9,9.18
12.5,10.94
6.5,8.69
6.1,7.7
18.0,16.31
10.1,8.83
30.25,31.65
5.0,4.54
4.9,5.55
11.3,10.63
5.0,5.48
17.5,7.5
9.0,7.7
52.0,54.88
9.7,9.16
2.9,3.97
10.1,11.62
4.1,4.78
6.0,6.49
6.1,13.4
6.9,6.09
7.7,9.41
5.3,4.35
6.0,6.76
38.5,39.51
9.7,11.64
4.5,5.77
29.33,26.21
6.5,6.7
8.9,9.06
5.3,6.74
6.5,7.19
3.7,4.9
11.5,9.19
5.3,5.64
6.1,8.19
6.9,8.92
27.3,34.47
39.44,33.64
34.5,37.08
7.0,6.36
4.5,4.72
7.5,6.94
4.9,7.49
4.5,4.83
5.5,6.02
35.0,33.91
7.7,6.23
9.8,10.82
22.0,16.29
4.1,6.13
7.5,8.0
5.7,6.85
5.5,6.6
10.0,8.94
7.7,10.26
5.5,6.27
4.5,5.36
7.0,6.71
5.3,8.23
6.5,7.76
3.3,12.58
8.0,6.93
18.1,14.45
10.5,10.96
4.1,4.84
14.0,11.43
9.5,9.18
6.1,6.66
5.0,4.83
8.5,7.95
52.0,48.89
6.5,5.62
8.0,7.28
8.5,9.77
8.5,6.77
36.5,38.66
9.5,8.2
6.5,6.11
6.2,7.08
19.7,18.56
6.9,6.69
8.5,9.58
10.5,9.57
11.3,11.62
7.3,7.9
9.3,9.25
13.7,16.28
8.9,9.47
13.5,10.2
7.5,7.1
8.0,5.19
10.9,13.89
8.0,6.39
24.5,18.84
11.7,11.51
17.7,9.7
43.0,10.89
13.5,9.26
7.3,8.6
5.0,5.11
9.0,11.38
6.5,6.3
4.9,6.48
37.33,31.56
8.1,10.4
4.1,5.54
3.7,5.27
10.0,9.3
9.0,7.46
8.5,7.04
8.9,5.86
20.0,14.96
5.5,13.64
12.9,11.54
5.7,7.54
9.0,8.06
3.5,4.34
12.1,12.03
11.7,9.45
15.3,5.95
8.6,9.81
5.7,6.73
6.9,9.01
10.1,10.51
19.3,17.88
13.7,11.08
10.0,9.79
4.5,6.18
11.7,12.5
4.5,5.76
4.5,5.08
6.0,6.47
5.5,6.57
9.7,11.79
9.5,9.03
12.0,11.17
3.7,4.7
7.3,9.73
15.5,14.66
8.1,7.14
32.9,36.13
6.1,6.34
11.0,8.99
11.3,12.35
6.5,5.76
4.5,5.09
5.7,7.04
6.1,8.32
31.5,31.97
5.3,5.39
13.0,13.82
4.5,4.96
16.0,17.8
12.1,11.91
9.5,7.7
11.5,12.51
4.9,5.39
14.9,7.68
8.5,6.78
6.5,7.78
2.5,17.19
6.5,6.13
10.5,12.56
11.3,13.04
14.0,9.54
8.9,8.84
5.0,5.17
10.9,11.96
8.0,8.33
14.1,16.15
7.7,6.53
7.0,7.31
6.0,5.92
5.0,6.08
20.1,21.84
52.0,48.43
9.3,9.88
8.5,5.3
11.3,10.43
4.1,4.3
6.5,6.72
4.9,7.63
6.5,5.62
9.3,11.26
6.5,6.84
8.5,6.25
8.5,10.57
9.0,7.74
8.5,7.58
10.0,9.85
9.3,9.57
7.5,6.57
8.0,6.37
5.0,5.19
6.0,5.49
6.0,4.78
4.5,4.06
15.5,17.33
7.3,8.14
9.7,11.97
16.0,14.08
8.1,7.26
6.0,4.19
12.5,12.9
10.1,10.29
9.7,14.44
37.33,32.84
12.5,13.11
10.0,6.1
11.0,5.22
5.7,7.26
6.5,7.65
13.0,11.93
6.0,6.15
6.5,7.44
8.1,10.03
45.0,51.42
7.3,7.58
5.3,7.18
7.3,9.94
4.5,4.76
3.3,4.0
5.7,6.63
12.5,10.52
5.3,6.16
16.5,18.85
4.5,6.46
13.7,16.83
12.0,12.96
26.9,33.9
7.3,7.08
9.5,11.75
10.1,10.28
4.1,5.42
6.9,5.36
12.5,11.45
42.67,44.76
8.9,10.95
11.5,9.52
12.0,7.6
5.0,5.48
5.3,6.89
15.7,19.31
5.7,7.2
5.7,6.77
4.1,4.58
27.87,31.68
29.45,31.44
10.0,6.86
12.1,14.17
9.0,7.53
4.9,5.82
8.9,13.24
7.7,11.07
6.5,8.06
14.5,14.56
13.0,13.37
6.9,6.55
8.0,7.63
8.1,5.84
11.7,14.7
7.3,8.42
9.3,11.57
17.7,17.89
4.1,5.35
18.1,16.53
10.5,10.81
5.3,5.81
4.0,5.34
16.0,10.79
18.9,6.9
18.1,20.05
6.1,7.5
5.3,7.59
19.0,17.99
11.7,12.47
6.9,8.81
4.5,5.06
10.1,11.36
10.5,10.2
12.0,9.41
15.7,19.43
4.5,4.65
8.0,7.11
9.3,8.91
5.7,6.45
9.5,8.31
16.9,17.19
7.3,5.27
2.5,5.83
12.5,12.84
13.3,14.85
8.0,6.3
9.7,10.41
12.0,11.29
7.7,8.57
5.7,6.45
13.0,12.75
5.7,5.66
19.5,15.12
12.5,10.17
10.1,9.98
4.1,5.1
8.9,10.3
5.7,6.25
8.5,8.35
7.5,6.57
8.1,8.34
14.5,16.79
7.0,7.51
10.0,8.79
3.5,4.94
32.9,48.14
5.7,11.12
12.0,10.39
4.5,5.34
4.1,4.41
11.3,12.96
5.7,6.67
8.9,8.99
8.5,8.25
13.5,12.71
8.0,6.62
9.7,10.9
3.7,5.38
2.5,9.33
6.0,6.21
5.7,4.43
15.5,11.28
6.5,8.52
8.1,9.8
7.3,9.73
4.9,6.57
4.9,5.61
16.5,19.66
8.9,8.18
4.5,5.81
18.5,10.22
9.3,9.46
9.3,11.26
49.57,52.09
2.9,5.19
8.9,10.47
4.1,5.74
5.5,4.63
38.0,24.54
7.0,12.74
15.7,19.05
19.0,21.35
9.5,8.1
18.5,17.22
49.0,46.59
6.5,8.5
21.0,18.08
2.5,8.9
8.5,8.02
12.0,11.67
12.9,13.49
19.3,18.15
9.0,7.93
49.8,54.93
26.5,22.54
6.9,8.25
4.9,5.88
6.9,7.13
5.7,9.98
37.8,37.21
9.7,9.16
5.0,5.38
9.7,10.26
8.0,5.4
8.1,8.44
10.5,9.26
29.0,17.33
10.5,9.27
15.3,17.85
4.9,5.93
4.5,5.04
9.3,11.25
6.5,5.14
9.0,9.75
49.8,54.51
4.5,4.1
6.5,7.56
19.5,15.91
6.5,6.28
14.5,12.24
37.7,9.81
11.7,9.61
7.3,8.63
4.9,5.09
4.9,5.34
4.9,6.2
10.5,12.73
15.5,12.62
8.5,8.76
7.7,6.48
9.7,8.98
8.5,8.22
16.9,16.72
7.3,6.29
10.0,6.61
15.3,14.07
10.0,12.71
4.0,4.06
6.1,7.07
14.5,9.6
6.9,9.62
20.5,16.01
3.5,5.83
10.0,11.33
6.9,6.55
10.1,10.63
6.5,8.61
4.9,7.06
10.9,12.62
15.7,18.32
13.0,11.12
6.1,7.18
19.5,17.08
9.7,9.63
16.5,6.48
7.5,8.37
5.0,5.64
4.5,6.04
4.1,4.87
7.5,9.47
10.1,10.87
6.9,6.76
6.0,6.3
8.1,8.7
14.0,11.36
6.1,15.99
4.9,12.84
7.0,6.09
9.5,9.43
15.5,16.3
4.9,5.52
4.9,5.55
13.7,7.81
11.0,10.15
12.5,13.54
8.5,7.44
15.3,19.2
10.0,9.17
5.3,5.38
6.1,6.97
9.0,9.24
4.5,5.99
14.5,12.98
3.3,4.06
6.5,8.54
6.9,5.7
18.5,13.75
13.0,6.67
6.1,7.24
8.1,10.34
9.5,8.94
9.5,8.93
8.2,6.99
15.0,16.15
10.5,10.36
4.5,5.39
5.7,7.62
21.0,20.49
6.5,6.96
9.5,8.39
9.5,9.63
9.0,9.08
3.3,6.97
5.4,5.95
32.5,42.15
6.1,7.3
8.5,12.29
9.7,11.64
6.1,5.59
4.5,6.18
3.7,3.9
11.5,11.66
7.3,7.79
6.0,5.79
4.1,5.47
7.7,9.88
5.3,7.09
13.3,9.93
4.9,5.18
13.7,14.89
6.5,6.98
57.33,34.4
9.7,10.08
16.9,16.81
6.0,7.75
8.5,8.59
6.5,6.94
5.7,6.91
16.0,17.7
9.5,11.12
49.8,50.97
7.0,7.22
5.7,6.23
8.9,9.81
7.0,6.43
8.5,9.37
6.1,6.58
11.5,11.32
5.4,5.89
4.5,10.2
17.0,13.06
4.5,5.0
18.0,17.42
52.9,47.28
23.5,7.68
4.9,5.85
2.5,9.86
29.0,28.19
4.5,5.69
4.0,19.62
26.9,36.08
7.5,6.08
9.0,9.48
6.0,4.87
14.5,11.07
18.3,18.03
12.5,9.32
25.0,18.76
8.5,12.64
22.0,20.37
17.0,15.69
4.5,4.82
8.9,11.11
8.0,5.5
4.5,5.5
6.5,8.05
10.0,7.75
7.0,6.16
10.9,12.43
5.0,5.53
4.5,6.16
49.8,50.2
8.0,8.23
19.3,7.33
8.5,8.19
4.1,4.59
11.5,11.17
6.1,6.63
13.5,13.3
11.7,13.18
11.7,12.79
4.5,5.06
11.3,17.78
4.5,4.88
5.0,4.92
39.87,41.55
11.5,10.14
6.9,8.03
29.54,28.26
3.3,5.1
4.5,4.97
7.0,6.33
5.5,4.37
10.5,8.37
5.5,6.09
5.7,6.54
7.5,7.02
7.0,7.4
6.5,7.52
7.0,7.07
6.1,7.69
6.0,5.8
49.57,42.89
4.9,5.96
26.1,28.5
4.5,5.75
13.3,12.66
6.0,7.11
8.1,11.26
9.0,9.06
13.5,6.5
11.0,12.6
12.9,12.1
11.5,8.9
12.1,14.08
5.7,5.08
20.9,22.0
8.1,8.96
13.3,15.97
116.0,72.16
33.33,25.9
11.7,12.41
6.5,12.95
4.1,5.61
5.3,6.02
4.9,6.46
4.9,6.56
8.1,9.99
5.3,4.97
10.5,36.58
10.0,9.08
33.83,14.19
12.1,8.43
4.1,4.94
19.3,21.32
5.5,5.2
36.8,21.09
6.5,5.93
12.9,19.22
7.5,6.82
4.5,6.18
9.0,6.86
2.5,10.49
10.5,7.34
8.0,8.47
6.5,4.77
5.3,7.7
4.5,4.48
18.0,12.99
7.0,8.58
14.5,12.26
6.0,6.93
10.0,9.83
7.3,8.26
5.7,5.16
17.8,22.87
12.1,14.92
8.1,8.15
8.1,7.27
12.5,14.11
17.0,15.94
18.1,18.21
6.1,6.13
10.1,9.97
4.0,4.38
9.7,10.1
8.1,5.67
21.5,19.11
8.0,4.24
21.0,14.98
22.1,26.19
7.5,7.75
6.1,6.53
5.7,6.15
29.3,37.52
9.5,7.75
11.0,9.56
6.5,7.49
8.1,7.74
11.0,11.49
6.9,11.37
4.5,4.99
8.5,7.45
5.0,4.88
5.0,5.74
10.5,5.89
39.83,35.42
28.5,18.17
6.5,8.83
17.0,16.16
15.3,23.77
9.7,9.88
5.5,6.32
5.5,5.29
7.5,5.9
19.5,19.9
6.5,7.72
7.5,6.49
12.0,20.83
6.5,6.57
13.5,12.66
15.3,19.27
8.0,8.84
2.5,8.67
5.3,6.45
4.9,5.72
6.9,6.45
17.5,17.23
11.0,10.89
5.5,6.03
2.5,8.1
7.3,10.31
26.5,30.2
5.0,4.68
8.1,8.85
9.5,7.83
12.1,9.89
5.3,7.04
6.1,6.27
7.3,9.97
39.8,32.97
10.5,10.2
6.9,8.82
7.3,8.48
5.7,6.53
27.5,30.09
16.0,12.93
8.5,6.95
10.1,11.45
4.1,10.3
8.5,7.14
8.5,8.26
13.3,14.96
9.3,9.68
10.5,7.29
57.33,12.99
16.0,15.49
6.5,6.81
6.1,6.36
9.3,13.69
12.0,10.39
2.5,11.17
4.9,5.97
3.5,4.88
38.0,36.43
8.0,6.01
18.5,15.19
16.5,15.06
8.9,10.37
7.5,7.55
9.0,8.8
9.3,26.34
4.5,4.5
12.0,10.33
14.5,6.99
10.9,11.77
5.7,5.12
8.5,8.79
16.9,8.55
57.33,51.35
10.0,9.26
6.9,8.71
12.1,13.53
31.0,19.98
9.5,9.66
9.3,10.27
19.5,15.4
7.7,8.51
18.0,14.43
12.9,12.53
11.5,9.23
13.5,14.88
9.3,10.64
10.9,8.62
8.9,11.11
10.0,10.16
6.5,5.99
49.8,50.45
14.5,11.7
9.7,10.67
16.1,14.0
5.5,4.9
6.1,8.08
12.5,4.98
5.3,6.36
9.7,6.51
6.1,6.98
6.5,7.49
4.1,4.91
8.0,6.36
20.5,16.55
12.9,15.19
16.9,16.93
7.0,6.21
10.5,9.99
18.0,17.68
15.0,12.99
58.0,16.14
6.5,6.37
17.0,14.92
10.5,11.32
11.7,14.71
6.5,10.36
12.5,12.05
5.7,7.12
12.9,15.05
10.5,10.78
25.3,26.64
55.83,56.73
5.0,7.36
8.1,9.56
45.0,6.39
10.9,14.8
7.5,8.0
49.7,35.91
6.9,8.13
4.9,6.68
8.0,8.71
8.5,10.3
18.5,9.38
8.1,10.85
4.9,5.73
7.0,6.52
8.9,8.9
10.5,10.1
4.5,3.98
10.5,13.51
11.3,13.37
7.7,9.26
3.7,4.17
57.33,54.15
19.33,13.84
3.3,5.43
3.7,5.47
13.5,11.12
17.5,17.18
10.9,12.27
11.5,8.65
7.7,7.31
6.0,5.58
7.7,9.84
11.7,14.83
4.9,5.96
8.9,7.87
7.7,9.62
14.0,13.61
6.0,5.68
5.3,7.54
7.0,5.48
12.5,18.08
12.0,9.17
14.0,14.87
6.5,7.42
6.1,5.56
14.5,15.4
8.5,8.45
6.9,6.51
3.3,4.3
11.5,8.65
8.9,7.86
35.83,31.23
11.5,9.31
40.5,23.0
6.1,5.82
9.5,11.25
4.5,5.35
4.5,4.79
10.5,8.41
8.1,8.57
15.0,12.48
6.9,9.53
5.0,5.61
15.0,12.78
22.0,20.0
10.5,9.71
8.9,8.62
4.9,6.02
15.7,17.89
17.3,18.01
8.9,10.57
45.0,57.64
8.0,8.48
8.0,8.16
17.7,20.97
4.1,6.03
36.67,38.43
7.7,8.59
6.0,6.97
16.5,19.04
13.3,11.06
20.5,17.82
5.5,4.93
12.5,13.31
12.5,16.53
17.5,6.39
6.5,6.59
5.3,6.05
14.0,8.9
6.5,8.14
5.5,4.61
9.5,8.68
9.3,10.51
5.0,5.41
6.5,6.64
18.3,3.85
10.0,9.63
4.5,4.84
18.9,16.47
4.5,4.49
6.0,7.69
5.7,6.65
9.0,9.81
15.5,15.65
18.9,20.29
5.5,4.86
12.9,15.09
7.4,8.24
27.3,32.56
9.0,7.69
10.0,7.47
6.5,7.06
4.1,5.14
4.5,5.36
8.1,10.42
4.9,6.01
5.3,5.16
5.7,6.81
16.0,13.52
14.0,11.0
9.5,7.49
16.0,14.62
7.3,6.8
9.5,5.43
7.7,7.93
6.5,8.22
8.5,9.41
15.3,18.3
7.0,9.25
12.5,12.38
8.0,6.72
4.5,4.98
6.5,6.78
4.5,4.63
8.5,7.45
6.1,8.36
8.0,7.15
6.5,6.57
14.5,13.96
7.0,6.73
14.1,16.46
11.7,8.34
6.1,6.29
17.5,16.4
20.0,23.58
12.1,14.0
5.7,6.64
7.5,6.33
3.7,5.27
10.5,11.13
8.5,7.95
11.7,10.6
5.0,6.27
6.5,7.7
16.5,13.45
4.9,6.08
4.5,9.07
3.7,3.88
9.5,8.46
10.1,7.46
13.3,10.47
5.0,5.2
9.5,7.79
4.5,4.33
8.1,9.33
12.5,11.41
15.0,13.45
8.1,9.84
6.1,7.01
11.0,10.34
10.0,7.89
25.5,22.83
6.5,6.52
22.5,13.81
21.5,20.48
5.0,5.17
9.7,11.32
8.9,10.09
5.0,5.2
10.5,12.2
11.5,8.22
14.0,11.56
25.7,30.0
30.33,28.03
7.3,9.18
5.3,6.46
6.9,6.91
17.3,14.08
9.0,6.11
2.9,3.44
6.9,6.7
6.5,6.66
6.5,6.11
10.1,8.48
37.0,32.33
18.1,19.41
12.9,10.1
2.5,9.6
6.0,4.88
11.0,8.46
10.0,9.35
5.5,5.84
6.5,6.14
18.5,14.54
13.5,11.32
2.5,8.04
8.0,8.17
4.0,5.2
38.9,28.07
6.0,6.15
3.5,3.62
10.1,8.0
5.0,5.44
9.5,10.61
8.5,7.82
16.5,17.73
7.5,8.58
16.0,13.91
7.7,9.99
14.5,12.74
9.3,10.28
4.5,4.76
5.5,7.2
7.7,9.87
11.5,9.32
17.7,19.54
10.5,13.71
12.5,11.62
4.5,5.99
9.3,9.7
4.5,6.19
21.5,19.39
11.5,9.91
5.7,5.4
5.0,4.71
12.0,9.51
8.0,8.58
5.7,6.9
7.7,8.12
8.9,8.45
15.0,15.47
11.3,11.64
7.3,9.28
21.0,18.93
7.7,8.37
8.9,9.24
6.1,6.66
6.5,6.23
16.1,8.69
11.5,11.22
6.5,14.22
6.1,7.62
7.3,7.38
12.9,14.4
18.5,13.71
5.5,5.82
10.1,10.11
8.0,7.87
4.5,4.82
17.0,7.41
12.0,11.24
13.5,11.79
6.1,6.54
20.1,19.96
4.9,5.64
39.5,18.63
7.0,7.0
8.9,11.02
4.5,6.19
5.5,5.76
5.5,5.96
8.0,7.36
20.0,7.25
57.33,16.67
50.5,50.29
19.3,28.33
13.3,13.02
8.5,7.18
7.3,9.52
9.3,10.45
7.0,7.32
6.1,6.91
9.0,7.85
21.7,22.62
11.3,11.75
4.9,6.08
9.3,10.07
4.9,7.61
25.33,18.4
8.5,6.66
7.3,6.55
6.5,7.12
20.0,15.1
4.9,5.7
5.5,6.82
7.5,7.17
5.7,5.13
8.5,10.24
57.33,56.69
15.0,12.16
6.5,8.61
26.5,21.98
11.3,12.75
4.9,6.02
6.9,6.78
45.0,53.42
14.5,11.23
5.0,4.88
6.5,7.31
7.7,8.43
4.9,5.05
5.5,5.82
10.1,10.56
9.3,10.72
8.0,5.58
8.9,5.34
8.1,8.27
5.7,5.87
8.9,9.5
10.9,12.73
7.3,6.36
8.0,8.54
10.0,13.91
29.15,6.16
4.9,7.69
12.0,10.9
9.3,9.19
9.0,7.71
13.0,11.87
22.5,14.49
38.54,38.25
3.3,3.89
9.0,8.06
11.7,11.2
8.0,6.11
20.5,7.68
8.1,8.63
6.1,5.61
9.0,4.58
20.1,20.07
19.3,19.56
10.0,6.4
7.7,6.23
6.1,7.47
8.0,6.88
23.5,17.45
11.0,9.38
28.7,4.97
10.1,11.44
6.9,7.53
28.67,31.09
8.5,10.38
4.1,5.21
5.3,5.78
6.5,7.03
6.1,6.86
3.7,5.09
11.0,11.91
14.0,13.06
5.3,5.47
34.8,35.21
7.7,7.11
27.7,27.4
10.5,8.86
31.7,23.36
8.9,9.95
15.0,14.65
6.5,8.28
17.5,14.4
21.7,26.14
11.3,10.2
8.1,9.8
4.1,4.96
6.0,5.36
10.9,7.95
21.5,15.12
12.9,15.06
12.5,11.37
6.1,6.55
9.0,9.11
9.5,9.29
8.5,8.24
11.5,9.42
11.0,10.49
6.9,7.55
7.7,7.82
9.0,8.31
6.9,6.43
45.0,50.26
5.7,7.0
8.5,9.14
18.0,19.09
29.85,32.42
11.0,9.56
11.7,12.7
5.7,6.92
14.5,9.55
9.3,11.77
6.5,6.36
17.5,14.86
150.0,66.94
4.5,6.71
14.5,12.34
6.0,12.1
8.5,8.18
4.0,5.26
5.3,5.65
6.0,5.47
6.1,-2.43
5.7,5.81
9.7,11.62
4.5,4.51
13.0,12.77
6.1,6.93
9.7,11.5
15.5,10.5
6.5,5.31
8.5,9.21
3.7,5.14
15.7,14.71
4.5,5.2
18.0,15.81
8.5,10.8
59.5,53.03
7.0,6.51
3.7,3.8
45.0,53.5
2.5,64.1
4.1,4.6
9.5,8.09
13.7,14.87
11.5,9.66
4.5,4.89
10.1,8.15
10.5,7.57
7.0,7.82
6.5,5.72
4.5,5.52
8.9,10.83
14.5,14.18
19.5,16.6
8.5,9.19
17.7,20.95
5.5,6.4
12.5,9.46
9.5,8.13
21.3,31.2
35.54,31.44
7.7,8.91
5.3,5.25
15.0,13.13
8.5,6.08
5.5,5.94
7.3,8.1
9.0,5.9
8.1,8.28
40.67,43.74
3.7,5.19
43.5,42.65
11.7,12.75
5.3,6.79
57.33,52.51
18.9,18.08
6.9,7.17
52.0,46.96
21.0,20.18
8.5,8.11
10.5,11.23
6.9,6.71
49.8,53.43
57.33,51.63
6.5,10.88
13.0,10.37
14.1,13.54
8.5,7.87
7.5,7.88
4.5,17.91
7.7,12.34
23.0,17.25
27.3,27.61
8.9,11.13
6.9,8.05
2.9,8.62
3.3,3.71
13.0,12.44
10.1,10.65
23.07,26.71
6.9,9.35
3.5,9.68
5.7,8.47
10.2,8.44
11.5,7.8
49.57,50.27
8.0,7.17
6.1,8.14
13.0,12.53
11.3,11.98
6.1,7.93
10.9,8.87
10.1,11.31
8.5,7.42
5.7,5.78
8.0,7.37
6.5,6.51
15.5,6.74
7.5,5.05
34.8,30.06
14.5,10.4
10.5,9.46
3.5,4.92
11.7,10.92
6.0,6.01
12.1,9.47
13.5,10.26
6.1,6.47
8.5,7.16
4.5,5.88
9.5,6.83
6.1,9.08
5.0,4.74
12.5,9.67
28.67,30.16
15.5,14.59
16.0,14.95
13.7,16.17
7.5,7.55
11.7,11.54
10.5,10.46
18.0,18.34
4.9,5.05
4.5,4.82
12.9,10.77
9.3,10.19
7.7,7.76
7.3,10.12
5.3,6.88
6.0,5.61
35.5,17.61
13.7,9.87
18.0,15.07
6.0,6.11
7.0,7.48
3.3,8.03
14.0,13.7
7.7,7.75
9.0,6.08
8.5,9.45
14.0,15.95
5.7,7.84
30.83,26.4
23.7,23.9
13.3,11.03
9.3,9.29
6.5,7.71
8.5,8.53
6.5,6.41
6.5,6.99
6.9,7.59
23.0,20.98
15.5,16.0
6.9,6.41
4.1,5.81
10.5,13.64
23.0,16.19
6.1,9.23
10.9,13.22
8.5,8.02
8.1,9.37
19.5,15.82
25.5,25.87
18.5,16.03
6.5,7.2
8.1,9.52
9.3,9.82
10.5,8.77
5.8,6.03
29.3,30.7
3.7,5.19
7.3,9.52
57.33,48.16
5.0,5.88
10.6,12.96
6.0,5.78
5.3,6.44
4.1,5.04
4.9,6.84
7.3,7.86
3.3,4.83
10.5,10.05
15.0,15.26
10.0,9.6
16.5,11.83
12.9,13.71
5.7,5.39
6.1,6.66
8.1,10.92
6.5,7.6
5.7,7.06
8.9,4.92
14.5,11.88
4.5,5.06
10.1,12.4
14.9,16.46
5.5,5.26
2.5,25.71
18.5,20.74
8.5,6.68
6.5,6.0
12.1,13.54
8.0,8.19
10.1,11.61
40.9,34.39
4.5,5.18
21.0,22.24
8.5,8.87
5.5,6.04
10.5,10.67
7.5,7.42
24.1,24.43
9.0,9.19
30.5,39.66
9.0,8.69
4.1,4.1
11.5,7.71
12.5,8.76
5.3,8.77
21.5,16.37
12.5,7.36
16.0,12.72
6.9,9.29
8.0,8.43
5.7,7.09
9.3,9.85
2.5,5.93
14.9,18.85
4.5,7.95
7.3,6.1
7.3,8.47
30.8,25.47
4.9,6.67
4.9,6.69
4.1,5.47
11.7,13.25
21.3,26.28
21.7,24.44
9.0,7.31
7.5,6.87
7.7,8.63
11.3,15.08
5.3,5.88
5.0,5.43
5.0,5.0
6.9,7.0
7.7,9.54
5.3,5.31
10.1,9.37
8.1,8.05
6.0,5.87
5.5,5.86
4.0,6.61
23.3,29.21
8.5,8.45
4.5,6.08
14.5,13.09
7.3,8.71
10.5,6.21
12.1,12.07
7.7,8.91
11.0,9.72
10.0,12.14
5.3,6.26
6.0,6.66
22.0,20.12
9.0,9.2
10.9,11.88
9.0,10.68
15.3,10.96
16.1,16.62
9.7,9.32
18.67,23.89
8.5,8.25
11.0,10.26
8.9,10.33
9.7,8.27
4.5,5.65
10.1,10.85
9.5,7.49
23.7,12.17
15.3,16.39
12.0,11.35
14.0,11.84
4.1,5.1
6.0,5.38
13.5,13.78
7.3,8.32
5.5,5.43
16.5,13.38
9.7,10.04
12.9,13.24
19.0,16.87
6.1,7.09
11.5,9.74
5.7,7.31
6.9,5.59
9.5,11.62
11.3,11.47
12.5,10.03
14.5,12.03
7.5,8.18
6.9,6.25
5.3,9.39
19.0,11.56
12.1,15.75
10.0,9.8
7.7,6.59
7.7,9.31
13.3,15.35
4.0,4.43
4.9,6.78
16.9,18.71
14.5,15.93
10.9,16.05
10.5,10.14
12.5,11.34
10.1,8.61
14.9,16.97
12.1,13.25
4.5,5.77
2.9,4.18
10.1,11.49
6.5,33.69
15.3,21.08
7.7,7.64
5.7,7.02
27.3,6.06
4.1,5.6
9.3,9.45
7.0,5.41
6.1,9.36
4.2,4.96
4.5,6.22
11.3,15.02
3.7,3.93
9.0,8.45
4.0,8.99
14.5,19.12
6.1,7.35
20.5,19.92
3.3,3.82
10.1,10.1
7.3,10.57
13.0,10.12
8.0,5.12
7.0,7.83
5.7,6.37
7.5,7.43
5.7,11.73
5.3,6.17
5.3,7.22
5.0,5.01
3.5,9.81
9.5,7.86
10.5,10.51
9.7,11.64
8.5,9.56
30.5,31.02
17.0,17.31
10.0,8.61
13.5,10.14
4.0,5.15
5.3,6.16
27.85,31.66
6.5,8.56
5.3,7.46
5.7,6.69
7.0,7.07
12.0,8.97
12.5,13.79
15.1,14.51
6.9,9.03
9.3,10.62
9.3,9.43
10.5,10.58
12.0,12.27
5.5,6.0
6.5,7.23
12.5,14.2
49.57,49.64
10.0,7.54
9.7,9.87
6.5,7.43
8.5,6.7
22.0,52.98
22.5,9.75
5.7,5.47
6.5,9.07
12.5,10.52
8.1,11.14
6.9,8.01
27.3,36.29
14.9,19.93
8.0,7.57
13.7,13.86
38.5,41.67
6.0,8.57
4.5,6.66
51.0,7.86
6.5,7.24
54.5,35.53
7.3,8.67
16.9,10.12
25.0,14.74
5.8,5.9
4.9,4.44
13.7,14.22
14.0,11.73
15.0,12.75
4.5,5.12
7.3,8.76
10.5,10.3
6.9,7.85
7.5,7.1
6.5,7.17
25.3,31.48
7.3,9.64
8.5,7.87
11.0,9.75
26.1,22.53
5.3,9.6
3.5,3.98
19.0,19.41
41.33,37.75
6.5,7.77
10.1,9.11
4.9,6.44
9.0,9.22
6.0,5.78
4.1,10.93
52.0,49.92
7.5,5.14
9.5,8.82
31.7,33.95
8.1,7.62
9.3,10.07
9.0,7.89
6.5,7.36
9.5,8.29
6.0,6.18
6.0,7.47
21.0,14.55
12.1,14.64
8.5,9.28
4.1,4.46
5.7,7.3
16.0,13.28
11.7,6.33
5.7,7.45
7.5,6.4
8.5,8.12
4.9,15.2
30.1,36.51
25.87,29.78
21.0,15.8
5.5,5.91
10.5,9.8
35.0,32.96
18.9,17.64
8.9,11.01
8.0,6.47
7.0,6.96
4.9,6.09
5.0,4.13
6.1,6.98
4.0,4.76
9.0,7.92
5.7,8.12
8.5,8.11
9.3,10.1
5.3,7.25
12.5,10.79
12.5,11.89
23.83,13.39
9.7,9.52
9.0,7.83
6.5,7.42
82.0,67.71
69.7,59.08
16.0,13.43
6.5,9.32
8.1,9.53
5.5,5.01
14.9,23.11
8.9,7.19
11.0,10.79
15.3,16.86
12.5,11.75
4.9,4.85
5.7,7.07
32.33,30.12
12.5,11.84
17.83,10.4
15.0,11.32
5.7,6.28
10.9,12.62
8.5,8.06
6.0,15.56
6.5,9.95
10.5,8.06
26.1,38.59
8.0,7.77
15.5,15.27
7.3,9.88
20.0,20.32
30.5,18.34
9.5,7.95
5.7,9.54
7.0,6.92
17.0,16.3
6.0,5.88
20.5,11.81
5.7,8.06
7.0,6.27
10.0,5.52
7.0,7.61
3.7,4.88
2.9,4.15
8.1,9.55
5.3,6.06
5.7,20.86
14.0,10.32
4.1,5.19
9.7,10.21
49.57,44.89
57.33,50.38
18.0,12.72
10.5,13.58
57.33,51.16
24.0,19.05
33.33,29.59
4.9,6.12
11.0,10.3
10.5,6.79
12.5,9.8
9.3,11.1
6.9,9.11
5.3,5.62
6.5,7.54
3.0,8.74
10.5,8.63
2.5,14.27
4.9,6.02
5.7,7.16
3.5,4.21
3.5,4.35
5.3,7.46
38.33,10.59
8.5,10.42
74.5,44.02
15.7,14.92
55.9,74.41
4.1,5.79
45.0,52.87
4.5,4.33
6.5,5.54
6.1,7.02
8.0,6.51
39.33,30.48
10.5,11.89
6.5,8.2
7.3,8.17
6.9,7.88
7.7,8.9
5.7,5.33
11.3,12.28
11.5,10.44
9.7,9.85
7.7,7.87
5.3,8.02
24.9,25.43
17.0,13.83
23.5,25.53
8.1,9.11
18.1,20.18
7.0,6.17
13.3,15.39
9.3,10.46
5.5,5.99
7.3,7.33
14.5,14.76
5.3,5.17
9.7,11.54
18.1,19.78
6.9,10.12
10.5,8.83
8.5,10.95
45.0,52.38
6.9,11.46
8.5,9.26
6.0,5.32
6.9,8.66
6.1,7.63
9.7,9.75
6.1,5.7
43.83,37.74
9.0,8.23
13.7,14.9
4.9,5.65
6.5,6.41
12.5,11.03
5.3,6.91
8.9,11.76
11.5,12.12
4.5,4.54
15.3,16.58
13.0,12.34
9.5,10.14
8.0,8.2
16.1,15.32
4.9,4.87
20.0,14.13
5.3,5.7
9.7,10.39
4.5,4.24
8.1,7.82
4.1,5.02
4.1,5.3
26.9,27.41
5.3,6.33
7.3,7.5
11.7,8.2
4.0,4.59
17.0,16.11
6.9,9.51
4.5,5.33
5.3,5.34
9.7,9.33
6.0,6.51
12.9,12.87
5.5,5.33
6.9,6.75
52.0,47.75
20.5,17.74
4.9,6.62
5.0,5.92
6.9,8.12
49.57,55.18
7.7,9.46
6.9,7.92
6.1,6.42
10.0,7.27
7.5,9.85
11.7,14.37
12.5,12.9
10.0,9.99
9.0,7.51
6.0,5.53
5.7,4.72
27.3,31.42
6.5,6.62
8.0,8.01
9.0,8.34
12.5,13.65
6.5,8.26
7.7,9.19
8.5,6.86
6.1,5.86
10.0,9.19
9.3,10.57
6.9,7.77
17.3,13.53
4.1,6.0
11.7,14.77
21.0,15.62
4.1,4.19
15.0,8.8
15.5,14.15
5.5,4.87
6.5,8.48
33.0,10.57
20.0,12.68
6.9,7.41
9.0,8.8
4.1,4.91
12.9,12.52
17.0,14.22
15.3,17.97
14.0,10.33
8.5,8.23
7.7,8.07
4.5,4.74
57.33,53.63
12.1,14.93
5.7,5.53
15.0,12.48
6.5,9.24
8.0,11.06
5.7,5.72
6.9,7.69
7.0,7.29
8.0,7.1
4.5,6.78
9.3,10.54
10.0,5.08
14.5,7.77
7.3,7.13
4.5,4.59
7.5,6.98
10.5,11.37
5.7,6.24
7.7,8.66
5.0,6.1
18.5,14.47
12.9,12.8
52.0,46.48
9.7,11.01
8.5,7.62
25.5,19.46
11.0,10.06
5.3,4.87
7.5,7.73
8.0,8.71
6.5,10.02
18.5,15.76
13.3,13.26
4.5,6.24
8.5,9.07
14.9,15.5
4.5,6.1
25.3,32.15
4.9,6.06
12.5,16.37
8.5,8.77
15.3,16.26
9.7,9.48
14.1,11.14
4.5,5.65
3.5,4.82
4.1,7.41
8.9,10.59
10.5,9.98
7.7,8.75
4.1,4.81
13.3,14.16
10.5,12.86
17.5,17.08
16.5,15.47
4.5,5.33
5.3,5.59
12.9,11.7
14.0,14.45
7.3,12.64
8.5,7.69
9.5,13.05
8.5,7.66
7.0,8.56
8.5,8.62
8.1,6.89
19.0,21.61
16.1,16.04
5.0,4.52
4.1,4.73
12.5,17.28
8.5,8.63
19.0,16.4
7.7,7.75
4.5,5.74
8.5,11.07
16.0,11.52
9.5,7.43
9.3,10.33
8.0,4.88
8.0,6.87
17.3,17.37
11.5,8.43
4.5,5.02
8.0,7.6
9.0,8.67
13.5,16.16
4.1,5.71
14.5,15.41
8.1,7.43
17.0,16.44
4.9,6.46
9.3,9.2
3.7,6.14
4.5,4.34
5.7,6.06
10.5,12.5
16.0,13.57
15.7,19.26
8.1,9.16
8.5,6.17
3.5,4.72
4.9,6.13
11.5,8.16
7.3,9.44
10.0,8.93
10.9,10.42
6.1,7.24
10.5,10.14
12.0,11.3
21.0,18.88
11.4,13.99
8.9,8.84
12.0,7.58
8.9,10.29
7.5,6.36
4.1,4.6
8.5,9.2
7.0,8.81
7.7,7.58
6.5,7.83
8.1,10.44
9.5,7.95
14.1,17.59
35.0,45.76
12.0,11.46
7.0,5.58
14.5,16.97
12.9,13.9
13.0,11.85
4.5,5.83
5.3,7.18
6.5,6.19
4.5,5.67
27.5,27.47
13.5,10.99
3.5,3.77
6.9,8.34
5.5,7.09
8.9,7.83
4.9,6.6
9.7,10.85
15.0,10.93
8.5,7.66
4.5,6.24
6.5,7.63
4.9,4.88
37.33,31.01
6.5,6.09
9.7,10.65
7.7,9.58
4.0,5.93
7.7,8.64
12.5,10.34
4.5,6.45
18.1,12.77
6.5,6.79
10.5,11.24
22.5,15.41
39.5,36.35
4.9,4.61
16.5,18.85
7.0,5.08
30.83,30.13
27.3,37.32
24.27,27.3
21.5,21.02
6.0,6.35
31.07,31.07
5.0,4.83
14.0,13.04
8.5,10.77
25.3,11.26
10.5,8.85
4.5,4.86
7.7,8.1
8.9,9.87
12.5,11.48
7.5,8.4
7.5,11.49
4.9,6.37
7.3,8.14
4.9,6.16
10.1,7.95
7.7,11.28
8.9,9.75
5.0,4.61
2.5,19.6
8.5,7.13
29.0,30.77
10.9,8.99
7.0,6.8
14.9,6.48
7.3,8.52
9.3,9.09
5.3,9.06
16.9,14.53
4.1,5.26
13.3,17.11
6.5,6.9
6.5,7.0
17.0,10.19
10.9,12.3
12.0,10.66
6.1,5.54
18.5,12.05
19.7,18.48
16.1,19.53
12.5,15.31
11.7,15.03
30.5,28.11
22.5,20.95
13.3,14.99
5.3,4.71
19.5,5.23
8.0,6.93
8.1,8.59
5.5,5.07
4.1,4.6
4.1,4.15
13.0,11.41
10.1,10.13
4.1,4.73
22.0,18.73
6.9,8.82
14.5,13.62
10.0,14.63
6.5,7.1
20.1,18.57
8.5,9.58
4.9,6.91
5.3,5.56
52.0,53.32
7.3,5.48
6.0,4.84
6.0,4.7
28.1,31.04
16.9,16.09
8.1,11.84
19.5,15.11
9.5,8.43
8.1,9.11
5.7,5.4
12.5,14.8
8.1,7.37
5.3,3.74
9.5,10.08
9.0,9.38
13.0,12.57
7.7,10.43
16.5,18.66
50.33,37.68
9.0,8.16
13.3,16.4
14.9,15.32
9.5,7.62
4.0,3.63
8.9,10.65
12.5,14.27
11.0,10.85
15.7,7.36
20.0,18.04
7.5,8.03
4.9,6.32
5.5,5.78
4.9,9.71
11.3,13.08
6.0,6.04
8.5,6.58
6.1,10.03
8.0,11.13
6.5,6.46
4.1,5.68
6.5,7.62
4.5,5.29
5.7,7.77
5.3,5.67
5.7,10.82
15.5,15.41
5.3,6.66
5.5,5.64
13.0,12.53
6.1,7.92
9.3,10.04
12.9,11.99
7.0,7.32
11.7,14.63
12.9,17.7
6.5,7.95
6.0,8.41
16.5,15.61
7.0,7.58
19.5,18.73
15.0,12.96
3.7,4.27
8.9,6.37
4.5,6.08
10.0,10.29
4.5,5.61
46.0,40.64
6.1,8.38
18.1,19.41
4.1,5.53
19.0,14.57
7.0,6.65
6.5,8.01
10.5,8.87
7.5,6.34
5.0,4.58
12.1,14.2
5.7,7.57
17.7,24.73
14.9,16.88
8.9,11.8
14.1,14.41
4.9,4.64
7.4,7.04
9.3,7.06
15.3,11.25
4.1,4.9
25.0,10.27
6.9,9.5
10.5,11.99
9.0,6.76
5.5,5.42
7.0,5.81
7.5,7.07
5.3,7.42
4.5,4.41
13.7,13.08
19.5,16.23
13.3,15.22
5.3,5.6
5.7,7.76
4.0,4.73
12.5,12.71
3.0,9.96
2.9,3.9
12.0,8.3
6.5,7.65
6.0,5.53
2.5,5.29
49.15,53.8
5.3,6.38
23.0,14.58
12.5,9.97
25.05,31.88
9.0,8.78
8.1,8.51
4.9,7.75
4.9,6.9
9.0,7.55
4.9,5.96
17.3,18.18
23.5,21.57
10.1,10.26
5.3,4.58
12.5,15.62
7.0,6.91
4.5,4.49
12.9,15.18
14.5,16.02
34.83,31.33
6.5,7.31
7.7,7.37
6.5,5.63
7.7,7.82
4.5,5.42
6.5,7.7
4.9,5.63
5.7,5.37
10.1,11.82
9.5,8.96
11.5,10.52
21.7,27.32
15.3,12.62
8.1,9.17
9.7,9.45
11.3,15.39
11.5,9.12
6.5,8.56
5.5,7.34
49.8,51.09
6.0,6.02
4.9,5.45
8.5,8.84
14.1,9.76
8.1,10.95
3.5,4.17
32.0,30.25
6.5,8.33
5.0,5.73
8.9,9.28
12.0,11.04
6.1,7.49
9.3,9.88
4.5,5.14
4.9,6.19
13.5,13.77
4.5,5.81
9.5,7.32
16.0,17.06
6.9,5.2
7.5,5.95
31.5,33.19
11.3,8.33
9.5,9.41
3.7,4.15
6.9,9.45
12.0,7.99
38.1,24.59
27.2,28.32
8.9,10.97
5.5,5.82
10.9,12.81
4.9,6.26
9.3,10.18
4.1,4.95
6.5,7.26
9.7,10.4
8.0,8.54
12.0,11.1
13.5,11.04
6.5,8.25
5.3,4.84
4.5,6.85
8.5,10.25
6.9,7.63
9.0,9.71
8.9,10.73
7.7,7.31
7.3,9.0
14.5,13.16
5.5,5.79
5.0,3.7
4.5,4.8
6.9,7.46
6.0,14.49
5.3,6.07
9.5,5.85
4.9,5.75
13.0,15.48
6.5,8.89
16.1,11.17
19.3,17.61
7.3,7.7
6.5,7.69
9.0,7.04
4.0,4.88
10.5,11.21
8.9,10.15
8.5,11.48
8.9,10.43
12.9,11.65
5.0,5.59
10.5,10.43
9.7,10.3
8.1,8.66
7.7,5.66
16.5,13.7
10.5,9.45
4.9,6.81
7.7,6.88
8.1,10.01
10.1,12.44
12.1,10.47
26.1,33.21
9.5,14.56
5.3,5.66
2.9,5.07
5.3,5.1
14.9,8.91
15.0,11.66
34.0,25.39
9.0,8.85
5.0,5.91
22.9,24.74
8.1,9.82
15.0,13.87
10.0,8.91
18.5,14.97
6.5,5.8
15.5,13.86
7.3,8.69
5.3,6.53
4.1,6.47
6.1,8.41
6.0,8.3
6.0,6.04
25.7,26.57
4.5,4.39
8.5,9.71
7.7,7.15
10.9,14.53
5.3,7.36
26.5,20.63
3.8,15.17
8.5,11.07
6.9,6.7
4.5,4.43
6.9,8.08
6.9,7.91
14.1,16.37
14.0,12.11
11.0,10.27
13.5,10.88
24.1,25.62
59.83,38.27
6.5,6.17
8.5,9.51
18.9,17.69
4.5,4.88
12.1,10.59
19.0,17.51
12.1,13.59
13.5,9.41
6.5,5.93
7.0,6.48
6.5,6.49
10.1,13.04
5.0,4.89
6.5,6.5
10.9,8.27
22.1,26.86
10.1,9.81
13.0,12.71
7.3,9.28
33.33,33.8
49.15,47.36
12.9,14.37
9.7,10.47
6.5,6.72
19.9,24.0
18.5,13.94
2.9,3.73
6.5,5.58
5.3,5.9
14.0,14.32
10.9,11.82
13.0,13.66
5.3,5.67
12.0,13.31
9.5,8.94
14.1,11.46
4.5,5.23
4.1,10.32
8.5,9.55
4.0,4.3
31.0,28.02
18.0,17.05
10.5,9.76
9.5,10.46
6.1,9.1
17.5,17.27
5.7,6.71
10.5,10.13
6.5,8.72
8.5,5.41
9.3,10.2
9.5,6.37
7.0,7.03
10.9,10.72
28.5,35.7
18.1,23.52
6.5,9.06
6.9,8.22
4.5,6.81
12.0,11.0
8.5,8.13
15.3,16.7
6.0,6.65
10.5,9.29
10.5,10.35
23.0,17.49
7.7,8.64
6.0,5.76
7.3,7.74
4.5,5.51
6.5,7.46
4.1,4.49
12.0,12.58
8.5,11.97
3.7,6.52
13.0,10.15
12.9,10.25
5.7,4.85
19.5,14.58
18.1,17.94
4.1,5.59
6.5,5.1
6.9,8.74
12.2,11.92
10.1,11.57
9.0,8.41
5.5,6.43
10.0,7.98
10.1,11.57
3.7,4.95
48.5,40.66
10.5,9.89
9.7,9.36
8.5,9.6
10.5,8.93
3.7,4.7
12.0,10.32
3.5,4.79
6.1,6.16
4.9,5.31
10.1,15.99
6.0,6.72
9.7,7.46
6.9,7.94
14.0,9.51
19.0,15.88
24.9,26.38
7.5,8.31
56.8,50.13
7.3,6.7
12.0,10.41
2.5,10.03
7.7,7.72
17.7,16.89
5.0,6.22
4.1,5.01
4.5,5.53
10.5,8.73
6.1,6.1
4.1,5.28
6.5,7.59
13.0,9.25
11.0,7.54
6.5,8.73
16.9,14.78
10.1,9.7
5.0,6.57
6.1,7.61
4.9,5.95
14.5,11.74
4.5,5.28
6.9,6.63
8.1,10.06
9.5,8.09
4.0,6.01
6.1,7.97
15.0,9.75
9.0,9.81
20.0,16.38
9.3,11.37
6.0,5.71
11.3,12.92
6.9,8.34
5.3,5.85
7.3,8.37
12.0,10.39
6.5,5.69
9.0,8.03
8.5,4.9
33.3,7.89
6.1,7.62
7.0,6.58
8.5,7.3
7.5,7.87
7.0,5.4
3.7,3.97
29.83,31.78
32.83,33.82
8.5,7.59
13.7,14.12
6.0,6.7
5.5,5.38
13.0,10.73
4.5,4.52
6.5,8.91
3.0,4.54
4.5,6.42
10.5,6.41
4.0,4.69
11.3,7.85
4.5,5.0
20.0,18.62
3.7,3.72
10.5,10.15
16.0,12.15
4.5,4.75
6.5,6.7
9.3,9.36
31.33,32.95
14.1,14.78
3.7,5.8
10.9,9.75
8.5,8.41
12.0,8.47
8.1,9.84
25.0,18.75
49.8,48.24
7.3,8.23
7.3,15.83
63.5,63.48
8.1,11.7
18.9,27.45
3.0,3.76
19.0,16.4
28.1,31.84
11.3,11.27
6.9,7.58
5.0,5.81
4.9,5.51
3.7,5.01
20.0,13.93
3.7,13.99
5.7,6.02
10.5,11.56
7.5,5.64
6.1,8.91
5.7,7.13
12.5,12.73
7.0,8.23
5.3,5.65
8.0,7.31
9.0,7.08
7.3,9.72
28.25,32.21
6.0,5.4
8.9,6.31
7.7,8.84
5.7,6.67
5.5,5.49
53.1,67.6
9.0,7.51
6.1,8.78
8.5,8.78
9.3,8.97
10.0,9.89
10.5,11.12
7.3,8.74
7.7,12.92
9.7,11.02
12.5,12.78
6.1,6.64
19.0,18.32
49.57,54.51
4.0,4.89
19.5,19.15
7.3,7.69
4.9,5.02
7.5,8.58
24.1,22.9
21.7,35.68
6.5,7.86
22.5,21.92
8.5,10.33
7.3,5.53
4.0,4.81
14.5,15.33
4.6,5.14
8.1,9.06
96.8,68.16
17.5,17.19
8.0,8.25
11.5,9.53
57.54,53.43
27.5,12.3
3.7,5.35
14.0,12.13
5.7,5.37
6.1,7.03
8.1,10.45
7.7,8.07
5.7,5.5
12.5,12.47
7.5,7.35
6.5,7.86
16.5,17.85
29.5,30.69
4.0,4.32
5.0,5.76
11.7,12.43
5.7,5.97
8.5,9.82
12.0,11.33
5.7,6.47
5.3,7.26
13.0,12.51
8.5,10.79
8.9,9.67
9.3,9.6
13.3,16.57
6.1,6.83
3.5,4.36
8.0,7.64
11.5,10.11
35.83,29.51
28.9,30.67
9.5,8.78
2.5,12.1
16.5,11.76
49.57,50.1
8.5,7.39
4.5,6.02
7.7,9.18
9.0,8.53
4.5,5.15
21.7,15.97
6.5,7.47
7.5,8.96
8.5,9.44
4.9,5.95
33.0,37.69
15.5,13.69
8.5,7.94
5.3,6.75
11.0,10.17
11.7,11.25
4.9,5.17
8.0,6.11
8.1,11.73
10.9,11.88
5.7,7.28
10.9,11.54
28.5,33.19
7.3,9.6
7.5,8.83
12.9,14.61
8.1,8.07
16.1,19.68
30.54,27.65
18.1,19.35
11.3,10.46
15.0,12.96
7.0,7.41
7.3,11.04
6.9,6.57
3.5,4.87
8.5,5.78
14.5,10.86
17.3,17.0
9.5,9.79
8.0,9.87
7.7,9.21
15.5,14.03
10.1,12.11
5.7,7.4
8.0,7.42
6.5,6.37
10.5,9.61
8.1,10.98
11.5,10.5
19.5,19.48
10.1,12.68
12.9,14.56
12.0,6.42
4.1,4.53
20.5,16.43
4.9,5.08
24.0,15.04
10.5,10.02
14.5,15.62
5.0,6.08
8.9,10.87
8.0,7.2
5.3,7.17
8.5,9.85
8.5,6.65
5.5,5.1
4.9,4.78
5.3,7.42
6.9,7.08
6.5,8.53
7.3,8.54
16.5,19.9
53.33,37.73
8.1,7.67
5.5,6.94
7.0,6.79
5.7,7.46
8.6,8.87
10.0,6.03
8.1,32.26
10.5,10.16
5.3,5.67
10.0,10.48
4.5,4.87
3.7,4.73
2.5,12.99
16.0,15.23
13.3,13.5
16.5,11.24
10.5,10.1
8.5,8.72
6.9,8.75
10.0,11.17
5.5,4.52
11.7,11.83
10.5,12.65
5.5,5.92
9.0,8.09
5.5,4.86
9.3,10.07
6.1,7.33
7.5,6.91
12.0,11.59
11.0,7.5
49.8,56.77
11.0,9.97
8.9,9.25
4.9,5.96
4.9,5.99
8.1,8.53
8.0,5.54
5.3,7.42
10.5,10.03
5.3,6.66
10.5,11.6
6.1,6.98
8.5,8.61
6.5,8.29
8.1,9.66
15.3,16.83
22.0,25.34
8.1,7.3
10.5,12.24
12.5,12.52
7.3,6.53
8.5,7.11
17.3,19.08
15.5,15.73
5.3,7.8
6.5,7.84
22.9,24.28
7.3,14.4
4.5,5.9
7.5,5.27
3.3,5.05
7.0,6.42
4.1,5.41
9.5,8.74
9.3,8.9
7.7,9.67
8.5,7.98
10.5,12.78
5.3,7.4
6.5,7.95
22.0,18.34
3.7,3.82
6.9,6.57
14.1,15.56
13.3,15.17
15.7,14.48
8.0,5.08
7.0,6.28
13.0,10.56
8.0,6.61
8.9,7.25
9.7,9.65
8.5,6.64
9.3,11.25
3.3,4.58
8.1,8.47
8.5,8.19
6.9,7.05
13.0,11.53
4.5,4.25
11.5,15.12
12.0,9.64
6.9,7.41
32.67,36.65
11.5,12.24
9.3,7.28
6.5,6.77
15.5,14.55
6.1,8.13
5.0,5.26
14.0,10.09
13.7,14.48
26.5,20.92
14.9,13.97
59.5,8.94
8.0,5.42
17.5,11.26
34.1,6.12
5.4,4.32
7.0,6.03
10.9,12.8
5.0,5.62
5.3,5.85
5.7,5.72
13.5,11.78
5.0,4.4
11.5,11.89
11.3,12.29
17.5,10.33
7.5,7.64
23.5,17.55
16.9,17.86
5.5,5.11
6.0,6.96
13.7,14.68
7.3,18.34
4.1,5.62
7.3,6.92
8.9,10.54
4.1,4.64
5.7,7.68
6.0,5.49
7.3,9.87
5.0,4.76
4.5,8.11
5.5,6.68
18.1,16.62
6.1,8.27
8.1,10.98
15.5,13.59
33.0,12.18
10.0,9.29
6.5,5.62
11.7,13.46
21.0,20.33
6.5,5.08
3.7,4.59
6.5,4.58
8.9,9.44
12.0,13.14
6.5,6.47
3.5,4.21
6.5,6.62
7.0,5.94
6.5,8.98
15.0,14.64
5.0,5.88
6.1,6.86
5.5,4.52
37.5,35.41
6.9,8.96
5.5,5.81
7.3,9.5
5.3,5.1
14.0,11.54
5.7,6.73
6.5,7.21
6.9,9.55
6.1,5.39
4.9,6.01
10.9,12.87
6.1,5.3
7.7,9.22
15.7,17.02
3.5,4.65
5.3,8.38
10.0,10.52
5.3,7.38
2.9,5.08
6.9,7.38
5.3,5.68
19.3,19.85
6.5,7.84
13.0,12.55
3.3,3.64
7.3,8.9
7.5,8.97
6.1,6.22
10.5,9.47
6.5,5.32
6.5,6.68
3.3,5.58
12.5,12.74
5.5,6.36
6.9,7.05
9.5,7.6
17.7,22.46
5.3,7.01
7.0,5.32
29.87,25.9
52.0,67.98
11.3,12.54
8.1,10.29
19.7,18.52
41.83,20.61
16.5,15.57
3.7,4.67
16.5,14.42
6.0,7.05
5.3,6.2
7.0,7.44
16.0,14.54
22.1,17.63
6.5,8.19
10.5,10.13
5.5,7.32
7.0,7.32
18.0,13.71
5.1,6.4
8.9,10.17
10.0,10.55
5.5,4.96
6.0,6.02
5.5,4.85
29.5,18.56
7.3,9.94
12.0,11.82
3.3,4.16
10.0,9.12
11.5,10.47
29.83,32.89
49.8,52.71
7.7,7.61
4.5,5.65
8.1,9.17
4.1,4.79
4.0,5.09
11.0,11.18
8.9,7.53
8.5,8.68
8.9,14.12
8.5,10.13
4.5,4.42
13.5,8.68
4.5,4.99
5.0,4.92
7.3,5.87
3.7,4.38
13.7,9.48
7.3,8.54
4.5,5.72
8.1,8.96
16.0,14.55
6.5,6.24
3.7,5.02
10.0,10.28
12.5,12.35
9.7,11.03
10.0,8.68
9.5,6.97
9.3,9.76
5.7,5.11
9.3,11.81
8.1,8.6
18.5,19.18
22.0,18.2
3.7,3.93
52.0,35.51
4.0,3.89
7.5,7.31
14.0,10.2
6.5,6.9
7.3,7.59
4.5,5.33
9.0,9.2
11.7,11.79
43.83,39.67
6.5,6.09
5.5,6.04
6.5,5.6
4.5,4.88
7.3,9.58
29.47,31.23
4.5,4.76
6.5,4.32
8.7,7.2
4.5,4.77
52.0,11.48
8.5,9.96
6.5,6.54
65.5,75.6
8.9,11.62
14.9,18.32
4.0,4.43
12.0,11.71
12.5,13.59
3.7,6.47
17.87,13.87
6.0,5.83
5.3,6.38
4.1,5.92
6.9,13.06
9.3,8.43
20.83,18.14
8.0,7.97
6.9,7.47
17.5,15.56
22.5,26.94
5.5,5.39
14.5,12.94
6.5,6.02
6.0,5.03
6.5,6.82
10.0,10.36
3.7,4.26
7.3,7.5
4.1,4.13
55.83,55.85
11.7,10.1
6.9,5.85
5.0,5.31
6.5,8.79
12.5,12.39
4.1,5.38
6.5,6.99
4.1,4.64
13.3,10.85
6.5,6.52
9.0,6.36
11.3,13.58
24.5,19.79
8.1,7.83
9.0,8.51
16.5,17.65
9.7,11.81
20.5,18.62
15.7,13.85
13.3,12.77
8.0,9.56
33.33,33.18
6.0,4.92
11.3,14.95
11.5,9.13
39.07,39.44
6.1,5.5
4.5,5.15
10.0,8.37
7.5,7.63
10.0,9.38
5.5,6.1
18.5,17.45
4.5,5.35
4.5,11.0
10.1,10.46
7.0,6.85
5.7,7.07
12.0,10.21
6.5,7.04
4.5,6.14
28.1,30.03
10.1,7.01
8.5,9.4
10.5,6.98
23.5,24.16
31.83,28.9
57.33,51.31
8.5,7.52
5.5,6.5
15.5,13.92
5.7,7.91
14.5,12.0
26.1,34.66
6.5,5.57
35.83,32.3
8.1,11.87
9.0,7.95
4.1,12.06
7.0,7.28
18.5,17.37
17.5,13.48
15.0,12.15
9.5,9.68
10.5,9.68
5.0,4.14
11.0,9.09
26.1,12.32
6.1,6.61
14.9,14.63
12.5,10.43
5.3,5.09
5.7,5.98
5.0,4.73
5.0,5.72
29.5,17.61
5.7,26.89
19.0,13.53
6.0,5.7
5.5,5.09
21.0,19.18
8.0,6.95
6.9,8.79
15.3,15.8
3.3,4.55
15.0,12.51
28.1,32.04
8.5,9.47
24.5,20.17
9.5,9.9
7.7,8.53
34.54,32.62
14.1,14.09
5.3,4.84
3.5,4.4
11.5,12.05
45.0,49.15
13.0,12.98
6.1,5.41
19.0,10.24
11.7,13.92
6.9,7.2
6.1,5.09
12.5,17.49
5.7,6.63
14.9,15.97
7.5,6.24
8.1,7.26
5.3,7.19
6.1,6.3
31.87,37.48
12.0,9.52
3.5,4.26
4.5,5.2
21.0,4.93
5.3,5.61
13.3,14.91
6.5,5.41
9.0,9.08
8.0,9.01
13.0,9.66
6.5,5.55
8.0,7.38
16.0,15.72
11.0,8.79
49.57,51.53
3.7,4.3
8.5,7.85
12.9,14.39
7.3,7.0
10.0,11.34
8.1,12.5
6.5,6.81
17.0,16.25
3.7,5.54
7.5,9.18
50.1,51.11
6.0,5.64
36.8,33.33
8.0,8.22
5.8,6.4
16.5,16.11
49.8,54.46
7.0,5.66
14.1,51.4
3.7,12.73
2.5,10.91
8.9,9.72
11.5,10.29
14.0,10.89
12.5,10.93
6.1,7.83
4.9,4.96
28.5,18.08
23.3,18.18
6.5,8.19
24.5,29.73
22.9,21.34
6.5,7.48
4.5,7.2
16.7,12.02
15.7,13.6
16.5,15.8
16.9,19.32
11.7,7.96
11.7,8.64
2.9,3.93
11.0,9.53
6.1,7.84
4.5,4.55
6.5,5.79
4.5,5.19
45.83,35.76
8.9,9.53
18.0,9.58
5.5,4.65
8.9,9.79
7.3,7.13
7.7,6.28
6.0,6.37
6.5,5.54
4.5,5.52
10.5,48.67
4.0,4.72
6.5,6.9
6.0,6.64
8.5,11.2
7.0,5.01
10.5,10.64
4.9,6.28
6.5,6.29
6.1,7.24
4.5,10.85
10.1,12.83
3.7,4.3
4.1,48.84
24.1,30.03
16.0,13.83
8.1,8.4
10.5,9.49
12.1,14.1
30.9,35.56
7.7,11.31
9.7,10.58
16.5,15.73
5.7,7.02
14.5,14.4
9.0,6.0
13.7,15.56
18.5,14.83
13.7,16.0
7.7,7.74
7.0,6.84
8.0,7.46
33.87,36.96
5.0,4.67
15.3,15.56
7.3,10.04
8.5,8.8
8.0,8.66
18.5,19.4
12.1,9.36
16.0,10.13
6.9,8.88
4.5,5.82
19.0,16.04
6.9,7.53
9.0,7.84
5.5,6.85
4.0,5.16
10.5,11.85
7.3,7.24
4.5,9.12
22.5,23.92
16.9,8.02
13.7,14.46
4.9,10.94
12.5,11.46
9.0,7.89
27.7,29.33
52.0,39.68
6.5,7.08
9.7,12.1
12.0,10.9
5.3,7.94
4.0,4.34
9.7,12.68
4.1,4.81
45.0,54.35
4.5,4.6
15.7,18.59
15.5,13.53
27.0,24.81
10.9,11.14
12.0,11.01
31.07,29.71
11.5,7.4
11.3,11.14
4.5,5.03
100.0,84.55
79.0,79.69
6.9,7.3
10.1,9.94
10.0,8.68
11.0,10.02
4.9,6.89
6.5,6.32
4.5,5.97
14.1,15.05
4.5,3.83
6.9,7.43
7.0,7.08
6.0,7.4
4.5,9.02
7.3,5.51
5.0,5.86
7.5,6.84
7.0,8.26
13.4,9.12
4.0,4.37
5.0,5.57
4.5,6.12
4.9,6.91
14.5,16.36
10.1,8.33
22.5,28.12
5.3,7.1
23.0,24.58
23.0,31.83
11.3,11.13
4.9,5.22
7.3,8.35
7.0,6.35
8.9,8.15
4.5,6.06
13.5,13.41
16.9,17.79
7.3,10.44
10.5,10.06
10.9,10.41
8.5,8.28
8.9,7.85
5.5,4.85
12.1,13.06
8.9,9.24
5.3,8.6
7.3,7.4
26.9,36.87
8.1,6.76
4.5,14.19
17.7,21.09
22.5,25.53
22.5,15.2
6.0,7.02
9.7,11.43
15.7,15.25
9.3,10.08
10.5,12.27
4.9,3.64
12.1,13.64
9.5,11.02
6.1,6.31
57.54,51.58
10.9,12.38
7.5,7.49
3.5,4.19
9.7,11.37
18.5,17.82
5.5,6.6
4.9,6.7
4.5,6.0
22.5,18.92
20.2,13.01
3.7,5.44
11.3,12.45
16.1,18.0
9.0,6.74
8.9,10.67
9.3,11.61
10.0,6.91
8.1,8.02
20.5,19.76
4.1,15.62
6.5,5.56
32.83,28.13
9.7,10.16
5.7,6.22
11.0,9.4
6.9,8.87
7.5,7.11
5.0,7.12
8.0,7.54
5.7,4.96
5.0,4.49
6.9,9.09
15.0,11.87
29.87,28.17
5.5,4.34
4.1,5.83
7.3,8.7
9.0,10.3
6.0,5.46
7.7,9.56
