{"level":"info","message":"🔎 ML response payload:","predicted_fare":50.8,"timestamp":"2025-05-04T21:48:11.394Z"}
{"level":"info","message":"📤 Published ride request RIDE-1746395291358-yxhipd20q to Kafka","timestamp":"2025-05-04T21:48:11.521Z"}
{"level":"info","message":"🔎 ML response payload:","predicted_fare":50.8,"timestamp":"2025-05-04T21:49:09.796Z"}
{"level":"info","message":"📤 Published ride request RIDE-1746395349792-yz23q2w5m to Kafka","timestamp":"2025-05-04T21:49:09.888Z"}
{"level":"info","message":"🔎 ML response payload:","predicted_fare":49.42,"timestamp":"2025-05-05T02:26:18.474Z"}
{"level":"info","message":"📤 Published ride request RIDE-1746411978417-3q6ebomnn to Kafka","timestamp":"2025-05-05T02:26:18.585Z"}
{"level":"info","message":"🔎 ML response payload:","predicted_fare":20.92,"timestamp":"2025-05-05T02:48:14.271Z"}
{"level":"info","message":"📤 Published ride request RIDE-1746413294257-ew14lbgmp to Kafka","timestamp":"2025-05-05T02:48:14.353Z"}
{"level":"info","message":"🔎 ML response payload:","predicted_fare":40.77,"timestamp":"2025-05-05T02:48:14.681Z"}
{"level":"info","message":"📤 Published ride request RIDE-1746413294675-ib2ecqhls to Kafka","timestamp":"2025-05-05T02:48:14.756Z"}
{"level":"info","message":"🔎 ML response payload:","predicted_fare":52.84,"timestamp":"2025-05-05T02:48:15.245Z"}
{"level":"info","message":"🔎 ML response payload:","predicted_fare":13.96,"timestamp":"2025-05-05T02:48:15.246Z"}
{"level":"info","message":"📤 Published ride request RIDE-1746413295241-hwydv5jcy to Kafka","timestamp":"2025-05-05T02:48:15.322Z"}
{"level":"info","message":"📤 Published ride request RIDE-1746413295242-wuw4a7bb9 to Kafka","timestamp":"2025-05-05T02:48:15.804Z"}
{"level":"info","message":"🔎 ML response payload:","predicted_fare":30.55,"timestamp":"2025-05-05T02:48:17.626Z"}
{"level":"info","message":"🔎 ML response payload:","predicted_fare":14,"timestamp":"2025-05-05T02:48:17.627Z"}
{"level":"info","message":"📤 Published ride request RIDE-1746413297623-ha6x5yigj to Kafka","timestamp":"2025-05-05T02:48:17.742Z"}
{"level":"info","message":"📤 Published ride request RIDE-1746413297622-vo55o8vho to Kafka","timestamp":"2025-05-05T02:48:17.743Z"}
{"level":"info","message":"🔎 ML response payload:","predicted_fare":12.98,"timestamp":"2025-05-05T02:48:18.189Z"}
{"level":"info","message":"📤 Published ride request RIDE-1746413298185-xionc4uz7 to Kafka","timestamp":"2025-05-05T02:48:18.341Z"}
{"level":"info","message":"🔎 ML response payload:","predicted_fare":12.9,"timestamp":"2025-05-05T02:48:18.715Z"}
{"level":"info","message":"📤 Published ride request RIDE-1746413298713-g72lo9sev to Kafka","timestamp":"2025-05-05T02:48:18.863Z"}
{"level":"info","message":"🔎 ML response payload:","predicted_fare":75,"timestamp":"2025-05-05T02:48:19.245Z"}
{"level":"info","message":"📤 Published ride request RIDE-1746413299242-oy5sauqvk to Kafka","timestamp":"2025-05-05T02:48:19.390Z"}
{"level":"info","message":"🔎 ML response payload:","predicted_fare":32.88,"timestamp":"2025-05-05T02:48:19.684Z"}
{"level":"info","message":"📤 Published ride request RIDE-1746413299681-2btaoe9qm to Kafka","timestamp":"2025-05-05T02:48:19.838Z"}
{"level":"info","message":"🔎 ML response payload:","predicted_fare":24.02,"timestamp":"2025-05-05T02:48:20.312Z"}
{"level":"info","message":"📤 Published ride request RIDE-1746413300309-qggr2h8u5 to Kafka","timestamp":"2025-05-05T02:48:20.437Z"}
{"level":"info","message":"🔎 ML response payload:","predicted_fare":34.26,"timestamp":"2025-05-05T02:48:21.071Z"}
{"level":"info","message":"📤 Published ride request RIDE-1746413301069-3xmi5s93z to Kafka","timestamp":"2025-05-05T02:48:21.150Z"}
{"level":"info","message":"🔎 ML response payload:","predicted_fare":23.9,"timestamp":"2025-05-05T02:48:21.711Z"}
{"level":"info","message":"📤 Published ride request RIDE-1746413301708-gff72a5ll to Kafka","timestamp":"2025-05-05T02:48:21.787Z"}
{"level":"info","message":"🔎 ML response payload:","predicted_fare":5.2,"timestamp":"2025-05-05T02:48:22.472Z"}
{"level":"info","message":"📤 Published ride request RIDE-1746413302470-louw6zgzs to Kafka","timestamp":"2025-05-05T02:48:22.550Z"}
{"level":"info","message":"🔎 ML response payload:","predicted_fare":17.03,"timestamp":"2025-05-05T02:48:23.207Z"}
{"level":"info","message":"📤 Published ride request RIDE-1746413303205-m0ustua5l to Kafka","timestamp":"2025-05-05T02:48:23.304Z"}
{"level":"info","message":"🔎 ML response payload:","predicted_fare":51.05,"timestamp":"2025-05-05T02:48:23.871Z"}
{"level":"info","message":"📤 Published ride request RIDE-1746413303867-7h5ph64sn to Kafka","timestamp":"2025-05-05T02:48:24.033Z"}
{"level":"info","message":"🔎 ML response payload:","predicted_fare":18.18,"timestamp":"2025-05-05T02:48:24.520Z"}
{"level":"info","message":"📤 Published ride request RIDE-1746413304518-ci8ewoqdr to Kafka","timestamp":"2025-05-05T02:48:24.632Z"}
{"level":"info","message":"🔎 ML response payload:","predicted_fare":51.99,"timestamp":"2025-05-05T02:48:25.146Z"}
{"level":"info","message":"📤 Published ride request RIDE-1746413305144-u4i9svv6g to Kafka","timestamp":"2025-05-05T02:48:25.224Z"}
{"level":"info","message":"🔎 ML response payload:","predicted_fare":42.51,"timestamp":"2025-05-05T02:48:25.806Z"}
{"level":"info","message":"📤 Published ride request RIDE-1746413305804-lngx6wcds to Kafka","timestamp":"2025-05-05T02:48:25.884Z"}
{"level":"info","message":"🔎 ML response payload:","predicted_fare":38.89,"timestamp":"2025-05-05T02:48:26.479Z"}
{"level":"info","message":"📤 Published ride request RIDE-1746413306477-qklraae7y to Kafka","timestamp":"2025-05-05T02:48:26.558Z"}
{"level":"info","message":"🔎 ML response payload:","predicted_fare":25.97,"timestamp":"2025-05-05T02:48:27.116Z"}
{"level":"info","message":"📤 Published ride request RIDE-1746413307113-fuulp0gop to Kafka","timestamp":"2025-05-05T02:48:27.252Z"}
{"level":"info","message":"🔎 ML response payload:","predicted_fare":39.39,"timestamp":"2025-05-05T02:48:27.755Z"}
{"level":"info","message":"📤 Published ride request RIDE-1746413307752-gvnmywq6s to Kafka","timestamp":"2025-05-05T02:48:27.833Z"}
{"level":"info","message":"🔎 ML response payload:","predicted_fare":29.12,"timestamp":"2025-05-05T02:48:28.407Z"}
{"level":"info","message":"📤 Published ride request RIDE-1746413308405-hze9lze14 to Kafka","timestamp":"2025-05-05T02:48:28.485Z"}
{"level":"info","message":"🔎 ML response payload:","predicted_fare":52.76,"timestamp":"2025-05-05T02:48:29.059Z"}
{"level":"info","message":"📤 Published ride request RIDE-1746413309057-c83udobph to Kafka","timestamp":"2025-05-05T02:48:29.136Z"}
{"level":"info","message":"🔎 ML response payload:","predicted_fare":8.14,"timestamp":"2025-05-05T02:48:29.702Z"}
{"level":"info","message":"📤 Published ride request RIDE-1746413309700-8qyo0ayo4 to Kafka","timestamp":"2025-05-05T02:48:29.802Z"}
{"level":"info","message":"🔎 ML response payload:","predicted_fare":71.15,"timestamp":"2025-05-05T02:48:30.345Z"}
{"level":"info","message":"📤 Published ride request RIDE-1746413310341-qbu3n7brm to Kafka","timestamp":"2025-05-05T02:48:30.422Z"}
{"level":"info","message":"🔎 ML response payload:","predicted_fare":21.26,"timestamp":"2025-05-05T02:48:30.993Z"}
{"level":"info","message":"📤 Published ride request RIDE-1746413310990-nw1dksd3w to Kafka","timestamp":"2025-05-05T02:48:31.069Z"}
{"level":"info","message":"🔎 ML response payload:","predicted_fare":68.64,"timestamp":"2025-05-05T02:48:31.642Z"}
{"level":"info","message":"📤 Published ride request RIDE-1746413311639-3w0qa1kk9 to Kafka","timestamp":"2025-05-05T02:48:31.720Z"}
{"level":"info","message":"🔎 ML response payload:","predicted_fare":25.16,"timestamp":"2025-05-05T02:48:32.282Z"}
{"level":"info","message":"📤 Published ride request RIDE-1746413312280-hir8k144w to Kafka","timestamp":"2025-05-05T02:48:32.422Z"}
{"level":"info","message":"🔎 ML response payload:","predicted_fare":25.17,"timestamp":"2025-05-05T02:48:32.937Z"}
{"level":"info","message":"📤 Published ride request RIDE-1746413312935-tko77bmj2 to Kafka","timestamp":"2025-05-05T02:48:33.022Z"}
{"level":"info","message":"🔎 ML response payload:","predicted_fare":35.4,"timestamp":"2025-05-05T02:48:33.599Z"}
{"level":"info","message":"📤 Published ride request RIDE-1746413313596-gz32lwch4 to Kafka","timestamp":"2025-05-05T02:48:33.676Z"}
{"level":"info","message":"🔎 ML response payload:","predicted_fare":35.69,"timestamp":"2025-05-05T02:48:34.256Z"}
{"level":"info","message":"📤 Published ride request RIDE-1746413314254-mndnh02e3 to Kafka","timestamp":"2025-05-05T02:48:34.333Z"}
{"level":"info","message":"🔎 ML response payload:","predicted_fare":33.01,"timestamp":"2025-05-05T02:49:25.355Z"}
{"level":"info","message":"📤 Published ride request RIDE-1746413365347-ux16cq19c to Kafka","timestamp":"2025-05-05T02:49:25.449Z"}
{"level":"info","message":"🔎 ML response payload:","predicted_fare":46.41,"timestamp":"2025-05-05T02:49:26.555Z"}
{"level":"info","message":"🔎 ML response payload:","predicted_fare":27.49,"timestamp":"2025-05-05T02:49:26.557Z"}
{"level":"info","message":"📤 Published ride request RIDE-1746413366552-jqr3sl8d4 to Kafka","timestamp":"2025-05-05T02:49:26.630Z"}
{"level":"info","message":"📤 Published ride request RIDE-1746413366552-0drx8aj1j to Kafka","timestamp":"2025-05-05T02:49:26.633Z"}
{"level":"info","message":"🔎 ML response payload:","predicted_fare":28.65,"timestamp":"2025-05-05T02:49:28.554Z"}
{"level":"info","message":"🔎 ML response payload:","predicted_fare":15.04,"timestamp":"2025-05-05T02:49:28.557Z"}
{"level":"info","message":"📤 Published ride request RIDE-1746413368551-s0dhmlj1u to Kafka","timestamp":"2025-05-05T02:49:28.630Z"}
{"level":"info","message":"📤 Published ride request RIDE-1746413368551-rtmm0pf5h to Kafka","timestamp":"2025-05-05T02:49:28.631Z"}
{"level":"info","message":"🔎 ML response payload:","predicted_fare":21.42,"timestamp":"2025-05-05T02:49:29.215Z"}
{"level":"info","message":"📤 Published ride request RIDE-1746413369213-wny9pem18 to Kafka","timestamp":"2025-05-05T02:49:29.292Z"}
{"level":"info","message":"🔎 ML response payload:","predicted_fare":41.18,"timestamp":"2025-05-05T02:49:29.647Z"}
{"level":"info","message":"📤 Published ride request RIDE-1746413369645-4iskkjsm3 to Kafka","timestamp":"2025-05-05T02:49:29.724Z"}
{"level":"info","message":"🔎 ML response payload:","predicted_fare":41.71,"timestamp":"2025-05-05T02:49:30.079Z"}
{"level":"info","message":"📤 Published ride request RIDE-1746413370076-cgtyzfs2i to Kafka","timestamp":"2025-05-05T02:49:30.168Z"}
{"level":"info","message":"🔎 ML response payload:","predicted_fare":36.46,"timestamp":"2025-05-05T02:49:30.711Z"}
{"level":"info","message":"📤 Published ride request RIDE-1746413370709-gs51wgbr7 to Kafka","timestamp":"2025-05-05T02:49:30.788Z"}
{"level":"info","message":"🔎 ML response payload:","predicted_fare":46.44,"timestamp":"2025-05-05T02:53:09.548Z"}
{"level":"info","message":"🔎 ML response payload:","predicted_fare":12.77,"timestamp":"2025-05-05T02:53:09.550Z"}
{"level":"info","message":"📤 Published ride request RIDE-1746413589541-l0qvsd41h to Kafka","timestamp":"2025-05-05T02:53:09.624Z"}
{"level":"info","message":"📤 Published ride request RIDE-1746413589540-s3mk3rr7p to Kafka","timestamp":"2025-05-05T02:53:09.626Z"}
{"level":"info","message":"🔎 ML response payload:","predicted_fare":11.08,"timestamp":"2025-05-05T02:53:10.391Z"}
{"level":"info","message":"📤 Published ride request RIDE-1746413590389-k81yl9tp6 to Kafka","timestamp":"2025-05-05T02:53:10.468Z"}
{"level":"info","message":"🔎 ML response payload:","predicted_fare":41.69,"timestamp":"2025-05-05T02:53:11.550Z"}
{"level":"info","message":"🔎 ML response payload:","predicted_fare":36.28,"timestamp":"2025-05-05T02:53:11.551Z"}
{"level":"info","message":"🔎 ML response payload:","predicted_fare":30.03,"timestamp":"2025-05-05T02:53:11.551Z"}
{"level":"info","message":"📤 Published ride request RIDE-1746413591547-3mxhoyznf to Kafka","timestamp":"2025-05-05T02:53:11.624Z"}
{"level":"info","message":"📤 Published ride request RIDE-1746413591547-465ti1bwg to Kafka","timestamp":"2025-05-05T02:53:11.627Z"}
{"level":"info","message":"📤 Published ride request RIDE-1746413591548-bbh7orp7t to Kafka","timestamp":"2025-05-05T02:53:12.100Z"}
{"level":"info","message":"🔎 ML response payload:","predicted_fare":10.85,"timestamp":"2025-05-05T02:53:12.969Z"}
{"level":"info","message":"🔎 ML response payload:","predicted_fare":38.52,"timestamp":"2025-05-05T02:53:12.969Z"}
{"level":"info","message":"📤 Published ride request RIDE-1746413592967-iv6gc5qsb to Kafka","timestamp":"2025-05-05T02:53:13.047Z"}
{"level":"info","message":"📤 Published ride request RIDE-1746413592967-atvn0ntdw to Kafka","timestamp":"2025-05-05T02:53:13.047Z"}
{"level":"info","message":"🔎 ML response payload:","predicted_fare":12.73,"timestamp":"2025-05-05T02:53:13.606Z"}
{"level":"info","message":"📤 Published ride request RIDE-1746413593604-zrkwc1v9q to Kafka","timestamp":"2025-05-05T02:53:13.683Z"}
{"level":"info","message":"🔎 ML response payload:","predicted_fare":13.88,"timestamp":"2025-05-05T02:53:14.341Z"}
{"level":"info","message":"📤 Published ride request RIDE-1746413594338-8mppho01d to Kafka","timestamp":"2025-05-05T02:53:14.487Z"}
{"level":"info","message":"🔎 ML response payload:","predicted_fare":31.69,"timestamp":"2025-05-05T02:53:15.099Z"}
{"level":"info","message":"📤 Published ride request RIDE-1746413595096-7jwsgaani to Kafka","timestamp":"2025-05-05T02:53:15.176Z"}
{"level":"info","message":"🔎 ML response payload:","predicted_fare":25.61,"timestamp":"2025-05-05T02:53:16.103Z"}
{"level":"info","message":"📤 Published ride request RIDE-1746413596100-oep2jlt1j to Kafka","timestamp":"2025-05-05T02:53:16.181Z"}
{"level":"info","message":"🔎 ML response payload:","predicted_fare":70.3,"timestamp":"2025-05-05T02:53:17.207Z"}
{"level":"info","message":"📤 Published ride request RIDE-1746413597204-6yvin74lz to Kafka","timestamp":"2025-05-05T02:53:17.285Z"}
{"level":"info","message":"🔎 ML response payload:","predicted_fare":23.09,"timestamp":"2025-05-05T02:53:18.063Z"}
{"level":"info","message":"📤 Published ride request RIDE-1746413598061-4olescrt2 to Kafka","timestamp":"2025-05-05T02:53:18.157Z"}
{"level":"info","message":"🔎 ML response payload:","predicted_fare":20.23,"timestamp":"2025-05-05T02:53:18.918Z"}
{"level":"info","message":"📤 Published ride request RIDE-1746413598916-tfh5f1mry to Kafka","timestamp":"2025-05-05T02:53:18.995Z"}
{"level":"info","message":"🔎 ML response payload:","predicted_fare":64.49,"timestamp":"2025-05-05T02:53:19.862Z"}
{"level":"info","message":"📤 Published ride request RIDE-1746413599860-5c68o7hf3 to Kafka","timestamp":"2025-05-05T02:53:19.940Z"}
{"level":"info","message":"🔎 ML response payload:","predicted_fare":28.81,"timestamp":"2025-05-05T02:53:21.051Z"}
{"level":"info","message":"📤 Published ride request RIDE-1746413601049-dgc5ax97i to Kafka","timestamp":"2025-05-05T02:53:21.128Z"}
{"level":"info","message":"🔎 ML response payload:","predicted_fare":36.31,"timestamp":"2025-05-05T02:53:22.326Z"}
{"level":"info","message":"📤 Published ride request RIDE-1746413602324-t1dxeuicj to Kafka","timestamp":"2025-05-05T02:53:22.427Z"}
{"level":"info","message":"🔎 ML response payload:","predicted_fare":40.48,"timestamp":"2025-05-05T02:53:23.312Z"}
{"level":"info","message":"🔎 ML response payload:","predicted_fare":41.43,"timestamp":"2025-05-05T02:53:23.313Z"}
{"level":"info","message":"🔎 ML response payload:","predicted_fare":19.87,"timestamp":"2025-05-05T02:53:23.331Z"}
{"level":"info","message":"📤 Published ride request RIDE-1746413603329-m1xysb2hl to Kafka","timestamp":"2025-05-05T02:53:23.480Z"}
{"level":"info","message":"📤 Published ride request RIDE-1746413603310-idk7fru1n to Kafka","timestamp":"2025-05-05T02:53:23.483Z"}
{"level":"info","message":"📤 Published ride request RIDE-1746413603310-c3x67wquo to Kafka","timestamp":"2025-05-05T02:53:23.485Z"}
{"level":"info","message":"🔎 ML response payload:","predicted_fare":27.42,"timestamp":"2025-05-05T02:53:24.386Z"}
{"level":"info","message":"🔎 ML response payload:","predicted_fare":7.19,"timestamp":"2025-05-05T02:53:24.387Z"}
{"level":"info","message":"📤 Published ride request RIDE-1746413604384-19251kdq3 to Kafka","timestamp":"2025-05-05T02:53:24.529Z"}
{"level":"info","message":"📤 Published ride request RIDE-1746413604384-m7w6ozkd8 to Kafka","timestamp":"2025-05-05T02:53:24.531Z"}
{"level":"info","message":"🔎 ML response payload:","predicted_fare":57.31,"timestamp":"2025-05-05T02:53:25.528Z"}
{"level":"info","message":"📤 Published ride request RIDE-1746413605526-y9ww7sngq to Kafka","timestamp":"2025-05-05T02:53:25.606Z"}
{"level":"info","message":"🔎 ML response payload:","predicted_fare":17.82,"timestamp":"2025-05-05T02:53:26.956Z"}
{"level":"info","message":"🔎 ML response payload:","predicted_fare":38.38,"timestamp":"2025-05-05T02:53:26.968Z"}
{"level":"info","message":"🔎 ML response payload:","predicted_fare":48.03,"timestamp":"2025-05-05T02:53:26.969Z"}
{"level":"info","message":"📤 Published ride request RIDE-1746413606953-a04kr6upl to Kafka","timestamp":"2025-05-05T02:53:27.070Z"}
{"level":"info","message":"📤 Published ride request RIDE-1746413606966-fhcf0lb7e to Kafka","timestamp":"2025-05-05T02:53:27.070Z"}
{"level":"info","message":"📤 Published ride request RIDE-1746413606966-jtbj4hky4 to Kafka","timestamp":"2025-05-05T02:53:27.070Z"}
{"level":"info","message":"🔎 ML response payload:","predicted_fare":29.06,"timestamp":"2025-05-05T02:53:28.473Z"}
{"level":"info","message":"🔎 ML response payload:","predicted_fare":15.07,"timestamp":"2025-05-05T02:53:28.473Z"}
{"level":"info","message":"📤 Published ride request RIDE-1746413608470-5ebvgz047 to Kafka","timestamp":"2025-05-05T02:53:28.547Z"}
{"level":"info","message":"📤 Published ride request RIDE-1746413608470-cln01k4wd to Kafka","timestamp":"2025-05-05T02:53:28.550Z"}
{"level":"info","message":"🔎 ML response payload:","predicted_fare":44.62,"timestamp":"2025-05-05T02:53:29.682Z"}
{"level":"info","message":"🔎 ML response payload:","predicted_fare":22.98,"timestamp":"2025-05-05T02:53:29.683Z"}
{"level":"info","message":"🔎 ML response payload:","predicted_fare":40.59,"timestamp":"2025-05-05T02:53:29.684Z"}
{"level":"info","message":"📤 Published ride request RIDE-1746413609679-olaojtxia to Kafka","timestamp":"2025-05-05T02:53:29.764Z"}
{"level":"info","message":"📤 Published ride request RIDE-1746413609678-yz5gudha8 to Kafka","timestamp":"2025-05-05T02:53:29.767Z"}
{"level":"info","message":"📤 Published ride request RIDE-1746413609679-xcuo2d41h to Kafka","timestamp":"2025-05-05T02:53:29.768Z"}
{"level":"info","message":"🔎 ML response payload:","predicted_fare":23.53,"timestamp":"2025-05-05T02:53:30.967Z"}
{"level":"info","message":"🔎 ML response payload:","predicted_fare":22.26,"timestamp":"2025-05-05T02:53:30.968Z"}
{"level":"info","message":"📤 Published ride request RIDE-1746413610965-3hhjhzcs5 to Kafka","timestamp":"2025-05-05T02:53:31.043Z"}
{"level":"info","message":"📤 Published ride request RIDE-1746413610965-uscry7zek to Kafka","timestamp":"2025-05-05T02:53:31.044Z"}
{"level":"info","message":"🔎 ML response payload:","predicted_fare":10.69,"timestamp":"2025-05-05T02:53:32.373Z"}
{"level":"info","message":"🔎 ML response payload:","predicted_fare":-5.67,"timestamp":"2025-05-05T02:53:32.374Z"}
{"level":"info","message":"📤 Published ride request RIDE-1746413612371-ou3478z0a to Kafka","timestamp":"2025-05-05T02:53:32.450Z"}
{"level":"info","message":"📤 Published ride request RIDE-1746413612371-1fdhdcmgt to Kafka","timestamp":"2025-05-05T02:53:32.452Z"}
{"level":"info","message":"🔎 ML response payload:","predicted_fare":13.07,"timestamp":"2025-05-05T02:53:33.766Z"}
{"level":"info","message":"🔎 ML response payload:","predicted_fare":21.16,"timestamp":"2025-05-05T02:53:33.766Z"}
{"level":"info","message":"📤 Published ride request RIDE-1746413613763-807is9dw7 to Kafka","timestamp":"2025-05-05T02:53:33.886Z"}
{"level":"info","message":"📤 Published ride request RIDE-1746413613764-w721ld9v5 to Kafka","timestamp":"2025-05-05T02:53:33.886Z"}
{"level":"info","message":"🔎 ML response payload:","predicted_fare":12.46,"timestamp":"2025-05-05T02:53:35.382Z"}
{"level":"info","message":"🔎 ML response payload:","predicted_fare":43.54,"timestamp":"2025-05-05T02:53:35.382Z"}
{"level":"info","message":"📤 Published ride request RIDE-1746413615379-q8tw6ri7n to Kafka","timestamp":"2025-05-05T02:53:35.534Z"}
{"level":"info","message":"📤 Published ride request RIDE-1746413615379-v58qjx7os to Kafka","timestamp":"2025-05-05T02:53:35.534Z"}
{"level":"info","message":"🔎 ML response payload:","predicted_fare":22.49,"timestamp":"2025-05-05T02:53:36.961Z"}
{"level":"info","message":"🔎 ML response payload:","predicted_fare":56.1,"timestamp":"2025-05-05T02:53:37.025Z"}
{"level":"info","message":"📤 Published ride request RIDE-1746413617023-y81nfjy96 to Kafka","timestamp":"2025-05-05T02:53:37.106Z"}
{"level":"info","message":"📤 Published ride request RIDE-1746413616959-v7qd4xfjz to Kafka","timestamp":"2025-05-05T02:53:37.107Z"}
{"level":"info","message":"🔎 ML response payload:","predicted_fare":24.95,"timestamp":"2025-05-05T02:53:38.367Z"}
{"level":"info","message":"🔎 ML response payload:","predicted_fare":6.55,"timestamp":"2025-05-05T02:53:38.367Z"}
{"level":"info","message":"📤 Published ride request RIDE-1746413618364-v5975tdww to Kafka","timestamp":"2025-05-05T02:53:38.448Z"}
{"level":"info","message":"📤 Published ride request RIDE-1746413618365-7eoku6o6y to Kafka","timestamp":"2025-05-05T02:53:38.448Z"}
{"level":"info","message":"🔎 ML response payload:","predicted_fare":6.5,"timestamp":"2025-05-05T02:53:39.750Z"}
{"level":"info","message":"🔎 ML response payload:","predicted_fare":5.14,"timestamp":"2025-05-05T02:53:39.750Z"}
{"level":"info","message":"📤 Published ride request RIDE-1746413619747-hutbh734b to Kafka","timestamp":"2025-05-05T02:53:39.826Z"}
{"level":"info","message":"📤 Published ride request RIDE-1746413619747-0jtdcjipv to Kafka","timestamp":"2025-05-05T02:53:39.828Z"}
{"level":"info","message":"🔎 ML response payload:","predicted_fare":94.96,"timestamp":"2025-05-05T02:53:41.245Z"}
{"level":"info","message":"📤 Published ride request RIDE-1746413621244-sp0p4r9ow to Kafka","timestamp":"2025-05-05T02:53:41.324Z"}
{"level":"info","message":"🔎 ML response payload:","predicted_fare":13.2,"timestamp":"2025-05-05T02:53:42.763Z"}
{"level":"info","message":"🔎 ML response payload:","predicted_fare":5.94,"timestamp":"2025-05-05T02:53:42.763Z"}
{"level":"info","message":"📤 Published ride request RIDE-1746413622760-4qk1f7mse to Kafka","timestamp":"2025-05-05T02:53:42.873Z"}
{"level":"info","message":"📤 Published ride request RIDE-1746413622761-fjox7xxkx to Kafka","timestamp":"2025-05-05T02:53:42.874Z"}
{"level":"info","message":"🔎 ML response payload:","predicted_fare":36.18,"timestamp":"2025-05-05T02:53:44.495Z"}
{"level":"info","message":"📤 Published ride request RIDE-1746413624493-fp6kkh7n6 to Kafka","timestamp":"2025-05-05T02:53:44.572Z"}
{"level":"info","message":"🔎 ML response payload:","predicted_fare":12.1,"timestamp":"2025-05-05T02:53:46.025Z"}
{"level":"info","message":"🔎 ML response payload:","predicted_fare":31.66,"timestamp":"2025-05-05T02:53:46.026Z"}
{"level":"info","message":"📤 Published ride request RIDE-1746413626023-equ40rt7c to Kafka","timestamp":"2025-05-05T02:53:46.102Z"}
{"level":"info","message":"📤 Published ride request RIDE-1746413626023-j0vnlvm84 to Kafka","timestamp":"2025-05-05T02:53:46.102Z"}
{"level":"info","message":"🔎 ML response payload:","predicted_fare":41.09,"timestamp":"2025-05-05T02:53:47.319Z"}
{"level":"info","message":"🔎 ML response payload:","predicted_fare":22.11,"timestamp":"2025-05-05T02:53:47.320Z"}
{"level":"info","message":"🔎 ML response payload:","predicted_fare":19.71,"timestamp":"2025-05-05T02:53:47.321Z"}
{"level":"info","message":"📤 Published ride request RIDE-1746413627317-67qn62uc3 to Kafka","timestamp":"2025-05-05T02:53:47.393Z"}
{"level":"info","message":"📤 Published ride request RIDE-1746413627316-ic75476ug to Kafka","timestamp":"2025-05-05T02:53:47.397Z"}
{"level":"info","message":"📤 Published ride request RIDE-1746413627317-7lbqkecrg to Kafka","timestamp":"2025-05-05T02:53:47.397Z"}
{"level":"info","message":"🔎 ML response payload:","predicted_fare":51.99,"timestamp":"2025-05-05T02:53:48.948Z"}
{"level":"info","message":"🔎 ML response payload:","predicted_fare":28.02,"timestamp":"2025-05-05T02:53:48.949Z"}
{"level":"info","message":"🔎 ML response payload:","predicted_fare":41.53,"timestamp":"2025-05-05T02:53:48.949Z"}
{"level":"info","message":"📤 Published ride request RIDE-1746413628946-1sq2kb575 to Kafka","timestamp":"2025-05-05T02:53:49.095Z"}
{"level":"info","message":"📤 Published ride request RIDE-1746413628945-6wbx832s5 to Kafka","timestamp":"2025-05-05T02:53:49.095Z"}
{"level":"info","message":"📤 Published ride request RIDE-1746413628945-zdm0urp0i to Kafka","timestamp":"2025-05-05T02:53:49.095Z"}
{"level":"info","message":"🔎 ML response payload:","predicted_fare":18.5,"timestamp":"2025-05-05T02:53:50.562Z"}
{"level":"info","message":"🔎 ML response payload:","predicted_fare":57.52,"timestamp":"2025-05-05T02:53:50.563Z"}
{"level":"info","message":"📤 Published ride request RIDE-1746413630560-81nxdehxi to Kafka","timestamp":"2025-05-05T02:53:50.668Z"}
{"level":"info","message":"📤 Published ride request RIDE-1746413630561-a37o0ac0g to Kafka","timestamp":"2025-05-05T02:53:50.668Z"}
{"level":"info","message":"🔎 ML response payload:","predicted_fare":96.91,"timestamp":"2025-05-05T02:53:52.171Z"}
{"level":"info","message":"🔎 ML response payload:","predicted_fare":97.48,"timestamp":"2025-05-05T02:53:52.193Z"}
{"level":"info","message":"🔎 ML response payload:","predicted_fare":24.43,"timestamp":"2025-05-05T02:53:52.194Z"}
{"level":"info","message":"🔎 ML response payload:","predicted_fare":18.15,"timestamp":"2025-05-05T02:53:52.195Z"}
{"level":"info","message":"📤 Published ride request RIDE-1746413632191-vesf2kxb8 to Kafka","timestamp":"2025-05-05T02:53:52.312Z"}
{"level":"info","message":"📤 Published ride request RIDE-1746413632170-d4gtg2wg3 to Kafka","timestamp":"2025-05-05T02:53:52.314Z"}
{"level":"info","message":"📤 Published ride request RIDE-1746413632191-bd9wpgjn2 to Kafka","timestamp":"2025-05-05T02:53:52.315Z"}
{"level":"info","message":"📤 Published ride request RIDE-1746413632191-b9nwjmpxz to Kafka","timestamp":"2025-05-05T02:53:52.763Z"}
{"level":"info","message":"🔎 ML response payload:","predicted_fare":23.18,"timestamp":"2025-05-05T02:53:54.117Z"}
{"level":"info","message":"🔎 ML response payload:","predicted_fare":34.07,"timestamp":"2025-05-05T02:53:54.118Z"}
{"level":"info","message":"🔎 ML response payload:","predicted_fare":86.37,"timestamp":"2025-05-05T02:53:54.146Z"}
{"level":"info","message":"📤 Published ride request RIDE-1746413634116-3ful5hpra to Kafka","timestamp":"2025-05-05T02:53:54.191Z"}
{"level":"info","message":"📤 Published ride request RIDE-1746413634116-emuycn5ia to Kafka","timestamp":"2025-05-05T02:53:54.195Z"}
{"level":"info","message":"📤 Published ride request RIDE-1746413634145-3gf5y9wu3 to Kafka","timestamp":"2025-05-05T02:53:54.224Z"}
{"level":"info","message":"🔎 ML response payload:","predicted_fare":25.37,"timestamp":"2025-05-05T02:53:55.962Z"}
{"level":"info","message":"🔎 ML response payload:","predicted_fare":34.79,"timestamp":"2025-05-05T02:53:55.990Z"}
{"level":"info","message":"🔎 ML response payload:","predicted_fare":64.5,"timestamp":"2025-05-05T02:53:55.991Z"}
{"level":"info","message":"🔎 ML response payload:","predicted_fare":37.87,"timestamp":"2025-05-05T02:53:55.991Z"}
{"level":"info","message":"📤 Published ride request RIDE-1746413635960-tde2ccwxq to Kafka","timestamp":"2025-05-05T02:53:56.042Z"}
{"level":"info","message":"📤 Published ride request RIDE-1746413635987-26co3e746 to Kafka","timestamp":"2025-05-05T02:53:56.066Z"}
{"level":"info","message":"📤 Published ride request RIDE-1746413635988-12vwfzrw0 to Kafka","timestamp":"2025-05-05T02:53:56.066Z"}
{"level":"info","message":"📤 Published ride request RIDE-1746413635987-1t7b299dc to Kafka","timestamp":"2025-05-05T02:53:56.069Z"}
{"level":"info","message":"🔎 ML response payload:","predicted_fare":50.42,"timestamp":"2025-05-05T02:53:57.772Z"}
{"level":"info","message":"🔎 ML response payload:","predicted_fare":22.82,"timestamp":"2025-05-05T02:53:57.772Z"}
{"level":"info","message":"🔎 ML response payload:","predicted_fare":33.01,"timestamp":"2025-05-05T02:53:57.773Z"}
{"level":"info","message":"📤 Published ride request RIDE-1746413637769-98vhmnup7 to Kafka","timestamp":"2025-05-05T02:53:57.846Z"}
{"level":"info","message":"📤 Published ride request RIDE-1746413637769-04gyl9jra to Kafka","timestamp":"2025-05-05T02:53:57.846Z"}
{"level":"info","message":"📤 Published ride request RIDE-1746413637769-g8s5tyt90 to Kafka","timestamp":"2025-05-05T02:53:57.849Z"}
{"level":"info","message":"🔎 ML response payload:","predicted_fare":69.68,"timestamp":"2025-05-05T02:53:59.704Z"}
{"level":"info","message":"🔎 ML response payload:","predicted_fare":59.63,"timestamp":"2025-05-05T02:53:59.705Z"}
{"level":"info","message":"📤 Published ride request RIDE-1746413639703-osgtrpb52 to Kafka","timestamp":"2025-05-05T02:53:59.778Z"}
{"level":"info","message":"📤 Published ride request RIDE-1746413639702-v1gfyej2g to Kafka","timestamp":"2025-05-05T02:53:59.782Z"}
{"level":"info","message":"🔎 ML response payload:","predicted_fare":28.29,"timestamp":"2025-05-05T02:54:01.646Z"}
{"level":"info","message":"🔎 ML response payload:","predicted_fare":23.11,"timestamp":"2025-05-05T02:54:01.647Z"}
{"level":"info","message":"📤 Published ride request RIDE-1746413641644-r4nofm1j8 to Kafka","timestamp":"2025-05-05T02:54:01.747Z"}
{"level":"info","message":"📤 Published ride request RIDE-1746413641644-bcz2uu4pm to Kafka","timestamp":"2025-05-05T02:54:01.751Z"}
{"level":"info","message":"🔎 ML response payload:","predicted_fare":74.29,"timestamp":"2025-05-05T02:54:03.808Z"}
{"level":"info","message":"🔎 ML response payload:","predicted_fare":15.59,"timestamp":"2025-05-05T02:54:03.809Z"}
{"level":"info","message":"🔎 ML response payload:","predicted_fare":16.54,"timestamp":"2025-05-05T02:54:03.810Z"}
{"level":"info","message":"🔎 ML response payload:","predicted_fare":55.39,"timestamp":"2025-05-05T02:54:03.810Z"}
{"level":"info","message":"📤 Published ride request RIDE-1746413643806-lm51m63by to Kafka","timestamp":"2025-05-05T02:54:03.883Z"}
{"level":"info","message":"📤 Published ride request RIDE-1746413643806-ro41mmy0i to Kafka","timestamp":"2025-05-05T02:54:03.883Z"}
{"level":"info","message":"📤 Published ride request RIDE-1746413643805-prdcleu10 to Kafka","timestamp":"2025-05-05T02:54:03.886Z"}
{"level":"info","message":"📤 Published ride request RIDE-1746413643806-6gp7mrtk3 to Kafka","timestamp":"2025-05-05T02:54:03.887Z"}
{"level":"info","message":"🔎 ML response payload:","predicted_fare":24.75,"timestamp":"2025-05-05T02:54:05.722Z"}
{"level":"info","message":"🔎 ML response payload:","predicted_fare":22.04,"timestamp":"2025-05-05T02:54:05.774Z"}
{"level":"info","message":"📤 Published ride request RIDE-1746413645720-o112hp12n to Kafka","timestamp":"2025-05-05T02:54:05.871Z"}
{"level":"info","message":"📤 Published ride request RIDE-1746413645772-2l22qp78h to Kafka","timestamp":"2025-05-05T02:54:05.871Z"}
{"level":"info","message":"🔎 ML response payload:","predicted_fare":12.82,"timestamp":"2025-05-05T02:54:07.419Z"}
{"level":"info","message":"🔎 ML response payload:","predicted_fare":33.43,"timestamp":"2025-05-05T02:54:07.421Z"}
{"level":"info","message":"🔎 ML response payload:","predicted_fare":29.75,"timestamp":"2025-05-05T02:54:07.422Z"}
{"level":"info","message":"📤 Published ride request RIDE-1746413647417-ojyxdga58 to Kafka","timestamp":"2025-05-05T02:54:07.516Z"}
{"level":"info","message":"📤 Published ride request RIDE-1746413647417-6gii94xdr to Kafka","timestamp":"2025-05-05T02:54:07.520Z"}
{"level":"info","message":"📤 Published ride request RIDE-1746413647416-ubrxrlu6r to Kafka","timestamp":"2025-05-05T02:54:07.520Z"}
{"level":"info","message":"🔎 ML response payload:","predicted_fare":17.65,"timestamp":"2025-05-05T02:54:09.661Z"}
{"level":"info","message":"🔎 ML response payload:","predicted_fare":13.9,"timestamp":"2025-05-05T02:54:09.662Z"}
{"level":"info","message":"📤 Published ride request RIDE-1746413649659-4yb301xtz to Kafka","timestamp":"2025-05-05T02:54:09.738Z"}
{"level":"info","message":"📤 Published ride request RIDE-1746413649659-t5cmpuspx to Kafka","timestamp":"2025-05-05T02:54:09.739Z"}
{"level":"info","message":"🔎 ML response payload:","predicted_fare":19.79,"timestamp":"2025-05-05T02:54:11.945Z"}
{"level":"info","message":"🔎 ML response payload:","predicted_fare":16.64,"timestamp":"2025-05-05T02:54:11.945Z"}
{"level":"info","message":"🔎 ML response payload:","predicted_fare":15.28,"timestamp":"2025-05-05T02:54:11.946Z"}
{"level":"info","message":"🔎 ML response payload:","predicted_fare":68.33,"timestamp":"2025-05-05T02:54:11.946Z"}
{"level":"info","message":"📤 Published ride request RIDE-1746413651942-riz4azqbd to Kafka","timestamp":"2025-05-05T02:54:12.019Z"}
{"level":"info","message":"📤 Published ride request RIDE-1746413651942-dxa7wuq1x to Kafka","timestamp":"2025-05-05T02:54:12.020Z"}
{"level":"info","message":"📤 Published ride request RIDE-1746413651941-t4qfe4283 to Kafka","timestamp":"2025-05-05T02:54:12.023Z"}
{"level":"info","message":"📤 Published ride request RIDE-1746413651942-guz3q5243 to Kafka","timestamp":"2025-05-05T02:54:12.023Z"}
{"level":"info","message":"🔎 ML response payload:","predicted_fare":32.22,"timestamp":"2025-05-05T02:54:13.494Z"}
{"level":"info","message":"🔎 ML response payload:","predicted_fare":61.09,"timestamp":"2025-05-05T02:54:13.495Z"}
{"level":"info","message":"🔎 ML response payload:","predicted_fare":-6.91,"timestamp":"2025-05-05T02:54:13.495Z"}
{"level":"info","message":"📤 Published ride request RIDE-1746413653492-8bvktqr4g to Kafka","timestamp":"2025-05-05T02:54:13.569Z"}
{"level":"info","message":"📤 Published ride request RIDE-1746413653492-7ky6p0iy9 to Kafka","timestamp":"2025-05-05T02:54:13.570Z"}
{"level":"info","message":"📤 Published ride request RIDE-1746413653492-dpeyra58d to Kafka","timestamp":"2025-05-05T02:54:13.572Z"}
{"level":"info","message":"🔎 ML response payload:","predicted_fare":19.17,"timestamp":"2025-05-05T02:54:14.288Z"}
{"level":"info","message":"🔎 ML response payload:","predicted_fare":45.3,"timestamp":"2025-05-05T02:54:14.289Z"}
{"level":"info","message":"📤 Published ride request RIDE-1746413654286-x8ywl4hux to Kafka","timestamp":"2025-05-05T02:54:14.365Z"}
{"level":"info","message":"📤 Published ride request RIDE-1746413654287-adg403ip9 to Kafka","timestamp":"2025-05-05T02:54:14.366Z"}
{"level":"info","message":"🔎 ML response payload:","predicted_fare":79.07,"timestamp":"2025-05-05T02:54:14.612Z"}
{"level":"info","message":"📤 Published ride request RIDE-1746413654611-skp8d8hv7 to Kafka","timestamp":"2025-05-05T02:54:14.689Z"}
{"level":"info","message":"🔎 ML response payload:","predicted_fare":137.33,"timestamp":"2025-05-05T02:54:14.858Z"}
{"level":"info","message":"📤 Published ride request RIDE-1746413654856-qamdchy0j to Kafka","timestamp":"2025-05-05T02:54:14.935Z"}
{"level":"info","message":"🔎 ML response payload:","predicted_fare":53.01,"timestamp":"2025-05-05T02:54:26.387Z"}
{"level":"info","message":"📤 Published ride request RIDE-1746413666381-0mroz2v8d to Kafka","timestamp":"2025-05-05T02:54:26.465Z"}
{"level":"info","message":"🔎 ML response payload:","predicted_fare":29.07,"timestamp":"2025-05-05T02:54:26.813Z"}
{"level":"info","message":"🔎 ML response payload:","predicted_fare":65.67,"timestamp":"2025-05-05T02:54:26.814Z"}
{"level":"info","message":"📤 Published ride request RIDE-1746413666811-nu2y9q5im to Kafka","timestamp":"2025-05-05T02:54:26.917Z"}
{"level":"info","message":"📤 Published ride request RIDE-1746413666811-9e9k8zh6s to Kafka","timestamp":"2025-05-05T02:54:26.918Z"}
{"level":"info","message":"🔎 ML response payload:","predicted_fare":15.65,"timestamp":"2025-05-05T02:54:27.158Z"}
{"level":"info","message":"🔎 ML response payload:","predicted_fare":40.44,"timestamp":"2025-05-05T02:54:27.158Z"}
{"level":"info","message":"🔎 ML response payload:","predicted_fare":20.42,"timestamp":"2025-05-05T02:54:27.159Z"}
{"level":"info","message":"📤 Published ride request RIDE-1746413667155-bd4c1kjf9 to Kafka","timestamp":"2025-05-05T02:54:27.233Z"}
{"level":"info","message":"📤 Published ride request RIDE-1746413667155-vy2oi42tb to Kafka","timestamp":"2025-05-05T02:54:27.235Z"}
{"level":"info","message":"📤 Published ride request RIDE-1746413667155-sq3z36gzh to Kafka","timestamp":"2025-05-05T02:54:27.236Z"}
{"level":"info","message":"🔎 ML response payload:","predicted_fare":79.55,"timestamp":"2025-05-05T02:54:27.473Z"}
{"level":"info","message":"📤 Published ride request RIDE-1746413667471-wergdwety to Kafka","timestamp":"2025-05-05T02:54:27.550Z"}
{"level":"info","message":"🔎 ML response payload:","predicted_fare":53.24,"timestamp":"2025-05-05T02:54:27.825Z"}
{"level":"info","message":"🔎 ML response payload:","predicted_fare":110.2,"timestamp":"2025-05-05T02:54:27.825Z"}
{"level":"info","message":"📤 Published ride request RIDE-1746413667823-jyyt4uom9 to Kafka","timestamp":"2025-05-05T02:54:27.966Z"}
{"level":"info","message":"📤 Published ride request RIDE-1746413667822-erc3pyxc4 to Kafka","timestamp":"2025-05-05T02:54:27.967Z"}
{"level":"info","message":"🔎 ML response payload:","predicted_fare":54.15,"timestamp":"2025-05-05T02:54:31.908Z"}
{"level":"info","message":"📤 Published ride request RIDE-1746413671906-syypynrvu to Kafka","timestamp":"2025-05-05T02:54:31.989Z"}
{"level":"info","message":"🔎 ML response payload:","predicted_fare":34.21,"timestamp":"2025-05-05T02:54:32.845Z"}
{"level":"info","message":"📤 Published ride request RIDE-1746413672843-5y6ejwn38 to Kafka","timestamp":"2025-05-05T02:54:32.922Z"}
{"level":"info","message":"🔎 ML response payload:","predicted_fare":5.91,"timestamp":"2025-05-05T02:54:33.908Z"}
{"level":"info","message":"🔎 ML response payload:","predicted_fare":19.57,"timestamp":"2025-05-05T02:54:33.909Z"}
{"level":"info","message":"📤 Published ride request RIDE-1746413673906-3tq041few to Kafka","timestamp":"2025-05-05T02:54:33.986Z"}
{"level":"info","message":"📤 Published ride request RIDE-1746413673906-22owtunfm to Kafka","timestamp":"2025-05-05T02:54:33.986Z"}
{"level":"info","message":"🔎 ML response payload:","predicted_fare":10.07,"timestamp":"2025-05-05T02:54:34.960Z"}
{"level":"info","message":"🔎 ML response payload:","predicted_fare":15.2,"timestamp":"2025-05-05T02:54:35.030Z"}
{"level":"info","message":"📤 Published ride request RIDE-1746413674959-mq9yu7x8h to Kafka","timestamp":"2025-05-05T02:54:35.037Z"}
{"level":"info","message":"📤 Published ride request RIDE-1746413675028-ex992t81g to Kafka","timestamp":"2025-05-05T02:54:35.108Z"}
{"level":"info","message":"🔎 ML response payload:","predicted_fare":12.4,"timestamp":"2025-05-05T02:54:35.880Z"}
{"level":"info","message":"🔎 ML response payload:","predicted_fare":16.83,"timestamp":"2025-05-05T02:54:35.932Z"}
{"level":"info","message":"📤 Published ride request RIDE-1746413675878-98v6gukav to Kafka","timestamp":"2025-05-05T02:54:35.957Z"}
{"level":"info","message":"📤 Published ride request RIDE-1746413675931-9mc4c5bc5 to Kafka","timestamp":"2025-05-05T02:54:36.009Z"}
{"level":"info","message":"🔎 ML response payload:","predicted_fare":39.3,"timestamp":"2025-05-05T02:54:36.762Z"}
{"level":"info","message":"📤 Published ride request RIDE-1746413676760-rtq376xam to Kafka","timestamp":"2025-05-05T02:54:36.880Z"}
{"level":"info","message":"🔎 ML response payload:","predicted_fare":47.59,"timestamp":"2025-05-05T02:54:37.817Z"}
{"level":"info","message":"📤 Published ride request RIDE-1746413677815-nmsyvlun9 to Kafka","timestamp":"2025-05-05T02:54:37.928Z"}
{"level":"info","message":"🔎 ML response payload:","predicted_fare":41.68,"timestamp":"2025-05-05T02:54:39.107Z"}
{"level":"info","message":"🔎 ML response payload:","predicted_fare":24.14,"timestamp":"2025-05-05T02:54:39.130Z"}
{"level":"info","message":"📤 Published ride request RIDE-1746413679105-w09vf8eq2 to Kafka","timestamp":"2025-05-05T02:54:39.184Z"}
{"level":"info","message":"📤 Published ride request RIDE-1746413679128-9onmni48e to Kafka","timestamp":"2025-05-05T02:54:39.206Z"}
{"level":"info","message":"🔎 ML response payload:","predicted_fare":31.17,"timestamp":"2025-05-05T02:54:40.428Z"}
{"level":"info","message":"🔎 ML response payload:","predicted_fare":17.66,"timestamp":"2025-05-05T02:54:40.429Z"}
{"level":"info","message":"📤 Published ride request RIDE-1746413680426-oflu6lcdv to Kafka","timestamp":"2025-05-05T02:54:40.548Z"}
{"level":"info","message":"📤 Published ride request RIDE-1746413680426-rz5f21n6u to Kafka","timestamp":"2025-05-05T02:54:40.548Z"}
{"level":"info","message":"🔎 ML response payload:","predicted_fare":50.85,"timestamp":"2025-05-05T02:54:41.407Z"}
{"level":"info","message":"🔎 ML response payload:","predicted_fare":20.06,"timestamp":"2025-05-05T02:54:41.408Z"}
{"level":"info","message":"🔎 ML response payload:","predicted_fare":20.15,"timestamp":"2025-05-05T02:54:41.419Z"}
{"level":"info","message":"📤 Published ride request RIDE-1746413681405-r0e0wiqjr to Kafka","timestamp":"2025-05-05T02:54:41.524Z"}
{"level":"info","message":"📤 Published ride request RIDE-1746413681405-np0f0xgmt to Kafka","timestamp":"2025-05-05T02:54:41.524Z"}
{"level":"info","message":"📤 Published ride request RIDE-1746413681417-5s3rfyo25 to Kafka","timestamp":"2025-05-05T02:54:41.524Z"}
{"level":"info","message":"🔎 ML response payload:","predicted_fare":46.01,"timestamp":"2025-05-05T02:54:42.400Z"}
{"level":"info","message":"🔎 ML response payload:","predicted_fare":53.3,"timestamp":"2025-05-05T02:54:42.401Z"}
{"level":"info","message":"🔎 ML response payload:","predicted_fare":26.71,"timestamp":"2025-05-05T02:54:42.415Z"}
{"level":"info","message":"📤 Published ride request RIDE-1746413682397-vpf1x27oo to Kafka","timestamp":"2025-05-05T02:54:42.473Z"}
{"level":"info","message":"📤 Published ride request RIDE-1746413682397-18ditd362 to Kafka","timestamp":"2025-05-05T02:54:42.477Z"}
{"level":"info","message":"📤 Published ride request RIDE-1746413682413-vze6u0w3v to Kafka","timestamp":"2025-05-05T02:54:42.570Z"}
{"level":"info","message":"🔎 ML response payload:","predicted_fare":25.24,"timestamp":"2025-05-05T02:54:43.573Z"}
{"level":"info","message":"📤 Published ride request RIDE-1746413683571-tbw6vkchj to Kafka","timestamp":"2025-05-05T02:54:43.695Z"}
{"level":"info","message":"🔎 ML response payload:","predicted_fare":31.44,"timestamp":"2025-05-05T02:54:45.086Z"}
{"level":"info","message":"📤 Published ride request RIDE-1746413685084-mmzczwu6n to Kafka","timestamp":"2025-05-05T02:54:45.192Z"}
{"level":"info","message":"🔎 ML response payload:","predicted_fare":41.65,"timestamp":"2025-05-05T02:54:46.808Z"}
{"level":"info","message":"📤 Published ride request RIDE-1746413686806-2yw54lbwj to Kafka","timestamp":"2025-05-05T02:54:46.885Z"}
{"level":"info","message":"🔎 ML response payload:","predicted_fare":54.34,"timestamp":"2025-05-05T02:54:48.233Z"}
{"level":"info","message":"🔎 ML response payload:","predicted_fare":28.34,"timestamp":"2025-05-05T02:54:48.247Z"}
{"level":"info","message":"📤 Published ride request RIDE-1746413688230-f6k0ouali to Kafka","timestamp":"2025-05-05T02:54:48.337Z"}
{"level":"info","message":"📤 Published ride request RIDE-1746413688245-sh4adxb8e to Kafka","timestamp":"2025-05-05T02:54:48.338Z"}
{"level":"info","message":"🔎 ML response payload:","predicted_fare":20.63,"timestamp":"2025-05-05T02:54:49.297Z"}
{"level":"info","message":"🔎 ML response payload:","predicted_fare":29.18,"timestamp":"2025-05-05T02:54:49.325Z"}
{"level":"info","message":"📤 Published ride request RIDE-1746413689295-ugikaw93l to Kafka","timestamp":"2025-05-05T02:54:49.461Z"}
{"level":"info","message":"📤 Published ride request RIDE-1746413689323-i6k2i0tpe to Kafka","timestamp":"2025-05-05T02:54:49.462Z"}
{"level":"info","message":"🔎 ML response payload:","predicted_fare":26.38,"timestamp":"2025-05-05T02:54:50.474Z"}
{"level":"info","message":"🔎 ML response payload:","predicted_fare":109.59,"timestamp":"2025-05-05T02:54:50.499Z"}
{"level":"info","message":"🔎 ML response payload:","predicted_fare":12.06,"timestamp":"2025-05-05T02:54:50.500Z"}
{"level":"info","message":"📤 Published ride request RIDE-1746413690472-a5jrqwwnc to Kafka","timestamp":"2025-05-05T02:54:50.550Z"}
{"level":"info","message":"📤 Published ride request RIDE-1746413690498-s9z98hmqa to Kafka","timestamp":"2025-05-05T02:54:50.573Z"}
{"level":"info","message":"📤 Published ride request RIDE-1746413690497-mm2c0vfy8 to Kafka","timestamp":"2025-05-05T02:54:50.576Z"}
{"level":"info","message":"🔎 ML response payload:","predicted_fare":-7.41,"timestamp":"2025-05-05T02:54:51.989Z"}
{"level":"info","message":"🔎 ML response payload:","predicted_fare":22.92,"timestamp":"2025-05-05T02:54:51.990Z"}
{"level":"info","message":"🔎 ML response payload:","predicted_fare":22.43,"timestamp":"2025-05-05T02:54:51.990Z"}
{"level":"info","message":"📤 Published ride request RIDE-1746413691987-6hiqfs4rl to Kafka","timestamp":"2025-05-05T02:54:52.083Z"}
{"level":"info","message":"📤 Published ride request RIDE-1746413691987-9utssacjm to Kafka","timestamp":"2025-05-05T02:54:52.089Z"}
{"level":"info","message":"📤 Published ride request RIDE-1746413691986-2hdbj1chi to Kafka","timestamp":"2025-05-05T02:54:52.089Z"}
{"level":"info","message":"🔎 ML response payload:","predicted_fare":17.63,"timestamp":"2025-05-05T02:54:53.654Z"}
{"level":"info","message":"🔎 ML response payload:","predicted_fare":24.21,"timestamp":"2025-05-05T02:54:53.726Z"}
{"level":"info","message":"🔎 ML response payload:","predicted_fare":50.49,"timestamp":"2025-05-05T02:54:53.727Z"}
{"level":"info","message":"📤 Published ride request RIDE-1746413693652-vojdnxehj to Kafka","timestamp":"2025-05-05T02:54:53.731Z"}
{"level":"info","message":"📤 Published ride request RIDE-1746413693724-j054u1jm7 to Kafka","timestamp":"2025-05-05T02:54:53.800Z"}
{"level":"info","message":"📤 Published ride request RIDE-1746413693724-duy099llc to Kafka","timestamp":"2025-05-05T02:54:53.803Z"}
{"level":"info","message":"🔎 ML response payload:","predicted_fare":4.17,"timestamp":"2025-05-05T02:54:55.488Z"}
{"level":"info","message":"📤 Published ride request RIDE-1746413695486-cyg3d3jqs to Kafka","timestamp":"2025-05-05T02:54:55.564Z"}
{"level":"info","message":"🔎 ML response payload:","predicted_fare":12.87,"timestamp":"2025-05-05T02:54:55.569Z"}
{"level":"info","message":"🔎 ML response payload:","predicted_fare":41.16,"timestamp":"2025-05-05T02:54:55.570Z"}
{"level":"info","message":"📤 Published ride request RIDE-1746413695567-88vieegjg to Kafka","timestamp":"2025-05-05T02:54:55.678Z"}
{"level":"info","message":"📤 Published ride request RIDE-1746413695567-celjiafsu to Kafka","timestamp":"2025-05-05T02:54:55.678Z"}
{"level":"info","message":"🔎 ML response payload:","predicted_fare":27.51,"timestamp":"2025-05-05T02:54:57.173Z"}
{"level":"info","message":"🔎 ML response payload:","predicted_fare":25.91,"timestamp":"2025-05-05T02:54:57.174Z"}
{"level":"info","message":"📤 Published ride request RIDE-1746413697171-4sfvtvla4 to Kafka","timestamp":"2025-05-05T02:54:57.322Z"}
{"level":"info","message":"📤 Published ride request RIDE-1746413697171-sz5mjnn3l to Kafka","timestamp":"2025-05-05T02:54:57.326Z"}
{"level":"info","message":"🔎 ML response payload:","predicted_fare":85.5,"timestamp":"2025-05-05T02:54:58.621Z"}
{"level":"info","message":"📤 Published ride request RIDE-1746413698619-p7v6b5w21 to Kafka","timestamp":"2025-05-05T02:54:58.698Z"}
{"level":"info","message":"🔎 ML response payload:","predicted_fare":36.06,"timestamp":"2025-05-05T02:55:00.328Z"}
{"level":"info","message":"📤 Published ride request RIDE-1746413700326-rmw86fmui to Kafka","timestamp":"2025-05-05T02:55:00.471Z"}
{"level":"info","message":"🔎 ML response payload:","predicted_fare":47.59,"timestamp":"2025-05-05T02:55:02.142Z"}
{"level":"info","message":"🔎 ML response payload:","predicted_fare":26.46,"timestamp":"2025-05-05T02:55:02.143Z"}
{"level":"info","message":"📤 Published ride request RIDE-1746413702140-zduhxexng to Kafka","timestamp":"2025-05-05T02:55:02.227Z"}
{"level":"info","message":"📤 Published ride request RIDE-1746413702140-yahqniglw to Kafka","timestamp":"2025-05-05T02:55:02.228Z"}
{"level":"info","message":"🔎 ML response payload:","predicted_fare":50.82,"timestamp":"2025-05-05T02:55:03.917Z"}
{"level":"info","message":"🔎 ML response payload:","predicted_fare":66.45,"timestamp":"2025-05-05T02:55:03.941Z"}
{"level":"info","message":"🔎 ML response payload:","predicted_fare":11.88,"timestamp":"2025-05-05T02:55:03.942Z"}
{"level":"info","message":"🔎 ML response payload:","predicted_fare":7.07,"timestamp":"2025-05-05T02:55:03.970Z"}
{"level":"info","message":"📤 Published ride request RIDE-1746413703916-gkiy9a0r2 to Kafka","timestamp":"2025-05-05T02:55:04.069Z"}
{"level":"info","message":"📤 Published ride request RIDE-1746413703939-rtsde86me to Kafka","timestamp":"2025-05-05T02:55:04.069Z"}
{"level":"info","message":"📤 Published ride request RIDE-1746413703939-8vsl5wgh0 to Kafka","timestamp":"2025-05-05T02:55:04.069Z"}
{"level":"info","message":"📤 Published ride request RIDE-1746413703969-3u8p8xflw to Kafka","timestamp":"2025-05-05T02:55:04.070Z"}
{"level":"info","message":"🔎 ML response payload:","predicted_fare":11.7,"timestamp":"2025-05-05T02:55:05.767Z"}
{"level":"info","message":"🔎 ML response payload:","predicted_fare":40.27,"timestamp":"2025-05-05T02:55:05.767Z"}
{"level":"info","message":"🔎 ML response payload:","predicted_fare":62.99,"timestamp":"2025-05-05T02:55:05.791Z"}
{"level":"info","message":"🔎 ML response payload:","predicted_fare":33.18,"timestamp":"2025-05-05T02:55:05.792Z"}
{"level":"info","message":"📤 Published ride request RIDE-1746413705765-709f5kx0r to Kafka","timestamp":"2025-05-05T02:55:05.840Z"}
{"level":"info","message":"📤 Published ride request RIDE-1746413705765-66q0k77gb to Kafka","timestamp":"2025-05-05T02:55:05.844Z"}
{"level":"info","message":"📤 Published ride request RIDE-1746413705789-ks26rp69c to Kafka","timestamp":"2025-05-05T02:55:05.867Z"}
{"level":"info","message":"📤 Published ride request RIDE-1746413705789-u96sl203d to Kafka","timestamp":"2025-05-05T02:55:05.867Z"}
{"level":"info","message":"🔎 ML response payload:","predicted_fare":8.76,"timestamp":"2025-05-05T02:55:07.533Z"}
{"level":"info","message":"🔎 ML response payload:","predicted_fare":72.51,"timestamp":"2025-05-05T02:55:07.534Z"}
{"level":"info","message":"🔎 ML response payload:","predicted_fare":18.42,"timestamp":"2025-05-05T02:55:07.534Z"}
{"level":"info","message":"🔎 ML response payload:","predicted_fare":19.3,"timestamp":"2025-05-05T02:55:07.570Z"}
{"level":"info","message":"🔎 ML response payload:","predicted_fare":12.15,"timestamp":"2025-05-05T02:55:07.570Z"}
{"level":"info","message":"📤 Published ride request RIDE-1746413707530-r895yx9s0 to Kafka","timestamp":"2025-05-05T02:55:07.607Z"}
{"level":"info","message":"📤 Published ride request RIDE-1746413707530-lyxl8k244 to Kafka","timestamp":"2025-05-05T02:55:07.610Z"}
{"level":"info","message":"📤 Published ride request RIDE-1746413707531-83dulq5hn to Kafka","timestamp":"2025-05-05T02:55:07.611Z"}
{"level":"info","message":"📤 Published ride request RIDE-1746413707568-quzx3x7ww to Kafka","timestamp":"2025-05-05T02:55:07.643Z"}
{"level":"info","message":"📤 Published ride request RIDE-1746413707568-i1kiwewzp to Kafka","timestamp":"2025-05-05T02:55:08.172Z"}
{"level":"info","message":"🔎 ML response payload:","predicted_fare":12.04,"timestamp":"2025-05-05T02:55:09.430Z"}
{"level":"info","message":"🔎 ML response payload:","predicted_fare":33.94,"timestamp":"2025-05-05T02:55:09.468Z"}
{"level":"info","message":"🔎 ML response payload:","predicted_fare":13.31,"timestamp":"2025-05-05T02:55:09.469Z"}
{"level":"info","message":"📤 Published ride request RIDE-1746413709429-1gkbh5grt to Kafka","timestamp":"2025-05-05T02:55:09.506Z"}
{"level":"info","message":"📤 Published ride request RIDE-1746413709466-a96yt9eme to Kafka","timestamp":"2025-05-05T02:55:09.541Z"}
{"level":"info","message":"📤 Published ride request RIDE-1746413709466-qgzesvotw to Kafka","timestamp":"2025-05-05T02:55:09.546Z"}
{"level":"info","message":"🔎 ML response payload:","predicted_fare":36.95,"timestamp":"2025-05-05T02:55:11.575Z"}
{"level":"info","message":"🔎 ML response payload:","predicted_fare":36.18,"timestamp":"2025-05-05T02:55:11.640Z"}
{"level":"info","message":"📤 Published ride request RIDE-1746413711573-wcdg0ehci to Kafka","timestamp":"2025-05-05T02:55:11.651Z"}
{"level":"info","message":"🔎 ML response payload:","predicted_fare":33.78,"timestamp":"2025-05-05T02:55:11.669Z"}
{"level":"info","message":"📤 Published ride request RIDE-1746413711638-el4uuq1u7 to Kafka","timestamp":"2025-05-05T02:55:11.713Z"}
{"level":"info","message":"📤 Published ride request RIDE-1746413711667-q1oevkwuu to Kafka","timestamp":"2025-05-05T02:55:11.746Z"}
{"level":"info","message":"🔎 ML response payload:","predicted_fare":16.62,"timestamp":"2025-05-05T02:55:13.729Z"}
{"level":"info","message":"📤 Published ride request RIDE-1746413713727-cew1xr72i to Kafka","timestamp":"2025-05-05T02:55:13.805Z"}
{"level":"info","message":"🔎 ML response payload:","predicted_fare":29.7,"timestamp":"2025-05-05T02:55:13.817Z"}
{"level":"info","message":"🔎 ML response payload:","predicted_fare":7.38,"timestamp":"2025-05-05T02:55:13.817Z"}
{"level":"info","message":"📤 Published ride request RIDE-1746413713815-dtj4wcffo to Kafka","timestamp":"2025-05-05T02:55:13.891Z"}
{"level":"info","message":"📤 Published ride request RIDE-1746413713814-1qkygoirh to Kafka","timestamp":"2025-05-05T02:55:13.895Z"}
{"level":"info","message":"🔎 ML response payload:","predicted_fare":8.33,"timestamp":"2025-05-05T02:55:15.576Z"}
{"level":"info","message":"🔎 ML response payload:","predicted_fare":32.12,"timestamp":"2025-05-05T02:55:15.643Z"}
{"level":"info","message":"🔎 ML response payload:","predicted_fare":37.6,"timestamp":"2025-05-05T02:55:15.668Z"}
{"level":"info","message":"📤 Published ride request RIDE-1746413715574-2fut4ch7v to Kafka","timestamp":"2025-05-05T02:55:15.705Z"}
{"level":"info","message":"📤 Published ride request RIDE-1746413715641-g21hqnrsj to Kafka","timestamp":"2025-05-05T02:55:15.722Z"}
{"level":"info","message":"📤 Published ride request RIDE-1746413715665-o7b1rxucq to Kafka","timestamp":"2025-05-05T02:55:15.752Z"}
{"level":"info","message":"🔎 ML response payload:","predicted_fare":15.46,"timestamp":"2025-05-05T02:55:17.134Z"}
{"level":"info","message":"📤 Published ride request RIDE-1746413717131-5o0f7a72x to Kafka","timestamp":"2025-05-05T02:55:17.250Z"}
{"level":"info","message":"🔎 ML response payload:","predicted_fare":23.57,"timestamp":"2025-05-05T02:55:17.365Z"}
{"level":"info","message":"🔎 ML response payload:","predicted_fare":22.07,"timestamp":"2025-05-05T02:55:17.366Z"}
{"level":"info","message":"📤 Published ride request RIDE-1746413717363-67htdnjko to Kafka","timestamp":"2025-05-05T02:55:17.440Z"}
{"level":"info","message":"📤 Published ride request RIDE-1746413717363-gtwvgyk9c to Kafka","timestamp":"2025-05-05T02:55:17.445Z"}
{"level":"info","message":"🔎 ML response payload:","predicted_fare":14.27,"timestamp":"2025-05-05T02:55:18.555Z"}
{"level":"info","message":"🔎 ML response payload:","predicted_fare":51.43,"timestamp":"2025-05-05T02:55:18.556Z"}
{"level":"info","message":"📤 Published ride request RIDE-1746413718553-0bux7de5l to Kafka","timestamp":"2025-05-05T02:55:18.629Z"}
{"level":"info","message":"📤 Published ride request RIDE-1746413718553-gwui1biqw to Kafka","timestamp":"2025-05-05T02:55:18.632Z"}
{"level":"info","message":"🔎 ML response payload:","predicted_fare":20.77,"timestamp":"2025-05-05T02:55:18.996Z"}
{"level":"info","message":"📤 Published ride request RIDE-1746413718995-5si0mweou to Kafka","timestamp":"2025-05-05T02:55:19.074Z"}
{"level":"info","message":"🔎 ML response payload:","predicted_fare":37.11,"timestamp":"2025-05-05T02:55:20.220Z"}
{"level":"info","message":"📤 Published ride request RIDE-1746413720217-f48sdsimj to Kafka","timestamp":"2025-05-05T02:55:20.320Z"}
{"level":"info","message":"🔎 ML response payload:","predicted_fare":12.39,"timestamp":"2025-05-05T02:55:20.752Z"}
{"level":"info","message":"📤 Published ride request RIDE-1746413720750-gcaprv6nm to Kafka","timestamp":"2025-05-05T02:55:20.850Z"}
{"level":"info","message":"🔎 ML response payload:","predicted_fare":33.99,"timestamp":"2025-05-05T02:55:20.965Z"}
{"level":"info","message":"📤 Published ride request RIDE-1746413720963-5rvu42myc to Kafka","timestamp":"2025-05-05T02:55:21.046Z"}
{"level":"info","message":"🔎 ML response payload:","predicted_fare":22.69,"timestamp":"2025-05-05T02:55:21.183Z"}
{"level":"info","message":"📤 Published ride request RIDE-1746413721181-cj8z090tk to Kafka","timestamp":"2025-05-05T02:55:21.261Z"}
{"level":"info","message":"🔎 ML response payload:","predicted_fare":17.97,"timestamp":"2025-05-05T02:55:21.399Z"}
{"level":"info","message":"📤 Published ride request RIDE-1746413721397-817a6x8n6 to Kafka","timestamp":"2025-05-05T02:55:21.476Z"}
{"level":"info","message":"🔎 ML response payload:","predicted_fare":32.72,"timestamp":"2025-05-05T02:55:21.614Z"}
{"level":"info","message":"📤 Published ride request RIDE-1746413721612-36esxiaf4 to Kafka","timestamp":"2025-05-05T02:55:21.691Z"}
{"level":"info","message":"🔎 ML response payload:","predicted_fare":17.82,"timestamp":"2025-05-05T02:55:21.840Z"}
{"level":"info","message":"🔎 ML response payload:","predicted_fare":27.76,"timestamp":"2025-05-05T02:55:21.946Z"}
{"level":"info","message":"🔎 ML response payload:","predicted_fare":25.6,"timestamp":"2025-05-05T02:55:21.962Z"}
{"level":"info","message":"📤 Published ride request RIDE-1746413721838-yym0x027b to Kafka","timestamp":"2025-05-05T02:55:21.969Z"}
{"level":"info","message":"📤 Published ride request RIDE-1746413721944-p1xr25f1s to Kafka","timestamp":"2025-05-05T02:55:22.018Z"}
{"level":"info","message":"📤 Published ride request RIDE-1746413721959-dykeg5mt6 to Kafka","timestamp":"2025-05-05T02:55:22.039Z"}
{"level":"info","message":"🔎 ML response payload:","predicted_fare":45.05,"timestamp":"2025-05-05T02:55:27.663Z"}
{"level":"info","message":"📤 Published ride request RIDE-1746413727661-syfhklhux to Kafka","timestamp":"2025-05-05T02:55:27.740Z"}
{"level":"info","message":"🔎 ML response payload:","predicted_fare":32.14,"timestamp":"2025-05-05T02:55:30.356Z"}
{"level":"info","message":"🔎 ML response payload:","predicted_fare":16.58,"timestamp":"2025-05-05T02:55:30.357Z"}
{"level":"info","message":"🔎 ML response payload:","predicted_fare":26.63,"timestamp":"2025-05-05T02:55:30.362Z"}
{"level":"info","message":"🔎 ML response payload:","predicted_fare":23.93,"timestamp":"2025-05-05T02:55:30.363Z"}
{"level":"info","message":"🔎 ML response payload:","predicted_fare":37.71,"timestamp":"2025-05-05T02:55:30.364Z"}
{"level":"info","message":"🔎 ML response payload:","predicted_fare":10.41,"timestamp":"2025-05-05T02:55:30.364Z"}
{"level":"info","message":"🔎 ML response payload:","predicted_fare":21.29,"timestamp":"2025-05-05T02:55:30.366Z"}
{"level":"info","message":"🔎 ML response payload:","predicted_fare":72.12,"timestamp":"2025-05-05T02:55:30.367Z"}
{"level":"info","message":"🔎 ML response payload:","predicted_fare":19.85,"timestamp":"2025-05-05T02:55:30.368Z"}
{"level":"info","message":"🔎 ML response payload:","predicted_fare":28.79,"timestamp":"2025-05-05T02:55:30.371Z"}
{"level":"info","message":"🔎 ML response payload:","predicted_fare":31.84,"timestamp":"2025-05-05T02:55:30.372Z"}
{"level":"info","message":"🔎 ML response payload:","predicted_fare":70.55,"timestamp":"2025-05-05T02:55:30.373Z"}
{"level":"info","message":"🔎 ML response payload:","predicted_fare":48.31,"timestamp":"2025-05-05T02:55:30.373Z"}
{"level":"info","message":"🔎 ML response payload:","predicted_fare":30,"timestamp":"2025-05-05T02:55:30.373Z"}
{"level":"info","message":"🔎 ML response payload:","predicted_fare":24.42,"timestamp":"2025-05-05T02:55:30.374Z"}
{"level":"info","message":"🔎 ML response payload:","predicted_fare":24.02,"timestamp":"2025-05-05T02:55:30.374Z"}
{"level":"info","message":"🔎 ML response payload:","predicted_fare":11.52,"timestamp":"2025-05-05T02:55:30.374Z"}
{"level":"info","message":"🔎 ML response payload:","predicted_fare":66.19,"timestamp":"2025-05-05T02:55:30.375Z"}
{"level":"info","message":"📤 Published ride request RIDE-1746413730348-r0lln5d35 to Kafka","timestamp":"2025-05-05T02:55:30.432Z"}
{"level":"info","message":"📤 Published ride request RIDE-1746413730348-ulesuuth5 to Kafka","timestamp":"2025-05-05T02:55:30.433Z"}
{"level":"info","message":"📤 Published ride request RIDE-1746413730350-edhdh5q8r to Kafka","timestamp":"2025-05-05T02:55:30.438Z"}
{"level":"info","message":"📤 Published ride request RIDE-1746413730350-xdb4dhg2b to Kafka","timestamp":"2025-05-05T02:55:30.444Z"}
{"level":"info","message":"📤 Published ride request RIDE-1746413730350-re3se0kz9 to Kafka","timestamp":"2025-05-05T02:55:30.445Z"}
{"level":"info","message":"📤 Published ride request RIDE-1746413730354-dzpguxdxa to Kafka","timestamp":"2025-05-05T02:55:30.506Z"}
{"level":"info","message":"📤 Published ride request RIDE-1746413730351-4oocbtgn5 to Kafka","timestamp":"2025-05-05T02:55:30.511Z"}
{"level":"info","message":"📤 Published ride request RIDE-1746413730354-2d7nl5z7r to Kafka","timestamp":"2025-05-05T02:55:30.517Z"}
{"level":"info","message":"📤 Published ride request RIDE-1746413730351-msc1btrle to Kafka","timestamp":"2025-05-05T02:55:30.525Z"}
{"level":"info","message":"📤 Published ride request RIDE-1746413730352-u72x31cql to Kafka","timestamp":"2025-05-05T02:55:30.525Z"}
{"level":"info","message":"📤 Published ride request RIDE-1746413730365-sxamqqjoi to Kafka","timestamp":"2025-05-05T02:55:30.579Z"}
{"level":"info","message":"📤 Published ride request RIDE-1746413730357-xm24uz58q to Kafka","timestamp":"2025-05-05T02:55:30.588Z"}
{"level":"info","message":"📤 Published ride request RIDE-1746413730355-iplstk4cp to Kafka","timestamp":"2025-05-05T02:55:30.590Z"}
{"level":"info","message":"📤 Published ride request RIDE-1746413730363-e22ptjkaf to Kafka","timestamp":"2025-05-05T02:55:30.607Z"}
{"level":"info","message":"📤 Published ride request RIDE-1746413730353-bydpixx4w to Kafka","timestamp":"2025-05-05T02:55:30.607Z"}
{"level":"info","message":"📤 Published ride request RIDE-1746413730358-x6wl0z3pu to Kafka","timestamp":"2025-05-05T02:55:30.659Z"}
{"level":"info","message":"📤 Published ride request RIDE-1746413730356-0hgimyjk8 to Kafka","timestamp":"2025-05-05T02:55:30.947Z"}
{"level":"info","message":"📤 Published ride request RIDE-1746413730350-mfxazejkp to Kafka","timestamp":"2025-05-05T02:55:30.954Z"}
{"level":"info","message":"🔎 ML response payload:","predicted_fare":38.25,"timestamp":"2025-05-05T02:55:32.829Z"}
{"level":"info","message":"🔎 ML response payload:","predicted_fare":16.23,"timestamp":"2025-05-05T02:55:32.831Z"}
{"level":"info","message":"🔎 ML response payload:","predicted_fare":32.56,"timestamp":"2025-05-05T02:55:32.834Z"}
{"level":"info","message":"🔎 ML response payload:","predicted_fare":5.71,"timestamp":"2025-05-05T02:55:32.835Z"}
{"level":"info","message":"🔎 ML response payload:","predicted_fare":-0.84,"timestamp":"2025-05-05T02:55:32.837Z"}
{"level":"info","message":"🔎 ML response payload:","predicted_fare":43.04,"timestamp":"2025-05-05T02:55:32.837Z"}
{"level":"info","message":"🔎 ML response payload:","predicted_fare":28.18,"timestamp":"2025-05-05T02:55:32.839Z"}
{"level":"info","message":"🔎 ML response payload:","predicted_fare":46,"timestamp":"2025-05-05T02:55:32.841Z"}
{"level":"info","message":"🔎 ML response payload:","predicted_fare":52.09,"timestamp":"2025-05-05T02:55:32.842Z"}
{"level":"info","message":"🔎 ML response payload:","predicted_fare":16.79,"timestamp":"2025-05-05T02:55:32.842Z"}
{"level":"info","message":"🔎 ML response payload:","predicted_fare":59.73,"timestamp":"2025-05-05T02:55:32.843Z"}
{"level":"info","message":"🔎 ML response payload:","predicted_fare":33.17,"timestamp":"2025-05-05T02:55:32.843Z"}
{"level":"info","message":"🔎 ML response payload:","predicted_fare":-19.88,"timestamp":"2025-05-05T02:55:32.844Z"}
{"level":"info","message":"🔎 ML response payload:","predicted_fare":0.61,"timestamp":"2025-05-05T02:55:32.844Z"}
{"level":"info","message":"🔎 ML response payload:","predicted_fare":30.34,"timestamp":"2025-05-05T02:55:32.844Z"}
{"level":"info","message":"🔎 ML response payload:","predicted_fare":19.51,"timestamp":"2025-05-05T02:55:32.844Z"}
{"level":"info","message":"🔎 ML response payload:","predicted_fare":17.35,"timestamp":"2025-05-05T02:55:32.844Z"}
{"level":"info","message":"🔎 ML response payload:","predicted_fare":28.29,"timestamp":"2025-05-05T02:55:32.845Z"}
{"level":"info","message":"📤 Published ride request RIDE-1746413732828-le0wv1lzc to Kafka","timestamp":"2025-05-05T02:55:32.976Z"}
{"level":"info","message":"📤 Published ride request RIDE-1746413732830-67ds4a1bp to Kafka","timestamp":"2025-05-05T02:55:32.976Z"}
{"level":"info","message":"📤 Published ride request RIDE-1746413732831-zmooae9gi to Kafka","timestamp":"2025-05-05T02:55:32.977Z"}
{"level":"info","message":"📤 Published ride request RIDE-1746413732831-xiy0mz92n to Kafka","timestamp":"2025-05-05T02:55:32.979Z"}
{"level":"info","message":"📤 Published ride request RIDE-1746413732830-tkzr7l6sj to Kafka","timestamp":"2025-05-05T02:55:32.980Z"}
{"level":"info","message":"📤 Published ride request RIDE-1746413732827-cxz74ebfl to Kafka","timestamp":"2025-05-05T02:55:32.980Z"}
{"level":"info","message":"📤 Published ride request RIDE-1746413732834-19b5kz0ih to Kafka","timestamp":"2025-05-05T02:55:32.981Z"}
{"level":"info","message":"📤 Published ride request RIDE-1746413732833-sd9mt7n4e to Kafka","timestamp":"2025-05-05T02:55:33.050Z"}
{"level":"info","message":"📤 Published ride request RIDE-1746413732836-4h49kg5mu to Kafka","timestamp":"2025-05-05T02:55:33.050Z"}
{"level":"info","message":"📤 Published ride request RIDE-1746413732831-6v1cqa224 to Kafka","timestamp":"2025-05-05T02:55:33.050Z"}
{"level":"info","message":"📤 Published ride request RIDE-1746413732836-4n87bg3qj to Kafka","timestamp":"2025-05-05T02:55:33.057Z"}
{"level":"info","message":"📤 Published ride request RIDE-1746413732839-dxgr81s2m to Kafka","timestamp":"2025-05-05T02:55:33.058Z"}
{"level":"info","message":"📤 Published ride request RIDE-1746413732838-7xp85vi21 to Kafka","timestamp":"2025-05-05T02:55:33.059Z"}
{"level":"info","message":"📤 Published ride request RIDE-1746413732837-t10xxkizm to Kafka","timestamp":"2025-05-05T02:55:33.059Z"}
{"level":"info","message":"📤 Published ride request RIDE-1746413732837-av75ybmcv to Kafka","timestamp":"2025-05-05T02:55:33.125Z"}
{"level":"info","message":"📤 Published ride request RIDE-1746413732839-zrabsjh16 to Kafka","timestamp":"2025-05-05T02:55:33.125Z"}
{"level":"info","message":"📤 Published ride request RIDE-1746413732833-0g03jwwt8 to Kafka","timestamp":"2025-05-05T02:55:33.426Z"}
{"level":"info","message":"📤 Published ride request RIDE-1746413732835-de8079a6r to Kafka","timestamp":"2025-05-05T02:55:33.426Z"}
{"level":"info","message":"🔎 ML response payload:","predicted_fare":97.68,"timestamp":"2025-05-05T02:55:36.726Z"}
{"level":"info","message":"🔎 ML response payload:","predicted_fare":14.51,"timestamp":"2025-05-05T02:55:36.766Z"}
{"level":"info","message":"🔎 ML response payload:","predicted_fare":26.74,"timestamp":"2025-05-05T02:55:36.767Z"}
{"level":"info","message":"📤 Published ride request RIDE-1746413736724-1aquugdcs to Kafka","timestamp":"2025-05-05T02:55:36.803Z"}
{"level":"info","message":"🔎 ML response payload:","predicted_fare":27.21,"timestamp":"2025-05-05T02:55:36.806Z"}
{"level":"info","message":"🔎 ML response payload:","predicted_fare":13.81,"timestamp":"2025-05-05T02:55:36.806Z"}
{"level":"info","message":"🔎 ML response payload:","predicted_fare":41.81,"timestamp":"2025-05-05T02:55:36.807Z"}
{"level":"info","message":"📤 Published ride request RIDE-1746413736764-x9z0qdgqv to Kafka","timestamp":"2025-05-05T02:55:36.841Z"}
{"level":"info","message":"📤 Published ride request RIDE-1746413736765-3dd5zr1zu to Kafka","timestamp":"2025-05-05T02:55:36.844Z"}
{"level":"info","message":"📤 Published ride request RIDE-1746413736804-ru83cfynl to Kafka","timestamp":"2025-05-05T02:55:36.882Z"}
{"level":"info","message":"📤 Published ride request RIDE-1746413736804-07bzppxrk to Kafka","timestamp":"2025-05-05T02:55:36.883Z"}
{"level":"info","message":"📤 Published ride request RIDE-1746413736804-s3yeenaff to Kafka","timestamp":"2025-05-05T02:55:36.885Z"}
{"level":"info","message":"🔎 ML response payload:","predicted_fare":7.53,"timestamp":"2025-05-05T02:55:39.993Z"}
{"level":"info","message":"🔎 ML response payload:","predicted_fare":40.43,"timestamp":"2025-05-05T02:55:39.994Z"}
{"level":"info","message":"📤 Published ride request RIDE-1746413739991-d6pwl3fo6 to Kafka","timestamp":"2025-05-05T02:55:40.071Z"}
{"level":"info","message":"📤 Published ride request RIDE-1746413739992-pr47fexb0 to Kafka","timestamp":"2025-05-05T02:55:40.072Z"}
{"level":"info","message":"🔎 ML response payload:","predicted_fare":62.75,"timestamp":"2025-05-05T02:55:40.122Z"}
{"level":"info","message":"🔎 ML response payload:","predicted_fare":45,"timestamp":"2025-05-05T02:55:40.123Z"}
{"level":"info","message":"📤 Published ride request RIDE-1746413740120-iiimayvqn to Kafka","timestamp":"2025-05-05T02:55:40.243Z"}
{"level":"info","message":"📤 Published ride request RIDE-1746413740120-0nae87oyv to Kafka","timestamp":"2025-05-05T02:55:40.243Z"}
{"level":"info","message":"🔎 ML response payload:","predicted_fare":19.6,"timestamp":"2025-05-05T02:55:41.816Z"}
{"level":"info","message":"🔎 ML response payload:","predicted_fare":79.72,"timestamp":"2025-05-05T02:55:41.816Z"}
{"level":"info","message":"🔎 ML response payload:","predicted_fare":37.23,"timestamp":"2025-05-05T02:55:41.817Z"}
{"level":"info","message":"🔎 ML response payload:","predicted_fare":38.8,"timestamp":"2025-05-05T02:55:41.849Z"}
{"level":"info","message":"🔎 ML response payload:","predicted_fare":54.36,"timestamp":"2025-05-05T02:55:41.894Z"}
{"level":"info","message":"🔎 ML response payload:","predicted_fare":36.57,"timestamp":"2025-05-05T02:55:41.894Z"}
{"level":"info","message":"📤 Published ride request RIDE-1746413741813-1qyiakxea to Kafka","timestamp":"2025-05-05T02:55:41.895Z"}
{"level":"info","message":"📤 Published ride request RIDE-1746413741813-7872vljlq to Kafka","timestamp":"2025-05-05T02:55:41.895Z"}
{"level":"info","message":"📤 Published ride request RIDE-1746413741813-fbisy4i6j to Kafka","timestamp":"2025-05-05T02:55:41.895Z"}
{"level":"info","message":"🔎 ML response payload:","predicted_fare":38.46,"timestamp":"2025-05-05T02:55:41.906Z"}
{"level":"info","message":"📤 Published ride request RIDE-1746413741847-vxm44k3xx to Kafka","timestamp":"2025-05-05T02:55:41.925Z"}
{"level":"info","message":"📤 Published ride request RIDE-1746413741891-l6fnknd6l to Kafka","timestamp":"2025-05-05T02:55:41.967Z"}
{"level":"info","message":"📤 Published ride request RIDE-1746413741891-yeja0vhfk to Kafka","timestamp":"2025-05-05T02:55:41.971Z"}
{"level":"info","message":"📤 Published ride request RIDE-1746413741905-ybxsiv0u0 to Kafka","timestamp":"2025-05-05T02:55:41.983Z"}
{"level":"info","message":"🔎 ML response payload:","predicted_fare":26.61,"timestamp":"2025-05-05T02:55:45.320Z"}
{"level":"info","message":"🔎 ML response payload:","predicted_fare":24.24,"timestamp":"2025-05-05T02:55:45.320Z"}
{"level":"info","message":"📤 Published ride request RIDE-1746413745317-e56hhkche to Kafka","timestamp":"2025-05-05T02:55:45.397Z"}
{"level":"info","message":"📤 Published ride request RIDE-1746413745317-kmn4xyshd to Kafka","timestamp":"2025-05-05T02:55:45.485Z"}
{"level":"info","message":"🔎 ML response payload:","predicted_fare":8.38,"timestamp":"2025-05-05T02:55:51.733Z"}
{"level":"info","message":"🔎 ML response payload:","predicted_fare":20.55,"timestamp":"2025-05-05T02:55:51.734Z"}
{"level":"info","message":"🔎 ML response payload:","predicted_fare":55.49,"timestamp":"2025-05-05T02:55:51.735Z"}
{"level":"info","message":"🔎 ML response payload:","predicted_fare":108.91,"timestamp":"2025-05-05T02:55:51.736Z"}
{"level":"info","message":"🔎 ML response payload:","predicted_fare":9.72,"timestamp":"2025-05-05T02:55:51.736Z"}
{"level":"info","message":"🔎 ML response payload:","predicted_fare":13.82,"timestamp":"2025-05-05T02:55:51.736Z"}
{"level":"info","message":"🔎 ML response payload:","predicted_fare":31.7,"timestamp":"2025-05-05T02:55:51.737Z"}
{"level":"info","message":"📤 Published ride request RIDE-1746413751729-6j03teezh to Kafka","timestamp":"2025-05-05T02:55:51.850Z"}
{"level":"info","message":"📤 Published ride request RIDE-1746413751730-932r6vt0x to Kafka","timestamp":"2025-05-05T02:55:51.850Z"}
{"level":"info","message":"📤 Published ride request RIDE-1746413751729-uxl1b6xcb to Kafka","timestamp":"2025-05-05T02:55:51.854Z"}
{"level":"info","message":"📤 Published ride request RIDE-1746413751729-7nrojmzdj to Kafka","timestamp":"2025-05-05T02:55:51.854Z"}
{"level":"info","message":"📤 Published ride request RIDE-1746413751730-w1whwr7sp to Kafka","timestamp":"2025-05-05T02:55:51.855Z"}
{"level":"info","message":"📤 Published ride request RIDE-1746413751730-atz381k6y to Kafka","timestamp":"2025-05-05T02:55:51.856Z"}
{"level":"info","message":"📤 Published ride request RIDE-1746413751728-mhfa8p05u to Kafka","timestamp":"2025-05-05T02:55:51.856Z"}
{"level":"info","message":"🔎 ML response payload:","predicted_fare":60.23,"timestamp":"2025-05-05T02:55:53.328Z"}
{"level":"info","message":"🔎 ML response payload:","predicted_fare":29.09,"timestamp":"2025-05-05T02:55:53.329Z"}
{"level":"info","message":"🔎 ML response payload:","predicted_fare":37.92,"timestamp":"2025-05-05T02:55:53.329Z"}
{"level":"info","message":"🔎 ML response payload:","predicted_fare":8.43,"timestamp":"2025-05-05T02:55:53.332Z"}
{"level":"info","message":"🔎 ML response payload:","predicted_fare":12.38,"timestamp":"2025-05-05T02:55:53.332Z"}
{"level":"info","message":"🔎 ML response payload:","predicted_fare":70.55,"timestamp":"2025-05-05T02:55:53.333Z"}
{"level":"info","message":"🔎 ML response payload:","predicted_fare":122.39,"timestamp":"2025-05-05T02:55:53.334Z"}
{"level":"info","message":"🔎 ML response payload:","predicted_fare":31.43,"timestamp":"2025-05-05T02:55:53.335Z"}
{"level":"info","message":"🔎 ML response payload:","predicted_fare":31.78,"timestamp":"2025-05-05T02:55:53.335Z"}
{"level":"info","message":"📤 Published ride request RIDE-1746413753330-n641m7keh to Kafka","timestamp":"2025-05-05T02:55:53.422Z"}
{"level":"info","message":"📤 Published ride request RIDE-1746413753327-3bwhx02z9 to Kafka","timestamp":"2025-05-05T02:55:53.422Z"}
{"level":"info","message":"📤 Published ride request RIDE-1746413753330-eqvt90ohw to Kafka","timestamp":"2025-05-05T02:55:53.422Z"}
{"level":"info","message":"📤 Published ride request RIDE-1746413753326-o6400p7ks to Kafka","timestamp":"2025-05-05T02:55:53.426Z"}
{"level":"info","message":"📤 Published ride request RIDE-1746413753325-roa1na38u to Kafka","timestamp":"2025-05-05T02:55:53.427Z"}
{"level":"info","message":"📤 Published ride request RIDE-1746413753325-o2i47wpxz to Kafka","timestamp":"2025-05-05T02:55:53.427Z"}
{"level":"info","message":"📤 Published ride request RIDE-1746413753328-za18br5dg to Kafka","timestamp":"2025-05-05T02:55:53.427Z"}
{"level":"info","message":"📤 Published ride request RIDE-1746413753326-zngc9boz3 to Kafka","timestamp":"2025-05-05T02:55:53.428Z"}
{"level":"info","message":"📤 Published ride request RIDE-1746413753327-iqa9wq05n to Kafka","timestamp":"2025-05-05T02:55:53.429Z"}
{"level":"info","message":"🔎 ML response payload:","predicted_fare":109.43,"timestamp":"2025-05-05T02:55:54.625Z"}
{"level":"info","message":"📤 Published ride request RIDE-1746413754624-35xwq0x4r to Kafka","timestamp":"2025-05-05T02:55:54.702Z"}
{"level":"info","message":"🔎 ML response payload:","predicted_fare":27.3,"timestamp":"2025-05-05T02:55:56.879Z"}
{"level":"info","message":"🔎 ML response payload:","predicted_fare":5.09,"timestamp":"2025-05-05T02:55:56.881Z"}
{"level":"info","message":"🔎 ML response payload:","predicted_fare":30.94,"timestamp":"2025-05-05T02:55:56.882Z"}
{"level":"info","message":"🔎 ML response payload:","predicted_fare":36.26,"timestamp":"2025-05-05T02:55:56.882Z"}
{"level":"info","message":"🔎 ML response payload:","predicted_fare":49.75,"timestamp":"2025-05-05T02:55:56.883Z"}
{"level":"info","message":"🔎 ML response payload:","predicted_fare":13.15,"timestamp":"2025-05-05T02:55:56.883Z"}
{"level":"info","message":"📤 Published ride request RIDE-1746413756876-kf251lfvw to Kafka","timestamp":"2025-05-05T02:55:57.020Z"}
{"level":"info","message":"📤 Published ride request RIDE-1746413756877-zqps7c1tl to Kafka","timestamp":"2025-05-05T02:55:57.020Z"}
{"level":"info","message":"📤 Published ride request RIDE-1746413756877-p10wanrst to Kafka","timestamp":"2025-05-05T02:55:57.020Z"}
{"level":"info","message":"📤 Published ride request RIDE-1746413756878-uc5hcke98 to Kafka","timestamp":"2025-05-05T02:55:57.020Z"}
{"level":"info","message":"📤 Published ride request RIDE-1746413756878-56uev9nnz to Kafka","timestamp":"2025-05-05T02:55:57.020Z"}
{"level":"info","message":"📤 Published ride request RIDE-1746413756878-6ymjkdutl to Kafka","timestamp":"2025-05-05T02:55:57.021Z"}
{"level":"info","message":"🔎 ML response payload:","predicted_fare":57.4,"timestamp":"2025-05-05T02:55:59.817Z"}
{"level":"info","message":"📤 Published ride request RIDE-1746413759816-x531rj6tp to Kafka","timestamp":"2025-05-05T02:55:59.894Z"}
{"level":"info","message":"🔎 ML response payload:","predicted_fare":20.06,"timestamp":"2025-05-05T02:56:08.190Z"}
{"level":"info","message":"🔎 ML response payload:","predicted_fare":14.61,"timestamp":"2025-05-05T02:56:08.191Z"}
{"level":"info","message":"🔎 ML response payload:","predicted_fare":23.55,"timestamp":"2025-05-05T02:56:08.192Z"}
{"level":"info","message":"🔎 ML response payload:","predicted_fare":111.21,"timestamp":"2025-05-05T02:56:08.192Z"}
{"level":"info","message":"🔎 ML response payload:","predicted_fare":6.55,"timestamp":"2025-05-05T02:56:08.193Z"}
{"level":"info","message":"📤 Published ride request RIDE-1746413768184-gub0lk4lh to Kafka","timestamp":"2025-05-05T02:56:08.267Z"}
{"level":"info","message":"📤 Published ride request RIDE-1746413768184-n8kow1ab8 to Kafka","timestamp":"2025-05-05T02:56:08.268Z"}
{"level":"info","message":"📤 Published ride request RIDE-1746413768186-4tpy2elxz to Kafka","timestamp":"2025-05-05T02:56:08.269Z"}
{"level":"info","message":"📤 Published ride request RIDE-1746413768185-ywubu37y1 to Kafka","timestamp":"2025-05-05T02:56:08.269Z"}
{"level":"info","message":"📤 Published ride request RIDE-1746413768185-0he8shra9 to Kafka","timestamp":"2025-05-05T02:56:08.270Z"}
{"level":"info","message":"🔎 ML response payload:","predicted_fare":38.74,"timestamp":"2025-05-05T02:56:10.219Z"}
{"level":"info","message":"🔎 ML response payload:","predicted_fare":43.4,"timestamp":"2025-05-05T02:56:10.221Z"}
{"level":"info","message":"🔎 ML response payload:","predicted_fare":24.39,"timestamp":"2025-05-05T02:56:10.222Z"}
{"level":"info","message":"🔎 ML response payload:","predicted_fare":21.78,"timestamp":"2025-05-05T02:56:10.222Z"}
{"level":"info","message":"🔎 ML response payload:","predicted_fare":21.83,"timestamp":"2025-05-05T02:56:10.223Z"}
{"level":"info","message":"📤 Published ride request RIDE-1746413770217-gyek43s4g to Kafka","timestamp":"2025-05-05T02:56:10.298Z"}
{"level":"info","message":"📤 Published ride request RIDE-1746413770217-ir4zn6lq2 to Kafka","timestamp":"2025-05-05T02:56:10.300Z"}
{"level":"info","message":"📤 Published ride request RIDE-1746413770218-rqcd3p2cj to Kafka","timestamp":"2025-05-05T02:56:10.300Z"}
{"level":"info","message":"📤 Published ride request RIDE-1746413770217-qaadvej8c to Kafka","timestamp":"2025-05-05T02:56:10.301Z"}
{"level":"info","message":"📤 Published ride request RIDE-1746413770218-q7fztagv6 to Kafka","timestamp":"2025-05-05T02:56:10.301Z"}
{"level":"info","message":"🔎 ML response payload:","predicted_fare":6.87,"timestamp":"2025-05-05T02:56:12.389Z"}
{"level":"info","message":"📤 Published ride request RIDE-1746413772387-l73h0t3ke to Kafka","timestamp":"2025-05-05T02:56:12.470Z"}
{"level":"info","message":"🔎 ML response payload:","predicted_fare":9.38,"timestamp":"2025-05-05T02:56:15.028Z"}
{"level":"info","message":"🔎 ML response payload:","predicted_fare":30.5,"timestamp":"2025-05-05T02:56:15.030Z"}
{"level":"info","message":"🔎 ML response payload:","predicted_fare":11.8,"timestamp":"2025-05-05T02:56:15.030Z"}
{"level":"info","message":"🔎 ML response payload:","predicted_fare":15.28,"timestamp":"2025-05-05T02:56:15.032Z"}
{"level":"info","message":"🔎 ML response payload:","predicted_fare":3.75,"timestamp":"2025-05-05T02:56:15.032Z"}
{"level":"info","message":"🔎 ML response payload:","predicted_fare":11.96,"timestamp":"2025-05-05T02:56:15.035Z"}
{"level":"info","message":"🔎 ML response payload:","predicted_fare":11.87,"timestamp":"2025-05-05T02:56:15.037Z"}
{"level":"info","message":"🔎 ML response payload:","predicted_fare":11.01,"timestamp":"2025-05-05T02:56:15.038Z"}
{"level":"info","message":"🔎 ML response payload:","predicted_fare":22.8,"timestamp":"2025-05-05T02:56:15.038Z"}
{"level":"info","message":"🔎 ML response payload:","predicted_fare":13.08,"timestamp":"2025-05-05T02:56:15.039Z"}
{"level":"info","message":"📤 Published ride request RIDE-1746413775026-j3akdbokl to Kafka","timestamp":"2025-05-05T02:56:15.106Z"}
{"level":"info","message":"📤 Published ride request RIDE-1746413775027-2h4kha4lc to Kafka","timestamp":"2025-05-05T02:56:15.107Z"}
{"level":"info","message":"📤 Published ride request RIDE-1746413775027-ka6lj8vog to Kafka","timestamp":"2025-05-05T02:56:15.107Z"}
{"level":"info","message":"📤 Published ride request RIDE-1746413775028-meo4k1qv1 to Kafka","timestamp":"2025-05-05T02:56:15.112Z"}
{"level":"info","message":"📤 Published ride request RIDE-1746413775028-hhxavagr3 to Kafka","timestamp":"2025-05-05T02:56:15.112Z"}
{"level":"info","message":"📤 Published ride request RIDE-1746413775033-hx4qxgxsf to Kafka","timestamp":"2025-05-05T02:56:15.112Z"}
{"level":"info","message":"📤 Published ride request RIDE-1746413775034-5ztede1ov to Kafka","timestamp":"2025-05-05T02:56:15.113Z"}
{"level":"info","message":"📤 Published ride request RIDE-1746413775033-v6ck55l7b to Kafka","timestamp":"2025-05-05T02:56:15.113Z"}
{"level":"info","message":"📤 Published ride request RIDE-1746413775034-g86e7nfhz to Kafka","timestamp":"2025-05-05T02:56:15.113Z"}
{"level":"info","message":"📤 Published ride request RIDE-1746413775035-non84h9px to Kafka","timestamp":"2025-05-05T02:56:15.586Z"}
{"level":"info","message":"🔎 ML response payload:","predicted_fare":38.1,"timestamp":"2025-05-05T02:56:18.244Z"}
{"level":"info","message":"🔎 ML response payload:","predicted_fare":15.41,"timestamp":"2025-05-05T02:56:18.246Z"}
{"level":"info","message":"🔎 ML response payload:","predicted_fare":47.99,"timestamp":"2025-05-05T02:56:18.246Z"}
{"level":"info","message":"🔎 ML response payload:","predicted_fare":80.23,"timestamp":"2025-05-05T02:56:18.247Z"}
{"level":"info","message":"📤 Published ride request RIDE-1746413778241-sdey8ve8o to Kafka","timestamp":"2025-05-05T02:56:18.321Z"}
{"level":"info","message":"📤 Published ride request RIDE-1746413778242-zyh03972b to Kafka","timestamp":"2025-05-05T02:56:18.321Z"}
{"level":"info","message":"📤 Published ride request RIDE-1746413778242-63n2cah7j to Kafka","timestamp":"2025-05-05T02:56:18.322Z"}
{"level":"info","message":"📤 Published ride request RIDE-1746413778242-q7ikvgg8f to Kafka","timestamp":"2025-05-05T02:56:18.322Z"}
{"level":"info","message":"🔎 ML response payload:","predicted_fare":41.07,"timestamp":"2025-05-05T02:56:20.945Z"}
{"level":"info","message":"📤 Published ride request RIDE-1746413780943-rukacdgk0 to Kafka","timestamp":"2025-05-05T02:56:21.018Z"}
{"level":"info","message":"🔎 ML response payload:","predicted_fare":26.54,"timestamp":"2025-05-05T02:56:26.551Z"}
{"level":"info","message":"🔎 ML response payload:","predicted_fare":21.81,"timestamp":"2025-05-05T02:56:26.552Z"}
{"level":"info","message":"🔎 ML response payload:","predicted_fare":15.63,"timestamp":"2025-05-05T02:56:26.552Z"}
{"level":"info","message":"🔎 ML response payload:","predicted_fare":42.65,"timestamp":"2025-05-05T02:56:26.553Z"}
{"level":"info","message":"🔎 ML response payload:","predicted_fare":58.06,"timestamp":"2025-05-05T02:56:26.553Z"}
{"level":"info","message":"🔎 ML response payload:","predicted_fare":14.48,"timestamp":"2025-05-05T02:56:26.554Z"}
{"level":"info","message":"🔎 ML response payload:","predicted_fare":11.14,"timestamp":"2025-05-05T02:56:26.554Z"}
{"level":"info","message":"📤 Published ride request RIDE-1746413786547-o5n8h4q75 to Kafka","timestamp":"2025-05-05T02:56:26.625Z"}
{"level":"info","message":"📤 Published ride request RIDE-1746413786546-4802kq8gi to Kafka","timestamp":"2025-05-05T02:56:26.626Z"}
{"level":"info","message":"📤 Published ride request RIDE-1746413786547-u98488wqe to Kafka","timestamp":"2025-05-05T02:56:26.627Z"}
{"level":"info","message":"📤 Published ride request RIDE-1746413786548-m31gico4s to Kafka","timestamp":"2025-05-05T02:56:26.627Z"}
{"level":"info","message":"📤 Published ride request RIDE-1746413786548-kv4hwx3q9 to Kafka","timestamp":"2025-05-05T02:56:26.630Z"}
{"level":"info","message":"📤 Published ride request RIDE-1746413786548-jvdds5zsd to Kafka","timestamp":"2025-05-05T02:56:26.633Z"}
{"level":"info","message":"📤 Published ride request RIDE-1746413786549-b0rf0xkd3 to Kafka","timestamp":"2025-05-05T02:56:26.633Z"}
{"level":"info","message":"🔎 ML response payload:","predicted_fare":13.96,"timestamp":"2025-05-05T02:56:27.894Z"}
{"level":"info","message":"🔎 ML response payload:","predicted_fare":35.6,"timestamp":"2025-05-05T02:56:27.894Z"}
{"level":"info","message":"🔎 ML response payload:","predicted_fare":26.33,"timestamp":"2025-05-05T02:56:27.895Z"}
{"level":"info","message":"🔎 ML response payload:","predicted_fare":-8.13,"timestamp":"2025-05-05T02:56:27.895Z"}
{"level":"info","message":"📤 Published ride request RIDE-1746413787892-j6nw0njxz to Kafka","timestamp":"2025-05-05T02:56:28.024Z"}
{"level":"info","message":"📤 Published ride request RIDE-1746413787891-h5k10u7wz to Kafka","timestamp":"2025-05-05T02:56:28.027Z"}
{"level":"info","message":"📤 Published ride request RIDE-1746413787891-pp00za5sa to Kafka","timestamp":"2025-05-05T02:56:28.027Z"}
{"level":"info","message":"📤 Published ride request RIDE-1746413787891-nwa3kvsfv to Kafka","timestamp":"2025-05-05T02:56:28.027Z"}
{"level":"info","message":"🔎 ML response payload:","predicted_fare":10.6,"timestamp":"2025-05-05T02:56:29.637Z"}
{"level":"info","message":"📤 Published ride request RIDE-1746413789635-boqtp8c6n to Kafka","timestamp":"2025-05-05T02:56:29.714Z"}
{"level":"info","message":"🔎 ML response payload:","predicted_fare":8.55,"timestamp":"2025-05-05T02:56:31.333Z"}
{"level":"info","message":"📤 Published ride request RIDE-1746413791330-nupt3mgmn to Kafka","timestamp":"2025-05-05T02:56:31.410Z"}
{"level":"info","message":"🔎 ML response payload:","predicted_fare":22.07,"timestamp":"2025-05-05T02:56:31.998Z"}
{"level":"info","message":"🔎 ML response payload:","predicted_fare":38.16,"timestamp":"2025-05-05T02:56:31.999Z"}
{"level":"info","message":"📤 Published ride request RIDE-1746413791995-nj3id2svb to Kafka","timestamp":"2025-05-05T02:56:32.146Z"}
{"level":"info","message":"📤 Published ride request RIDE-1746413791995-mrb4vn908 to Kafka","timestamp":"2025-05-05T02:56:32.146Z"}
{"level":"info","message":"🔎 ML response payload:","predicted_fare":25.65,"timestamp":"2025-05-05T02:56:32.539Z"}
{"level":"info","message":"📤 Published ride request RIDE-1746413792538-clr3xrorc to Kafka","timestamp":"2025-05-05T02:56:32.670Z"}
{"level":"info","message":"🔎 ML response payload:","predicted_fare":29.44,"timestamp":"2025-05-05T02:56:32.884Z"}
{"level":"info","message":"📤 Published ride request RIDE-1746413792882-n09a5sms2 to Kafka","timestamp":"2025-05-05T02:56:32.960Z"}
{"level":"info","message":"🔎 ML response payload:","predicted_fare":48.24,"timestamp":"2025-05-05T02:56:38.198Z"}
{"level":"info","message":"📤 Published ride request RIDE-1746413798195-e2tyrw7ea to Kafka","timestamp":"2025-05-05T02:56:38.277Z"}
{"level":"info","message":"🔎 ML response payload:","predicted_fare":17.03,"timestamp":"2025-05-05T02:56:38.718Z"}
{"level":"info","message":"📤 Published ride request RIDE-1746413798716-b9pkk1jor to Kafka","timestamp":"2025-05-05T02:56:38.795Z"}
{"level":"info","message":"🔎 ML response payload:","predicted_fare":39.11,"timestamp":"2025-05-05T02:56:39.147Z"}
{"level":"info","message":"📤 Published ride request RIDE-1746413799145-8fuzkglas to Kafka","timestamp":"2025-05-05T02:56:39.232Z"}
{"level":"info","message":"🔎 ML response payload:","predicted_fare":6.46,"timestamp":"2025-05-05T02:56:39.701Z"}
{"level":"info","message":"📤 Published ride request RIDE-1746413799699-idsac5c63 to Kafka","timestamp":"2025-05-05T02:56:39.778Z"}
{"level":"info","message":"🔎 ML response payload:","predicted_fare":41.92,"timestamp":"2025-05-05T02:56:40.346Z"}
{"level":"info","message":"📤 Published ride request RIDE-1746413800344-6vuasdp2d to Kafka","timestamp":"2025-05-05T02:56:40.423Z"}
{"level":"info","message":"🔎 ML response payload:","predicted_fare":33.47,"timestamp":"2025-05-05T02:56:40.886Z"}
{"level":"info","message":"📤 Published ride request RIDE-1746413800884-u2lucvx10 to Kafka","timestamp":"2025-05-05T02:56:40.964Z"}
{"level":"info","message":"🔎 ML response payload:","predicted_fare":25.12,"timestamp":"2025-05-05T02:56:41.635Z"}
{"level":"info","message":"📤 Published ride request RIDE-1746413801633-gjebf7wrk to Kafka","timestamp":"2025-05-05T02:56:41.712Z"}
{"level":"info","message":"🔎 ML response payload:","predicted_fare":9.93,"timestamp":"2025-05-05T02:56:42.289Z"}
{"level":"info","message":"📤 Published ride request RIDE-1746413802287-y5pgd1jhs to Kafka","timestamp":"2025-05-05T02:56:42.366Z"}
{"level":"info","message":"🔎 ML response payload:","predicted_fare":55.58,"timestamp":"2025-05-05T02:56:42.937Z"}
{"level":"info","message":"🔎 ML response payload:","predicted_fare":17.37,"timestamp":"2025-05-05T02:56:42.938Z"}
{"level":"info","message":"📤 Published ride request RIDE-1746413802935-y0skt3wgs to Kafka","timestamp":"2025-05-05T02:56:43.013Z"}
{"level":"info","message":"📤 Published ride request RIDE-1746413802935-7lxb8upk4 to Kafka","timestamp":"2025-05-05T02:56:43.016Z"}
{"level":"info","message":"🔎 ML response payload:","predicted_fare":41.25,"timestamp":"2025-05-05T02:56:44.435Z"}
{"level":"info","message":"🔎 ML response payload:","predicted_fare":37.45,"timestamp":"2025-05-05T02:56:44.436Z"}
{"level":"info","message":"📤 Published ride request RIDE-1746413804433-m9s7nrbgz to Kafka","timestamp":"2025-05-05T02:56:44.512Z"}
{"level":"info","message":"📤 Published ride request RIDE-1746413804433-srr6o6c7j to Kafka","timestamp":"2025-05-05T02:56:44.513Z"}
{"level":"info","message":"🔎 ML response payload:","predicted_fare":42.01,"timestamp":"2025-05-05T02:56:45.414Z"}
{"level":"info","message":"📤 Published ride request RIDE-1746413805412-1tiv1uzlb to Kafka","timestamp":"2025-05-05T02:56:45.493Z"}
{"level":"info","message":"🔎 ML response payload:","predicted_fare":22.69,"timestamp":"2025-05-05T02:56:47.362Z"}
{"level":"info","message":"🔎 ML response payload:","predicted_fare":28.83,"timestamp":"2025-05-05T02:56:47.381Z"}
{"level":"info","message":"📤 Published ride request RIDE-1746413807359-3n9p1svce to Kafka","timestamp":"2025-05-05T02:56:47.456Z"}
{"level":"info","message":"📤 Published ride request RIDE-1746413807375-1o9rxakrw to Kafka","timestamp":"2025-05-05T02:56:47.467Z"}
{"level":"info","message":"🔎 ML response payload:","predicted_fare":66.08,"timestamp":"2025-05-05T02:56:48.440Z"}
{"level":"info","message":"📤 Published ride request RIDE-1746413808438-jp90gdi6v to Kafka","timestamp":"2025-05-05T02:56:48.518Z"}
{"level":"info","message":"🔎 ML response payload:","predicted_fare":40.54,"timestamp":"2025-05-05T02:56:48.729Z"}
{"level":"info","message":"📤 Published ride request RIDE-1746413808727-jnxytwk8s to Kafka","timestamp":"2025-05-05T02:56:48.807Z"}
{"level":"info","message":"🔎 ML response payload:","predicted_fare":16.31,"timestamp":"2025-05-05T02:56:49.575Z"}
{"level":"info","message":"🔎 ML response payload:","predicted_fare":29.4,"timestamp":"2025-05-05T02:56:49.610Z"}
{"level":"info","message":"📤 Published ride request RIDE-1746413809573-h345mp0al to Kafka","timestamp":"2025-05-05T02:56:49.654Z"}
{"level":"info","message":"📤 Published ride request RIDE-1746413809608-s9t7t6cvj to Kafka","timestamp":"2025-05-05T02:56:49.688Z"}
{"level":"info","message":"🔎 ML response payload:","predicted_fare":16.21,"timestamp":"2025-05-05T02:56:50.565Z"}
{"level":"info","message":"🔎 ML response payload:","predicted_fare":19.47,"timestamp":"2025-05-05T02:56:50.587Z"}
{"level":"info","message":"🔎 ML response payload:","predicted_fare":29.64,"timestamp":"2025-05-05T02:56:50.589Z"}
{"level":"info","message":"📤 Published ride request RIDE-1746413810563-9q8scqbuu to Kafka","timestamp":"2025-05-05T02:56:50.642Z"}
{"level":"info","message":"📤 Published ride request RIDE-1746413810584-20s131arv to Kafka","timestamp":"2025-05-05T02:56:50.665Z"}
{"level":"info","message":"📤 Published ride request RIDE-1746413810584-e4q31y115 to Kafka","timestamp":"2025-05-05T02:56:50.666Z"}
{"level":"info","message":"🔎 ML response payload:","predicted_fare":15.52,"timestamp":"2025-05-05T02:56:51.728Z"}
{"level":"info","message":"🔎 ML response payload:","predicted_fare":19.5,"timestamp":"2025-05-05T02:56:51.790Z"}
{"level":"info","message":"📤 Published ride request RIDE-1746413811726-0skiukbi0 to Kafka","timestamp":"2025-05-05T02:56:51.805Z"}
{"level":"info","message":"📤 Published ride request RIDE-1746413811788-obast7cmx to Kafka","timestamp":"2025-05-05T02:56:51.867Z"}
{"level":"info","message":"🔎 ML response payload:","predicted_fare":47.33,"timestamp":"2025-05-05T02:56:52.773Z"}
{"level":"info","message":"🔎 ML response payload:","predicted_fare":24.83,"timestamp":"2025-05-05T02:56:52.774Z"}
{"level":"info","message":"🔎 ML response payload:","predicted_fare":12.93,"timestamp":"2025-05-05T02:56:52.785Z"}
{"level":"info","message":"🔎 ML response payload:","predicted_fare":5.93,"timestamp":"2025-05-05T02:56:52.800Z"}
{"level":"info","message":"📤 Published ride request RIDE-1746413812771-apf3k2sdn to Kafka","timestamp":"2025-05-05T02:56:52.851Z"}
{"level":"info","message":"📤 Published ride request RIDE-1746413812771-ixpzc4w3r to Kafka","timestamp":"2025-05-05T02:56:52.851Z"}
{"level":"info","message":"📤 Published ride request RIDE-1746413812783-bafas4ief to Kafka","timestamp":"2025-05-05T02:56:52.861Z"}
{"level":"info","message":"📤 Published ride request RIDE-1746413812799-jvmtqfmze to Kafka","timestamp":"2025-05-05T02:56:52.874Z"}
{"level":"info","message":"🔎 ML response payload:","predicted_fare":71.18,"timestamp":"2025-05-05T02:56:53.938Z"}
{"level":"info","message":"🔎 ML response payload:","predicted_fare":8.77,"timestamp":"2025-05-05T02:56:53.981Z"}
{"level":"info","message":"📤 Published ride request RIDE-1746413813936-dpvnv54ro to Kafka","timestamp":"2025-05-05T02:56:54.012Z"}
{"level":"info","message":"📤 Published ride request RIDE-1746413813979-igxpudn7x to Kafka","timestamp":"2025-05-05T02:56:54.058Z"}
{"level":"info","message":"🔎 ML response payload:","predicted_fare":33.44,"timestamp":"2025-05-05T02:56:55.299Z"}
{"level":"info","message":"🔎 ML response payload:","predicted_fare":46.91,"timestamp":"2025-05-05T02:56:55.300Z"}
{"level":"info","message":"📤 Published ride request RIDE-1746413815295-wvlfieft4 to Kafka","timestamp":"2025-05-05T02:56:55.374Z"}
{"level":"info","message":"📤 Published ride request RIDE-1746413815295-hr8ppxwng to Kafka","timestamp":"2025-05-05T02:56:55.376Z"}
{"level":"info","message":"🔎 ML response payload:","predicted_fare":8.95,"timestamp":"2025-05-05T02:56:56.334Z"}
{"level":"info","message":"🔎 ML response payload:","predicted_fare":21.28,"timestamp":"2025-05-05T02:56:56.385Z"}
{"level":"info","message":"📤 Published ride request RIDE-1746413816332-xyomif5jt to Kafka","timestamp":"2025-05-05T02:56:56.410Z"}
{"level":"info","message":"📤 Published ride request RIDE-1746413816383-3e1llgixm to Kafka","timestamp":"2025-05-05T02:56:56.460Z"}
{"level":"info","message":"🔎 ML response payload:","predicted_fare":72.85,"timestamp":"2025-05-05T02:56:57.419Z"}
{"level":"info","message":"🔎 ML response payload:","predicted_fare":11.43,"timestamp":"2025-05-05T02:56:57.478Z"}
{"level":"info","message":"📤 Published ride request RIDE-1746413817417-n7gdgue7e to Kafka","timestamp":"2025-05-05T02:56:57.493Z"}
{"level":"info","message":"📤 Published ride request RIDE-1746413817474-fqquzrusv to Kafka","timestamp":"2025-05-05T02:56:57.555Z"}
{"level":"info","message":"🔎 ML response payload:","predicted_fare":34.19,"timestamp":"2025-05-05T02:56:58.499Z"}
{"level":"info","message":"📤 Published ride request RIDE-1746413818497-cdkr85uhm to Kafka","timestamp":"2025-05-05T02:56:58.576Z"}
{"level":"info","message":"🔎 ML response payload:","predicted_fare":39.05,"timestamp":"2025-05-05T02:56:59.840Z"}
{"level":"info","message":"📤 Published ride request RIDE-1746413819838-smbj1n3le to Kafka","timestamp":"2025-05-05T02:56:59.935Z"}
{"level":"info","message":"🔎 ML response payload:","predicted_fare":35.84,"timestamp":"2025-05-05T02:57:02.552Z"}
{"level":"info","message":"🔎 ML response payload:","predicted_fare":30.99,"timestamp":"2025-05-05T02:57:02.553Z"}
{"level":"info","message":"📤 Published ride request RIDE-1746413822550-bl40oj6lq to Kafka","timestamp":"2025-05-05T02:57:02.637Z"}
{"level":"info","message":"📤 Published ride request RIDE-1746413822549-h8t38gfq4 to Kafka","timestamp":"2025-05-05T02:57:02.639Z"}
{"level":"info","message":"🔎 ML response payload:","predicted_fare":93.01,"timestamp":"2025-05-05T02:57:03.854Z"}
{"level":"info","message":"📤 Published ride request RIDE-1746413823853-sbw8l46ct to Kafka","timestamp":"2025-05-05T02:57:03.931Z"}
{"level":"info","message":"🔎 ML response payload:","predicted_fare":9.84,"timestamp":"2025-05-05T02:57:06.851Z"}
{"level":"info","message":"🔎 ML response payload:","predicted_fare":19.59,"timestamp":"2025-05-05T02:57:06.852Z"}
{"level":"info","message":"📤 Published ride request RIDE-1746413826849-8n47hz24r to Kafka","timestamp":"2025-05-05T02:57:06.926Z"}
{"level":"info","message":"📤 Published ride request RIDE-1746413826849-bqro4nybk to Kafka","timestamp":"2025-05-05T02:57:06.929Z"}
{"level":"info","message":"🔎 ML response payload:","predicted_fare":73.26,"timestamp":"2025-05-05T02:57:08.598Z"}
{"level":"info","message":"🔎 ML response payload:","predicted_fare":30.98,"timestamp":"2025-05-05T02:57:08.611Z"}
{"level":"info","message":"🔎 ML response payload:","predicted_fare":11.19,"timestamp":"2025-05-05T02:57:08.611Z"}
{"level":"info","message":"📤 Published ride request RIDE-1746413828596-og30lgb49 to Kafka","timestamp":"2025-05-05T02:57:08.675Z"}
{"level":"info","message":"📤 Published ride request RIDE-1746413828608-ak57n1j1h to Kafka","timestamp":"2025-05-05T02:57:08.684Z"}
{"level":"info","message":"📤 Published ride request RIDE-1746413828609-d1l4r55fl to Kafka","timestamp":"2025-05-05T02:57:08.689Z"}
{"level":"info","message":"🔎 ML response payload:","predicted_fare":58.41,"timestamp":"2025-05-05T02:57:10.037Z"}
{"level":"info","message":"🔎 ML response payload:","predicted_fare":63.03,"timestamp":"2025-05-05T02:57:10.037Z"}
{"level":"info","message":"🔎 ML response payload:","predicted_fare":28,"timestamp":"2025-05-05T02:57:10.037Z"}
{"level":"info","message":"📤 Published ride request RIDE-1746413830033-0atlzv5ps to Kafka","timestamp":"2025-05-05T02:57:10.111Z"}
{"level":"info","message":"📤 Published ride request RIDE-1746413830033-qjmae0i38 to Kafka","timestamp":"2025-05-05T02:57:10.113Z"}
{"level":"info","message":"📤 Published ride request RIDE-1746413830034-kw4snbc5k to Kafka","timestamp":"2025-05-05T02:57:10.114Z"}
{"level":"info","message":"🔎 ML response payload:","predicted_fare":31.27,"timestamp":"2025-05-05T02:57:11.649Z"}
{"level":"info","message":"🔎 ML response payload:","predicted_fare":0.16,"timestamp":"2025-05-05T02:57:11.650Z"}
{"level":"info","message":"🔎 ML response payload:","predicted_fare":33.36,"timestamp":"2025-05-05T02:57:11.650Z"}
{"level":"info","message":"🔎 ML response payload:","predicted_fare":48.94,"timestamp":"2025-05-05T02:57:11.653Z"}
{"level":"info","message":"📤 Published ride request RIDE-1746413831646-8nwddgqta to Kafka","timestamp":"2025-05-05T02:57:11.724Z"}
{"level":"info","message":"📤 Published ride request RIDE-1746413831646-iv0qk173t to Kafka","timestamp":"2025-05-05T02:57:11.726Z"}
{"level":"info","message":"📤 Published ride request RIDE-1746413831646-yf2hrgizx to Kafka","timestamp":"2025-05-05T02:57:11.726Z"}
{"level":"info","message":"📤 Published ride request RIDE-1746413831651-d0t6sh810 to Kafka","timestamp":"2025-05-05T02:57:11.729Z"}
{"level":"info","message":"🔎 ML response payload:","predicted_fare":87.48,"timestamp":"2025-05-05T02:57:13.546Z"}
{"level":"info","message":"🔎 ML response payload:","predicted_fare":39.25,"timestamp":"2025-05-05T02:57:13.547Z"}
{"level":"info","message":"📤 Published ride request RIDE-1746413833544-ttwjap4zu to Kafka","timestamp":"2025-05-05T02:57:13.641Z"}
{"level":"info","message":"📤 Published ride request RIDE-1746413833544-0edzxv6d8 to Kafka","timestamp":"2025-05-05T02:57:13.644Z"}
{"level":"info","message":"🔎 ML response payload:","predicted_fare":7.46,"timestamp":"2025-05-05T02:57:15.148Z"}
{"level":"info","message":"🔎 ML response payload:","predicted_fare":11.31,"timestamp":"2025-05-05T02:57:15.190Z"}
{"level":"info","message":"🔎 ML response payload:","predicted_fare":-2.96,"timestamp":"2025-05-05T02:57:15.190Z"}
{"level":"info","message":"🔎 ML response payload:","predicted_fare":39.61,"timestamp":"2025-05-05T02:57:15.214Z"}
{"level":"info","message":"🔎 ML response payload:","predicted_fare":38.71,"timestamp":"2025-05-05T02:57:15.214Z"}
{"level":"info","message":"📤 Published ride request RIDE-1746413835146-l1dkby2n3 to Kafka","timestamp":"2025-05-05T02:57:15.269Z"}
{"level":"info","message":"📤 Published ride request RIDE-1746413835187-plfk3y20r to Kafka","timestamp":"2025-05-05T02:57:15.269Z"}
{"level":"info","message":"📤 Published ride request RIDE-1746413835188-nbhdeexpw to Kafka","timestamp":"2025-05-05T02:57:15.270Z"}
{"level":"info","message":"📤 Published ride request RIDE-1746413835212-ghvwdoxcq to Kafka","timestamp":"2025-05-05T02:57:15.286Z"}
{"level":"info","message":"📤 Published ride request RIDE-1746413835212-awffqw7pp to Kafka","timestamp":"2025-05-05T02:57:15.288Z"}
{"level":"info","message":"🔎 ML response payload:","predicted_fare":-9.95,"timestamp":"2025-05-05T02:57:16.887Z"}
{"level":"info","message":"🔎 ML response payload:","predicted_fare":56.37,"timestamp":"2025-05-05T02:57:16.947Z"}
{"level":"info","message":"🔎 ML response payload:","predicted_fare":54.14,"timestamp":"2025-05-05T02:57:16.948Z"}
{"level":"info","message":"📤 Published ride request RIDE-1746413836885-fm2ngu1ob to Kafka","timestamp":"2025-05-05T02:57:16.960Z"}
{"level":"info","message":"📤 Published ride request RIDE-1746413836943-aeww3qaio to Kafka","timestamp":"2025-05-05T02:57:17.020Z"}
{"level":"info","message":"📤 Published ride request RIDE-1746413836944-9dd9tltdk to Kafka","timestamp":"2025-05-05T02:57:17.024Z"}
{"level":"info","message":"🔎 ML response payload:","predicted_fare":52.05,"timestamp":"2025-05-05T02:57:18.996Z"}
{"level":"info","message":"🔎 ML response payload:","predicted_fare":54.35,"timestamp":"2025-05-05T02:57:18.997Z"}
{"level":"info","message":"📤 Published ride request RIDE-1746413838993-4qrkg12gw to Kafka","timestamp":"2025-05-05T02:57:19.070Z"}
{"level":"info","message":"📤 Published ride request RIDE-1746413838994-wultyh43s to Kafka","timestamp":"2025-05-05T02:57:19.072Z"}
{"level":"info","message":"🔎 ML response payload:","predicted_fare":13.54,"timestamp":"2025-05-05T02:57:20.657Z"}
{"level":"info","message":"🔎 ML response payload:","predicted_fare":1.17,"timestamp":"2025-05-05T02:57:20.706Z"}
{"level":"info","message":"🔎 ML response payload:","predicted_fare":10.11,"timestamp":"2025-05-05T02:57:20.706Z"}
{"level":"info","message":"📤 Published ride request RIDE-1746413840656-5vcpbeia9 to Kafka","timestamp":"2025-05-05T02:57:20.734Z"}
{"level":"info","message":"📤 Published ride request RIDE-1746413840703-murfj4z34 to Kafka","timestamp":"2025-05-05T02:57:20.779Z"}
{"level":"info","message":"📤 Published ride request RIDE-1746413840704-hkb7nt01l to Kafka","timestamp":"2025-05-05T02:57:20.781Z"}
{"level":"info","message":"🔎 ML response payload:","predicted_fare":23.95,"timestamp":"2025-05-05T02:57:22.558Z"}
{"level":"info","message":"🔎 ML response payload:","predicted_fare":30.94,"timestamp":"2025-05-05T02:57:22.558Z"}
{"level":"info","message":"📤 Published ride request RIDE-1746413842555-0yuncvl7q to Kafka","timestamp":"2025-05-05T02:57:22.631Z"}
{"level":"info","message":"📤 Published ride request RIDE-1746413842555-ep7aoysi7 to Kafka","timestamp":"2025-05-05T02:57:22.632Z"}
{"level":"info","message":"🔎 ML response payload:","predicted_fare":40.14,"timestamp":"2025-05-05T02:57:24.227Z"}
{"level":"info","message":"🔎 ML response payload:","predicted_fare":50.18,"timestamp":"2025-05-05T02:57:24.228Z"}
{"level":"info","message":"📤 Published ride request RIDE-1746413844225-t3hrs7arp to Kafka","timestamp":"2025-05-05T02:57:24.300Z"}
{"level":"info","message":"📤 Published ride request RIDE-1746413844225-vo7v79gy3 to Kafka","timestamp":"2025-05-05T02:57:24.301Z"}
{"level":"info","message":"🔎 ML response payload:","predicted_fare":19.21,"timestamp":"2025-05-05T02:57:25.811Z"}
{"level":"info","message":"📤 Published ride request RIDE-1746413845809-qzjc8i55v to Kafka","timestamp":"2025-05-05T02:57:25.884Z"}
{"level":"info","message":"🔎 ML response payload:","predicted_fare":12.87,"timestamp":"2025-05-05T02:57:27.699Z"}
{"level":"info","message":"📤 Published ride request RIDE-1746413847697-5ho205s2s to Kafka","timestamp":"2025-05-05T02:57:27.793Z"}
{"level":"info","message":"🔎 ML response payload:","predicted_fare":17.85,"timestamp":"2025-05-05T02:57:29.317Z"}
{"level":"info","message":"📤 Published ride request RIDE-1746413849315-5nmyefu8n to Kafka","timestamp":"2025-05-05T02:57:29.390Z"}
{"level":"info","message":"🔎 ML response payload:","predicted_fare":61.93,"timestamp":"2025-05-05T02:57:30.383Z"}
{"level":"info","message":"🔎 ML response payload:","predicted_fare":43.87,"timestamp":"2025-05-05T02:57:30.420Z"}
{"level":"info","message":"🔎 ML response payload:","predicted_fare":41.16,"timestamp":"2025-05-05T02:57:30.421Z"}
{"level":"info","message":"📤 Published ride request RIDE-1746413850381-g844bao9p to Kafka","timestamp":"2025-05-05T02:57:30.456Z"}
{"level":"info","message":"📤 Published ride request RIDE-1746413850418-fccjtql8p to Kafka","timestamp":"2025-05-05T02:57:30.494Z"}
{"level":"info","message":"📤 Published ride request RIDE-1746413850419-89hta9rpt to Kafka","timestamp":"2025-05-05T02:57:30.498Z"}
{"level":"info","message":"🔎 ML response payload:","predicted_fare":33.69,"timestamp":"2025-05-05T02:57:31.068Z"}
{"level":"info","message":"🔎 ML response payload:","predicted_fare":13,"timestamp":"2025-05-05T02:57:31.079Z"}
{"level":"info","message":"🔎 ML response payload:","predicted_fare":65.29,"timestamp":"2025-05-05T02:57:31.101Z"}
{"level":"info","message":"📤 Published ride request RIDE-1746413851067-k4s2eezl1 to Kafka","timestamp":"2025-05-05T02:57:31.146Z"}
{"level":"info","message":"📤 Published ride request RIDE-1746413851077-9iqakk9fy to Kafka","timestamp":"2025-05-05T02:57:31.152Z"}
{"level":"info","message":"📤 Published ride request RIDE-1746413851099-req6jdyiu to Kafka","timestamp":"2025-05-05T02:57:31.175Z"}
{"level":"info","message":"🔎 ML response payload:","predicted_fare":7.35,"timestamp":"2025-05-05T02:57:31.423Z"}
{"level":"info","message":"📤 Published ride request RIDE-1746413851421-cjqjhi56i to Kafka","timestamp":"2025-05-05T02:57:31.498Z"}
{"level":"info","message":"🔎 ML response payload:","predicted_fare":75.88,"timestamp":"2025-05-05T02:57:32.961Z"}
{"level":"info","message":"📤 Published ride request RIDE-1746413852959-v5xjm4dzm to Kafka","timestamp":"2025-05-05T02:57:33.034Z"}
{"level":"info","message":"🔎 ML response payload:","predicted_fare":19.72,"timestamp":"2025-05-05T02:57:34.476Z"}
{"level":"info","message":"📤 Published ride request RIDE-1746413854473-xqrxyfwc0 to Kafka","timestamp":"2025-05-05T02:57:34.608Z"}
{"level":"info","message":"🔎 ML response payload:","predicted_fare":26.44,"timestamp":"2025-05-05T02:57:35.681Z"}
{"level":"info","message":"📤 Published ride request RIDE-1746413855679-ghkuwo2me to Kafka","timestamp":"2025-05-05T02:57:35.755Z"}
{"level":"info","message":"🔎 ML response payload:","predicted_fare":32.92,"timestamp":"2025-05-05T02:57:35.794Z"}
{"level":"info","message":"📤 Published ride request RIDE-1746413855792-ss007unqz to Kafka","timestamp":"2025-05-05T02:57:35.867Z"}
{"level":"info","message":"🔎 ML response payload:","predicted_fare":22.84,"timestamp":"2025-05-05T02:57:36.446Z"}
{"level":"info","message":"📤 Published ride request RIDE-1746413856444-8k1dde9rs to Kafka","timestamp":"2025-05-05T02:57:36.519Z"}
{"level":"info","message":"🔎 ML response payload:","predicted_fare":27.54,"timestamp":"2025-05-05T02:57:37.096Z"}
{"level":"info","message":"📤 Published ride request RIDE-1746413857094-io1ffi77m to Kafka","timestamp":"2025-05-05T02:57:37.231Z"}
{"level":"info","message":"🔎 ML response payload:","predicted_fare":19.32,"timestamp":"2025-05-05T02:57:37.760Z"}
{"level":"info","message":"📤 Published ride request RIDE-1746413857757-1tyx66w0x to Kafka","timestamp":"2025-05-05T02:57:37.832Z"}
{"level":"info","message":"🔎 ML response payload:","predicted_fare":22.11,"timestamp":"2025-05-05T02:57:38.403Z"}
{"level":"info","message":"📤 Published ride request RIDE-1746413858401-aua9ri952 to Kafka","timestamp":"2025-05-05T02:57:38.476Z"}
{"level":"info","message":"🔎 ML response payload:","predicted_fare":25.12,"timestamp":"2025-05-05T02:57:42.740Z"}
{"level":"info","message":"📤 Published ride request RIDE-1746413862738-w8fxjbve7 to Kafka","timestamp":"2025-05-05T02:57:42.815Z"}
{"level":"info","message":"🔎 ML response payload:","predicted_fare":8.62,"timestamp":"2025-05-05T02:57:42.981Z"}
{"level":"info","message":"📤 Published ride request RIDE-1746413862979-h99ch6o49 to Kafka","timestamp":"2025-05-05T02:57:43.054Z"}
{"level":"info","message":"🔎 ML response payload:","predicted_fare":51.15,"timestamp":"2025-05-05T02:57:43.071Z"}
{"level":"info","message":"📤 Published ride request RIDE-1746413863069-h9v9s5srv to Kafka","timestamp":"2025-05-05T02:57:43.145Z"}
{"level":"info","message":"🔎 ML response payload:","predicted_fare":105.57,"timestamp":"2025-05-05T02:57:43.293Z"}
{"level":"info","message":"📤 Published ride request RIDE-1746413863291-6bfphghuc to Kafka","timestamp":"2025-05-05T02:57:43.449Z"}
{"level":"info","message":"🔎 ML response payload:","predicted_fare":45.1,"timestamp":"2025-05-05T02:57:44.229Z"}
{"level":"info","message":"📤 Published ride request RIDE-1746413864226-qiny1lo33 to Kafka","timestamp":"2025-05-05T02:57:44.302Z"}
{"level":"info","message":"🔎 ML response payload:","predicted_fare":28.34,"timestamp":"2025-05-05T02:57:44.875Z"}
{"level":"info","message":"📤 Published ride request RIDE-1746413864873-ys8yj0ogw to Kafka","timestamp":"2025-05-05T02:57:45.023Z"}
{"level":"info","message":"🔎 ML response payload:","predicted_fare":50.32,"timestamp":"2025-05-05T02:57:45.416Z"}
{"level":"info","message":"📤 Published ride request RIDE-1746413865413-y9czzdz7l to Kafka","timestamp":"2025-05-05T02:57:45.548Z"}
{"level":"info","message":"🔎 ML response payload:","predicted_fare":36.12,"timestamp":"2025-05-05T02:57:45.877Z"}
{"level":"info","message":"📤 Published ride request RIDE-1746413865875-sqb216msq to Kafka","timestamp":"2025-05-05T02:57:45.950Z"}
{"level":"info","message":"🔎 ML response payload:","predicted_fare":26.79,"timestamp":"2025-05-05T02:57:46.313Z"}
{"level":"info","message":"📤 Published ride request RIDE-1746413866309-4w80eu9z2 to Kafka","timestamp":"2025-05-05T02:57:46.387Z"}
{"level":"info","message":"🔎 ML response payload:","predicted_fare":23.34,"timestamp":"2025-05-05T02:57:46.860Z"}
{"level":"info","message":"📤 Published ride request RIDE-1746413866858-17k1g4ce4 to Kafka","timestamp":"2025-05-05T02:57:46.934Z"}
{"level":"info","message":"🔎 ML response payload:","predicted_fare":7.99,"timestamp":"2025-05-05T02:57:47.526Z"}
{"level":"info","message":"📤 Published ride request RIDE-1746413867524-kctabiuft to Kafka","timestamp":"2025-05-05T02:57:47.643Z"}
{"level":"info","message":"🔎 ML response payload:","predicted_fare":35.97,"timestamp":"2025-05-05T02:57:48.272Z"}
{"level":"info","message":"📤 Published ride request RIDE-1746413868269-xsh6n2g8i to Kafka","timestamp":"2025-05-05T02:57:48.346Z"}
{"level":"info","message":"🔎 ML response payload:","predicted_fare":25.18,"timestamp":"2025-05-05T02:57:48.997Z"}
{"level":"info","message":"📤 Published ride request RIDE-1746413868994-mjsjrry6e to Kafka","timestamp":"2025-05-05T02:57:49.070Z"}
{"level":"info","message":"🔎 ML response payload:","predicted_fare":29.46,"timestamp":"2025-05-05T02:57:49.560Z"}
{"level":"info","message":"📤 Published ride request RIDE-1746413869558-hyhp15sw2 to Kafka","timestamp":"2025-05-05T02:57:49.634Z"}
{"level":"info","message":"🔎 ML response payload:","predicted_fare":37.15,"timestamp":"2025-05-05T02:57:50.109Z"}
{"level":"info","message":"📤 Published ride request RIDE-1746413870107-b8k49mvvy to Kafka","timestamp":"2025-05-05T02:57:50.265Z"}
{"level":"info","message":"🔎 ML response payload:","predicted_fare":30.7,"timestamp":"2025-05-05T02:57:50.678Z"}
{"level":"info","message":"📤 Published ride request RIDE-1746413870676-nv6blnqnc to Kafka","timestamp":"2025-05-05T02:57:50.791Z"}
{"level":"info","message":"🔎 ML response payload:","predicted_fare":14.76,"timestamp":"2025-05-05T02:57:51.531Z"}
{"level":"info","message":"📤 Published ride request RIDE-1746413871529-aqh5gfiee to Kafka","timestamp":"2025-05-05T02:57:51.604Z"}
{"level":"info","message":"🔎 ML response payload:","predicted_fare":5.41,"timestamp":"2025-05-05T02:57:53.529Z"}
{"level":"info","message":"🔎 ML response payload:","predicted_fare":21.02,"timestamp":"2025-05-05T02:57:53.569Z"}
{"level":"info","message":"📤 Published ride request RIDE-1746413873527-wuq8frbju to Kafka","timestamp":"2025-05-05T02:57:53.603Z"}
{"level":"info","message":"📤 Published ride request RIDE-1746413873567-dwaxnw9dp to Kafka","timestamp":"2025-05-05T02:57:53.643Z"}
{"level":"info","message":"🔎 ML response payload:","predicted_fare":33.94,"timestamp":"2025-05-05T02:57:54.102Z"}
{"level":"info","message":"🔎 ML response payload:","predicted_fare":59.13,"timestamp":"2025-05-05T02:57:54.134Z"}
{"level":"info","message":"📤 Published ride request RIDE-1746413874100-ujmzfqdyx to Kafka","timestamp":"2025-05-05T02:57:54.175Z"}
{"level":"info","message":"📤 Published ride request RIDE-1746413874132-s8dj5lh8j to Kafka","timestamp":"2025-05-05T02:57:54.208Z"}
{"level":"info","message":"🔎 ML response payload:","predicted_fare":53.82,"timestamp":"2025-05-05T02:57:54.651Z"}
{"level":"info","message":"📤 Published ride request RIDE-1746413874649-or308y751 to Kafka","timestamp":"2025-05-05T02:57:54.724Z"}
{"level":"info","message":"🔎 ML response payload:","predicted_fare":10.84,"timestamp":"2025-05-05T02:57:55.620Z"}
{"level":"info","message":"📤 Published ride request RIDE-1746413875618-p7vjmlao5 to Kafka","timestamp":"2025-05-05T02:57:55.694Z"}
{"level":"info","message":"🔎 ML response payload:","predicted_fare":67.99,"timestamp":"2025-05-05T02:57:57.011Z"}
{"level":"info","message":"📤 Published ride request RIDE-1746413877009-8y0pjwi2x to Kafka","timestamp":"2025-05-05T02:57:57.153Z"}
{"level":"info","message":"🔎 ML response payload:","predicted_fare":23.93,"timestamp":"2025-05-05T02:57:58.232Z"}
{"level":"info","message":"🔎 ML response payload:","predicted_fare":38.87,"timestamp":"2025-05-05T02:57:58.233Z"}
{"level":"info","message":"📤 Published ride request RIDE-1746413878229-wiz9jddir to Kafka","timestamp":"2025-05-05T02:57:58.306Z"}
{"level":"info","message":"📤 Published ride request RIDE-1746413878230-qbreuitru to Kafka","timestamp":"2025-05-05T02:57:58.307Z"}
{"level":"info","message":"🔎 ML response payload:","predicted_fare":16.23,"timestamp":"2025-05-05T02:57:59.039Z"}
{"level":"info","message":"🔎 ML response payload:","predicted_fare":19.14,"timestamp":"2025-05-05T02:57:59.047Z"}
{"level":"info","message":"📤 Published ride request RIDE-1746413879037-hi1gdfdym to Kafka","timestamp":"2025-05-05T02:57:59.177Z"}
{"level":"info","message":"📤 Published ride request RIDE-1746413879046-0krvx3o7v to Kafka","timestamp":"2025-05-05T02:57:59.178Z"}
{"level":"info","message":"🔎 ML response payload:","predicted_fare":11.65,"timestamp":"2025-05-05T02:57:59.906Z"}
{"level":"info","message":"📤 Published ride request RIDE-1746413879904-walkq75bb to Kafka","timestamp":"2025-05-05T02:57:59.979Z"}
{"level":"info","message":"🔎 ML response payload:","predicted_fare":38.39,"timestamp":"2025-05-05T02:58:02.558Z"}
{"level":"info","message":"🔎 ML response payload:","predicted_fare":51.47,"timestamp":"2025-05-05T02:58:02.559Z"}
{"level":"info","message":"📤 Published ride request RIDE-1746413882556-vi8c519ea to Kafka","timestamp":"2025-05-05T02:58:02.631Z"}
{"level":"info","message":"📤 Published ride request RIDE-1746413882556-00ujueveq to Kafka","timestamp":"2025-05-05T02:58:02.633Z"}
{"level":"info","message":"🔎 ML response payload:","predicted_fare":117.32,"timestamp":"2025-05-05T02:58:04.018Z"}
{"level":"info","message":"🔎 ML response payload:","predicted_fare":42.37,"timestamp":"2025-05-05T02:58:04.075Z"}
{"level":"info","message":"🔎 ML response payload:","predicted_fare":26.85,"timestamp":"2025-05-05T02:58:04.076Z"}
{"level":"info","message":"📤 Published ride request RIDE-1746413884015-kfelg99qr to Kafka","timestamp":"2025-05-05T02:58:04.091Z"}
{"level":"info","message":"📤 Published ride request RIDE-1746413884073-lb72u6ocy to Kafka","timestamp":"2025-05-05T02:58:04.148Z"}
{"level":"info","message":"📤 Published ride request RIDE-1746413884074-69u1xx5t0 to Kafka","timestamp":"2025-05-05T02:58:04.153Z"}
{"level":"info","message":"🔎 ML response payload:","predicted_fare":39.34,"timestamp":"2025-05-05T02:58:04.945Z"}
{"level":"info","message":"🔎 ML response payload:","predicted_fare":32.9,"timestamp":"2025-05-05T02:58:04.974Z"}
{"level":"info","message":"🔎 ML response payload:","predicted_fare":35.09,"timestamp":"2025-05-05T02:58:04.974Z"}
{"level":"info","message":"🔎 ML response payload:","predicted_fare":48.36,"timestamp":"2025-05-05T02:58:04.984Z"}
{"level":"info","message":"📤 Published ride request RIDE-1746413884943-8ubgssm5g to Kafka","timestamp":"2025-05-05T02:58:05.026Z"}
{"level":"info","message":"📤 Published ride request RIDE-1746413884971-5wud5vuoe to Kafka","timestamp":"2025-05-05T02:58:05.047Z"}
{"level":"info","message":"📤 Published ride request RIDE-1746413884972-qkk7d3t2k to Kafka","timestamp":"2025-05-05T02:58:05.048Z"}
{"level":"info","message":"📤 Published ride request RIDE-1746413884983-9i4c1xsrk to Kafka","timestamp":"2025-05-05T02:58:05.062Z"}
{"level":"info","message":"🔎 ML response payload:","predicted_fare":37.52,"timestamp":"2025-05-05T02:58:05.878Z"}
{"level":"info","message":"🔎 ML response payload:","predicted_fare":48.6,"timestamp":"2025-05-05T02:58:05.892Z"}
{"level":"info","message":"🔎 ML response payload:","predicted_fare":26.09,"timestamp":"2025-05-05T02:58:05.892Z"}
{"level":"info","message":"📤 Published ride request RIDE-1746413885876-cl8ffoi3o to Kafka","timestamp":"2025-05-05T02:58:05.996Z"}
{"level":"info","message":"📤 Published ride request RIDE-1746413885890-k1mqqufp0 to Kafka","timestamp":"2025-05-05T02:58:05.996Z"}
{"level":"info","message":"📤 Published ride request RIDE-1746413885890-1td4ben5k to Kafka","timestamp":"2025-05-05T02:58:05.996Z"}
{"level":"info","message":"🔎 ML response payload:","predicted_fare":20.38,"timestamp":"2025-05-05T02:58:07.203Z"}
{"level":"info","message":"📤 Published ride request RIDE-1746413887201-w1f52av0w to Kafka","timestamp":"2025-05-05T02:58:07.276Z"}
{"level":"info","message":"🔎 ML response payload:","predicted_fare":27.07,"timestamp":"2025-05-05T02:58:08.822Z"}
{"level":"info","message":"📤 Published ride request RIDE-1746413888819-maatfmc0z to Kafka","timestamp":"2025-05-05T02:58:08.897Z"}
{"level":"info","message":"🔎 ML response payload:","predicted_fare":22.49,"timestamp":"2025-05-05T02:58:12.283Z"}
{"level":"info","message":"🔎 ML response payload:","predicted_fare":16.81,"timestamp":"2025-05-05T02:58:12.284Z"}
{"level":"info","message":"📤 Published ride request RIDE-1746413892281-tk7u4u7h9 to Kafka","timestamp":"2025-05-05T02:58:12.358Z"}
{"level":"info","message":"📤 Published ride request RIDE-1746413892281-o31f5n3p5 to Kafka","timestamp":"2025-05-05T02:58:12.362Z"}
{"level":"info","message":"🔎 ML response payload:","predicted_fare":34.03,"timestamp":"2025-05-05T02:58:13.389Z"}
{"level":"info","message":"🔎 ML response payload:","predicted_fare":69.29,"timestamp":"2025-05-05T02:58:13.458Z"}
{"level":"info","message":"📤 Published ride request RIDE-1746413893387-4f6gr940g to Kafka","timestamp":"2025-05-05T02:58:13.462Z"}
{"level":"info","message":"📤 Published ride request RIDE-1746413893455-k6vvcsozq to Kafka","timestamp":"2025-05-05T02:58:13.532Z"}
{"level":"info","message":"🔎 ML response payload:","predicted_fare":44.27,"timestamp":"2025-05-05T02:58:14.614Z"}
{"level":"info","message":"📤 Published ride request RIDE-1746413894612-edtw4bk21 to Kafka","timestamp":"2025-05-05T02:58:14.688Z"}
{"level":"info","message":"🔎 ML response payload:","predicted_fare":28.61,"timestamp":"2025-05-05T02:58:16.117Z"}
{"level":"info","message":"🔎 ML response payload:","predicted_fare":43.83,"timestamp":"2025-05-05T02:58:16.119Z"}
{"level":"info","message":"🔎 ML response payload:","predicted_fare":13.45,"timestamp":"2025-05-05T02:58:16.130Z"}
{"level":"info","message":"🔎 ML response payload:","predicted_fare":79.9,"timestamp":"2025-05-05T02:58:16.131Z"}
{"level":"info","message":"📤 Published ride request RIDE-1746413896114-nmuzz936q to Kafka","timestamp":"2025-05-05T02:58:16.191Z"}
{"level":"info","message":"📤 Published ride request RIDE-1746413896114-ir2s8kv9y to Kafka","timestamp":"2025-05-05T02:58:16.193Z"}
{"level":"info","message":"📤 Published ride request RIDE-1746413896128-62ywh8co6 to Kafka","timestamp":"2025-05-05T02:58:16.207Z"}
{"level":"info","message":"📤 Published ride request RIDE-1746413896128-klkx1cacr to Kafka","timestamp":"2025-05-05T02:58:16.207Z"}
{"level":"info","message":"🔎 ML response payload:","predicted_fare":-3.93,"timestamp":"2025-05-05T02:58:18.202Z"}
{"level":"info","message":"🔎 ML response payload:","predicted_fare":32.81,"timestamp":"2025-05-05T02:58:18.203Z"}
{"level":"info","message":"🔎 ML response payload:","predicted_fare":5.75,"timestamp":"2025-05-05T02:58:18.204Z"}
{"level":"info","message":"📤 Published ride request RIDE-1746413898200-j6kla58sh to Kafka","timestamp":"2025-05-05T02:58:18.277Z"}
{"level":"info","message":"📤 Published ride request RIDE-1746413898200-ixm8zn8wq to Kafka","timestamp":"2025-05-05T02:58:18.279Z"}
{"level":"info","message":"📤 Published ride request RIDE-1746413898200-aifznmcls to Kafka","timestamp":"2025-05-05T02:58:18.281Z"}
{"level":"info","message":"🔎 ML response payload:","predicted_fare":2.18,"timestamp":"2025-05-05T02:58:20.027Z"}
{"level":"info","message":"🔎 ML response payload:","predicted_fare":42.24,"timestamp":"2025-05-05T02:58:20.071Z"}
{"level":"info","message":"🔎 ML response payload:","predicted_fare":40.79,"timestamp":"2025-05-05T02:58:20.089Z"}
{"level":"info","message":"📤 Published ride request RIDE-1746413900026-3xlq5lqd0 to Kafka","timestamp":"2025-05-05T02:58:20.150Z"}
{"level":"info","message":"📤 Published ride request RIDE-1746413900087-q8c9rgsz4 to Kafka","timestamp":"2025-05-05T02:58:20.222Z"}
{"level":"info","message":"📤 Published ride request RIDE-1746413900070-c57f8bovb to Kafka","timestamp":"2025-05-05T02:58:20.225Z"}
{"level":"info","message":"🔎 ML response payload:","predicted_fare":21.96,"timestamp":"2025-05-05T02:58:21.672Z"}
{"level":"info","message":"🔎 ML response payload:","predicted_fare":36.65,"timestamp":"2025-05-05T02:58:21.672Z"}
{"level":"info","message":"📤 Published ride request RIDE-1746413901670-knzat0b5h to Kafka","timestamp":"2025-05-05T02:58:21.796Z"}
{"level":"info","message":"📤 Published ride request RIDE-1746413901669-mwoipya0q to Kafka","timestamp":"2025-05-05T02:58:21.799Z"}
{"level":"info","message":"🔎 ML response payload:","predicted_fare":10.23,"timestamp":"2025-05-05T02:58:23.179Z"}
{"level":"info","message":"🔎 ML response payload:","predicted_fare":38.36,"timestamp":"2025-05-05T02:58:23.266Z"}
{"level":"info","message":"📤 Published ride request RIDE-1746413903177-kor25h1le to Kafka","timestamp":"2025-05-05T02:58:23.297Z"}
{"level":"info","message":"📤 Published ride request RIDE-1746413903264-2uw2ey8wt to Kafka","timestamp":"2025-05-05T02:58:23.367Z"}
{"level":"info","message":"🔎 ML response payload:","predicted_fare":114.15,"timestamp":"2025-05-05T02:58:24.906Z"}
{"level":"info","message":"📤 Published ride request RIDE-1746413904902-o2tkaibt2 to Kafka","timestamp":"2025-05-05T02:58:24.980Z"}
{"level":"info","message":"🔎 ML response payload:","predicted_fare":27.98,"timestamp":"2025-05-05T02:58:27.012Z"}
{"level":"info","message":"🔎 ML response payload:","predicted_fare":17.67,"timestamp":"2025-05-05T02:58:27.013Z"}
{"level":"info","message":"📤 Published ride request RIDE-1746413907009-6855409q2 to Kafka","timestamp":"2025-05-05T02:58:27.086Z"}
{"level":"info","message":"📤 Published ride request RIDE-1746413907010-p6xzvggwq to Kafka","timestamp":"2025-05-05T02:58:27.090Z"}
{"level":"info","message":"🔎 ML response payload:","predicted_fare":2.09,"timestamp":"2025-05-05T02:58:29.018Z"}
{"level":"info","message":"🔎 ML response payload:","predicted_fare":22.42,"timestamp":"2025-05-05T02:58:29.054Z"}
{"level":"info","message":"🔎 ML response payload:","predicted_fare":12.29,"timestamp":"2025-05-05T02:58:29.055Z"}
{"level":"info","message":"🔎 ML response payload:","predicted_fare":52.59,"timestamp":"2025-05-05T02:58:29.055Z"}
{"level":"info","message":"🔎 ML response payload:","predicted_fare":13.47,"timestamp":"2025-05-05T02:58:29.085Z"}
{"level":"info","message":"📤 Published ride request RIDE-1746413909051-z0slfd413 to Kafka","timestamp":"2025-05-05T02:58:29.135Z"}
{"level":"info","message":"📤 Published ride request RIDE-1746413909050-0j0b8bw4d to Kafka","timestamp":"2025-05-05T02:58:29.135Z"}
{"level":"info","message":"📤 Published ride request RIDE-1746413909016-jgf41fxlj to Kafka","timestamp":"2025-05-05T02:58:29.139Z"}
{"level":"info","message":"📤 Published ride request RIDE-1746413909052-xz9nw82wb to Kafka","timestamp":"2025-05-05T02:58:29.140Z"}
{"level":"info","message":"📤 Published ride request RIDE-1746413909083-loslmgmuy to Kafka","timestamp":"2025-05-05T02:58:29.162Z"}
{"level":"info","message":"🔎 ML response payload:","predicted_fare":9.53,"timestamp":"2025-05-05T02:58:30.735Z"}
{"level":"info","message":"🔎 ML response payload:","predicted_fare":30.95,"timestamp":"2025-05-05T02:58:30.736Z"}
{"level":"info","message":"🔎 ML response payload:","predicted_fare":23.33,"timestamp":"2025-05-05T02:58:30.737Z"}
{"level":"info","message":"🔎 ML response payload:","predicted_fare":23.94,"timestamp":"2025-05-05T02:58:30.737Z"}
{"level":"info","message":"🔎 ML response payload:","predicted_fare":48.42,"timestamp":"2025-05-05T02:58:30.737Z"}
{"level":"info","message":"🔎 ML response payload:","predicted_fare":46.75,"timestamp":"2025-05-05T02:58:30.790Z"}
{"level":"info","message":"📤 Published ride request RIDE-1746413910731-jtmd3s65f to Kafka","timestamp":"2025-05-05T02:58:30.811Z"}
{"level":"info","message":"📤 Published ride request RIDE-1746413910732-r5e4vm2ee to Kafka","timestamp":"2025-05-05T02:58:30.811Z"}
{"level":"info","message":"📤 Published ride request RIDE-1746413910730-u8it0l99e to Kafka","timestamp":"2025-05-05T02:58:30.812Z"}
{"level":"info","message":"📤 Published ride request RIDE-1746413910731-ptv09y6cp to Kafka","timestamp":"2025-05-05T02:58:30.813Z"}
{"level":"info","message":"📤 Published ride request RIDE-1746413910729-8b47w2s2r to Kafka","timestamp":"2025-05-05T02:58:30.813Z"}
{"level":"info","message":"📤 Published ride request RIDE-1746413910789-p7sy5u23x to Kafka","timestamp":"2025-05-05T02:58:30.864Z"}
{"level":"info","message":"🔎 ML response payload:","predicted_fare":21.82,"timestamp":"2025-05-05T02:58:32.088Z"}
{"level":"info","message":"🔎 ML response payload:","predicted_fare":18.33,"timestamp":"2025-05-05T02:58:32.103Z"}
{"level":"info","message":"🔎 ML response payload:","predicted_fare":67.02,"timestamp":"2025-05-05T02:58:32.134Z"}
{"level":"info","message":"🔎 ML response payload:","predicted_fare":36.64,"timestamp":"2025-05-05T02:58:32.135Z"}
{"level":"info","message":"🔎 ML response payload:","predicted_fare":27.09,"timestamp":"2025-05-05T02:58:32.135Z"}
{"level":"info","message":"📤 Published ride request RIDE-1746413912086-q70363y8w to Kafka","timestamp":"2025-05-05T02:58:32.210Z"}
{"level":"info","message":"📤 Published ride request RIDE-1746413912102-wn2lt8z54 to Kafka","timestamp":"2025-05-05T02:58:32.210Z"}
{"level":"info","message":"📤 Published ride request RIDE-1746413912133-hjo5hhzhk to Kafka","timestamp":"2025-05-05T02:58:32.280Z"}
{"level":"info","message":"📤 Published ride request RIDE-1746413912132-pqqtmmw5t to Kafka","timestamp":"2025-05-05T02:58:32.284Z"}
{"level":"info","message":"📤 Published ride request RIDE-1746413912132-1y9ul33cr to Kafka","timestamp":"2025-05-05T02:58:32.284Z"}
{"level":"info","message":"🔎 ML response payload:","predicted_fare":37.2,"timestamp":"2025-05-05T02:58:33.690Z"}
{"level":"info","message":"🔎 ML response payload:","predicted_fare":21.84,"timestamp":"2025-05-05T02:58:33.706Z"}
{"level":"info","message":"🔎 ML response payload:","predicted_fare":28.06,"timestamp":"2025-05-05T02:58:33.765Z"}
{"level":"info","message":"📤 Published ride request RIDE-1746413913688-3pfobw4kv to Kafka","timestamp":"2025-05-05T02:58:33.783Z"}
{"level":"info","message":"📤 Published ride request RIDE-1746413913764-uj9ypblq6 to Kafka","timestamp":"2025-05-05T02:58:33.854Z"}
{"level":"info","message":"📤 Published ride request RIDE-1746413913704-j7ef0xb60 to Kafka","timestamp":"2025-05-05T02:58:33.857Z"}
{"level":"info","message":"🔎 ML response payload:","predicted_fare":34.26,"timestamp":"2025-05-05T02:58:35.219Z"}
{"level":"info","message":"🔎 ML response payload:","predicted_fare":12.45,"timestamp":"2025-05-05T02:58:35.299Z"}
{"level":"info","message":"📤 Published ride request RIDE-1746413915217-82hjp1ir3 to Kafka","timestamp":"2025-05-05T02:58:35.355Z"}
{"level":"info","message":"📤 Published ride request RIDE-1746413915297-7wujxuina to Kafka","timestamp":"2025-05-05T02:58:35.425Z"}
{"level":"info","message":"🔎 ML response payload:","predicted_fare":24.78,"timestamp":"2025-05-05T02:58:36.114Z"}
{"level":"info","message":"🔎 ML response payload:","predicted_fare":31.57,"timestamp":"2025-05-05T02:58:36.169Z"}
{"level":"info","message":"📤 Published ride request RIDE-1746413916112-78sg1kyjj to Kafka","timestamp":"2025-05-05T02:58:36.187Z"}
{"level":"info","message":"📤 Published ride request RIDE-1746413916167-qsu7oa9tn to Kafka","timestamp":"2025-05-05T02:58:36.246Z"}
{"level":"info","message":"🔎 ML response payload:","predicted_fare":37.77,"timestamp":"2025-05-05T02:58:36.783Z"}
{"level":"info","message":"🔎 ML response payload:","predicted_fare":25.77,"timestamp":"2025-05-05T02:58:36.902Z"}
{"level":"info","message":"🔎 ML response payload:","predicted_fare":55.02,"timestamp":"2025-05-05T02:58:36.919Z"}
{"level":"info","message":"📤 Published ride request RIDE-1746413916780-00p04ipmd to Kafka","timestamp":"2025-05-05T02:58:36.927Z"}
{"level":"info","message":"📤 Published ride request RIDE-1746413916900-ch59pju5h to Kafka","timestamp":"2025-05-05T02:58:36.998Z"}
{"level":"info","message":"📤 Published ride request RIDE-1746413916917-pueds0rmd to Kafka","timestamp":"2025-05-05T02:58:37.003Z"}
{"level":"info","message":"🔎 ML response payload:","predicted_fare":25.6,"timestamp":"2025-05-05T02:58:42.410Z"}
{"level":"info","message":"📤 Published ride request RIDE-1746413922407-ixrpg0din to Kafka","timestamp":"2025-05-05T02:58:42.492Z"}
{"level":"info","message":"🔎 ML response payload:","predicted_fare":14.78,"timestamp":"2025-05-05T02:58:47.496Z"}
{"level":"info","message":"📤 Published ride request RIDE-1746413927493-uhfwy0gc2 to Kafka","timestamp":"2025-05-05T02:58:47.574Z"}
{"level":"info","message":"🔎 ML response payload:","predicted_fare":18.65,"timestamp":"2025-05-05T02:58:47.580Z"}
{"level":"info","message":"🔎 ML response payload:","predicted_fare":61.6,"timestamp":"2025-05-05T02:58:47.581Z"}
{"level":"info","message":"🔎 ML response payload:","predicted_fare":13.9,"timestamp":"2025-05-05T02:58:47.581Z"}
{"level":"info","message":"🔎 ML response payload:","predicted_fare":78.29,"timestamp":"2025-05-05T02:58:47.582Z"}
{"level":"info","message":"🔎 ML response payload:","predicted_fare":13.38,"timestamp":"2025-05-05T02:58:47.599Z"}
{"level":"info","message":"🔎 ML response payload:","predicted_fare":20.22,"timestamp":"2025-05-05T02:58:47.600Z"}
{"level":"info","message":"🔎 ML response payload:","predicted_fare":32.8,"timestamp":"2025-05-05T02:58:47.601Z"}
{"level":"info","message":"📤 Published ride request RIDE-1746413927577-2o7om7fsx to Kafka","timestamp":"2025-05-05T02:58:47.655Z"}
{"level":"info","message":"📤 Published ride request RIDE-1746413927576-q8brq7xgb to Kafka","timestamp":"2025-05-05T02:58:47.658Z"}
{"level":"info","message":"📤 Published ride request RIDE-1746413927577-ara6xtd25 to Kafka","timestamp":"2025-05-05T02:58:47.659Z"}
{"level":"info","message":"📤 Published ride request RIDE-1746413927577-ysmhbu2fu to Kafka","timestamp":"2025-05-05T02:58:47.659Z"}
{"level":"info","message":"📤 Published ride request RIDE-1746413927597-rll1rxu8u to Kafka","timestamp":"2025-05-05T02:58:47.673Z"}
{"level":"info","message":"📤 Published ride request RIDE-1746413927598-nn18whzns to Kafka","timestamp":"2025-05-05T02:58:47.675Z"}
{"level":"info","message":"📤 Published ride request RIDE-1746413927598-xflt1nup1 to Kafka","timestamp":"2025-05-05T02:58:47.676Z"}
{"level":"info","message":"🔎 ML response payload:","predicted_fare":30.51,"timestamp":"2025-05-05T02:58:47.676Z"}
{"level":"info","message":"🔎 ML response payload:","predicted_fare":25.45,"timestamp":"2025-05-05T02:58:47.717Z"}
{"level":"info","message":"🔎 ML response payload:","predicted_fare":12.54,"timestamp":"2025-05-05T02:58:47.718Z"}
{"level":"info","message":"🔎 ML response payload:","predicted_fare":61.48,"timestamp":"2025-05-05T02:58:47.732Z"}
{"level":"info","message":"📤 Published ride request RIDE-1746413927675-bu04wyijw to Kafka","timestamp":"2025-05-05T02:58:47.750Z"}
{"level":"info","message":"📤 Published ride request RIDE-1746413927715-ftaf4hpbh to Kafka","timestamp":"2025-05-05T02:58:47.790Z"}
{"level":"info","message":"📤 Published ride request RIDE-1746413927715-r1h41v1pi to Kafka","timestamp":"2025-05-05T02:58:47.791Z"}
{"level":"info","message":"📤 Published ride request RIDE-1746413927730-3xk0umufj to Kafka","timestamp":"2025-05-05T02:58:47.808Z"}
{"level":"info","message":"🔎 ML response payload:","predicted_fare":32,"timestamp":"2025-05-05T02:58:52.106Z"}
{"level":"info","message":"🔎 ML response payload:","predicted_fare":41.76,"timestamp":"2025-05-05T02:58:52.108Z"}
{"level":"info","message":"🔎 ML response payload:","predicted_fare":83.61,"timestamp":"2025-05-05T02:58:52.111Z"}
{"level":"info","message":"🔎 ML response payload:","predicted_fare":45.38,"timestamp":"2025-05-05T02:58:52.112Z"}
{"level":"info","message":"🔎 ML response payload:","predicted_fare":33.49,"timestamp":"2025-05-05T02:58:52.112Z"}
{"level":"info","message":"🔎 ML response payload:","predicted_fare":95.86,"timestamp":"2025-05-05T02:58:52.113Z"}
{"level":"info","message":"🔎 ML response payload:","predicted_fare":53.88,"timestamp":"2025-05-05T02:58:52.113Z"}
{"level":"info","message":"🔎 ML response payload:","predicted_fare":13.58,"timestamp":"2025-05-05T02:58:52.113Z"}
{"level":"info","message":"🔎 ML response payload:","predicted_fare":38.67,"timestamp":"2025-05-05T02:58:52.114Z"}
{"level":"info","message":"🔎 ML response payload:","predicted_fare":13.1,"timestamp":"2025-05-05T02:58:52.114Z"}
{"level":"info","message":"🔎 ML response payload:","predicted_fare":23.31,"timestamp":"2025-05-05T02:58:52.114Z"}
{"level":"info","message":"🔎 ML response payload:","predicted_fare":5.56,"timestamp":"2025-05-05T02:58:52.115Z"}
{"level":"info","message":"🔎 ML response payload:","predicted_fare":21.86,"timestamp":"2025-05-05T02:58:52.153Z"}
{"level":"info","message":"📤 Published ride request RIDE-1746413932104-636zyjjos to Kafka","timestamp":"2025-05-05T02:58:52.204Z"}
{"level":"info","message":"📤 Published ride request RIDE-1746413932104-sl1cxjd07 to Kafka","timestamp":"2025-05-05T02:58:52.204Z"}
{"level":"info","message":"📤 Published ride request RIDE-1746413932102-o7v954r8m to Kafka","timestamp":"2025-05-05T02:58:52.204Z"}
{"level":"info","message":"📤 Published ride request RIDE-1746413932102-gy15a6tl4 to Kafka","timestamp":"2025-05-05T02:58:52.205Z"}
{"level":"info","message":"📤 Published ride request RIDE-1746413932103-5x0x16ign to Kafka","timestamp":"2025-05-05T02:58:52.209Z"}
{"level":"info","message":"📤 Published ride request RIDE-1746413932101-8nos2jx77 to Kafka","timestamp":"2025-05-05T02:58:52.209Z"}
{"level":"info","message":"📤 Published ride request RIDE-1746413932103-se3tbsd0i to Kafka","timestamp":"2025-05-05T02:58:52.209Z"}
{"level":"info","message":"📤 Published ride request RIDE-1746413932103-veqgu4tjf to Kafka","timestamp":"2025-05-05T02:58:52.211Z"}
{"level":"info","message":"📤 Published ride request RIDE-1746413932104-gw1f9163i to Kafka","timestamp":"2025-05-05T02:58:52.212Z"}
{"level":"info","message":"📤 Published ride request RIDE-1746413932104-zknckznye to Kafka","timestamp":"2025-05-05T02:58:52.213Z"}
{"level":"info","message":"🔎 ML response payload:","predicted_fare":132.96,"timestamp":"2025-05-05T02:58:52.261Z"}
{"level":"info","message":"🔎 ML response payload:","predicted_fare":29.92,"timestamp":"2025-05-05T02:58:52.262Z"}
{"level":"info","message":"📤 Published ride request RIDE-1746413932151-q9pcpsm12 to Kafka","timestamp":"2025-05-05T02:58:52.292Z"}
{"level":"info","message":"📤 Published ride request RIDE-1746413932260-icredk2re to Kafka","timestamp":"2025-05-05T02:58:52.339Z"}
{"level":"info","message":"📤 Published ride request RIDE-1746413932260-rx21bh5mg to Kafka","timestamp":"2025-05-05T02:58:52.340Z"}
{"level":"info","message":"📤 Published ride request RIDE-1746413932105-uw11cwnyn to Kafka","timestamp":"2025-05-05T02:58:52.654Z"}
{"level":"info","message":"📤 Published ride request RIDE-1746413932106-nan59tsw8 to Kafka","timestamp":"2025-05-05T02:58:52.655Z"}
{"level":"info","message":"🔎 ML response payload:","predicted_fare":39.08,"timestamp":"2025-05-05T02:58:54.518Z"}
{"level":"info","message":"🔎 ML response payload:","predicted_fare":39.16,"timestamp":"2025-05-05T02:58:54.518Z"}
{"level":"info","message":"🔎 ML response payload:","predicted_fare":53.49,"timestamp":"2025-05-05T02:58:54.575Z"}
{"level":"info","message":"📤 Published ride request RIDE-1746413934516-fx39hqnwm to Kafka","timestamp":"2025-05-05T02:58:54.592Z"}
{"level":"info","message":"📤 Published ride request RIDE-1746413934516-9nfonnmgb to Kafka","timestamp":"2025-05-05T02:58:54.592Z"}
{"level":"info","message":"🔎 ML response payload:","predicted_fare":41.01,"timestamp":"2025-05-05T02:58:54.608Z"}
{"level":"info","message":"🔎 ML response payload:","predicted_fare":22.38,"timestamp":"2025-05-05T02:58:54.614Z"}
{"level":"info","message":"🔎 ML response payload:","predicted_fare":12.93,"timestamp":"2025-05-05T02:58:54.615Z"}
{"level":"info","message":"🔎 ML response payload:","predicted_fare":15.21,"timestamp":"2025-05-05T02:58:54.626Z"}
{"level":"info","message":"📤 Published ride request RIDE-1746413934574-t2ikx2hfq to Kafka","timestamp":"2025-05-05T02:58:54.652Z"}
{"level":"info","message":"🔎 ML response payload:","predicted_fare":22.72,"timestamp":"2025-05-05T02:58:54.713Z"}
{"level":"info","message":"🔎 ML response payload:","predicted_fare":20.67,"timestamp":"2025-05-05T02:58:54.714Z"}
{"level":"info","message":"📤 Published ride request RIDE-1746413934606-lzk19o5up to Kafka","timestamp":"2025-05-05T02:58:54.754Z"}
{"level":"info","message":"📤 Published ride request RIDE-1746413934612-v54chi4mc to Kafka","timestamp":"2025-05-05T02:58:54.754Z"}
{"level":"info","message":"📤 Published ride request RIDE-1746413934613-0wr6c1hra to Kafka","timestamp":"2025-05-05T02:58:54.754Z"}
{"level":"info","message":"📤 Published ride request RIDE-1746413934625-twliwm582 to Kafka","timestamp":"2025-05-05T02:58:54.754Z"}
{"level":"info","message":"📤 Published ride request RIDE-1746413934711-uxb8xv75j to Kafka","timestamp":"2025-05-05T02:58:54.828Z"}
{"level":"info","message":"📤 Published ride request RIDE-1746413934711-rokwci1q1 to Kafka","timestamp":"2025-05-05T02:58:54.828Z"}
{"level":"info","message":"🔎 ML response payload:","predicted_fare":35.63,"timestamp":"2025-05-05T02:58:54.858Z"}
{"level":"info","message":"🔎 ML response payload:","predicted_fare":9.19,"timestamp":"2025-05-05T02:58:54.859Z"}
{"level":"info","message":"🔎 ML response payload:","predicted_fare":11.81,"timestamp":"2025-05-05T02:58:54.859Z"}
{"level":"info","message":"📤 Published ride request RIDE-1746413934856-jy6typkg1 to Kafka","timestamp":"2025-05-05T02:58:54.932Z"}
{"level":"info","message":"📤 Published ride request RIDE-1746413934856-l69epy1p6 to Kafka","timestamp":"2025-05-05T02:58:54.934Z"}
{"level":"info","message":"📤 Published ride request RIDE-1746413934855-t5vqft1li to Kafka","timestamp":"2025-05-05T02:58:54.935Z"}
{"level":"info","message":"🔎 ML response payload:","predicted_fare":11.92,"timestamp":"2025-05-05T02:59:03.150Z"}
{"level":"info","message":"🔎 ML response payload:","predicted_fare":26.9,"timestamp":"2025-05-05T02:59:03.151Z"}
{"level":"info","message":"🔎 ML response payload:","predicted_fare":46.53,"timestamp":"2025-05-05T02:59:03.205Z"}
{"level":"info","message":"🔎 ML response payload:","predicted_fare":17.93,"timestamp":"2025-05-05T02:59:03.205Z"}
{"level":"info","message":"📤 Published ride request RIDE-1746413943148-w2qprbi9u to Kafka","timestamp":"2025-05-05T02:59:03.227Z"}
{"level":"info","message":"📤 Published ride request RIDE-1746413943147-culw99zy9 to Kafka","timestamp":"2025-05-05T02:59:03.228Z"}
{"level":"info","message":"📤 Published ride request RIDE-1746413943202-910fbust8 to Kafka","timestamp":"2025-05-05T02:59:03.278Z"}
{"level":"info","message":"📤 Published ride request RIDE-1746413943202-w3oq66bk7 to Kafka","timestamp":"2025-05-05T02:59:03.283Z"}
{"level":"info","message":"🔎 ML response payload:","predicted_fare":33.51,"timestamp":"2025-05-05T02:59:04.953Z"}
{"level":"info","message":"🔎 ML response payload:","predicted_fare":15.09,"timestamp":"2025-05-05T02:59:04.954Z"}
{"level":"info","message":"🔎 ML response payload:","predicted_fare":20.16,"timestamp":"2025-05-05T02:59:04.955Z"}
{"level":"info","message":"🔎 ML response payload:","predicted_fare":32.26,"timestamp":"2025-05-05T02:59:04.956Z"}
{"level":"info","message":"🔎 ML response payload:","predicted_fare":20.34,"timestamp":"2025-05-05T02:59:04.956Z"}
{"level":"info","message":"🔎 ML response payload:","predicted_fare":4.76,"timestamp":"2025-05-05T02:59:04.956Z"}
{"level":"info","message":"🔎 ML response payload:","predicted_fare":23.99,"timestamp":"2025-05-05T02:59:04.956Z"}
{"level":"info","message":"📤 Published ride request RIDE-1746413944945-eudf7rzwf to Kafka","timestamp":"2025-05-05T02:59:05.028Z"}
{"level":"info","message":"📤 Published ride request RIDE-1746413944945-n1u5lppua to Kafka","timestamp":"2025-05-05T02:59:05.032Z"}
{"level":"info","message":"📤 Published ride request RIDE-1746413944947-qhbbw2z61 to Kafka","timestamp":"2025-05-05T02:59:05.033Z"}
{"level":"info","message":"📤 Published ride request RIDE-1746413944946-b5harcc7m to Kafka","timestamp":"2025-05-05T02:59:05.033Z"}
{"level":"info","message":"📤 Published ride request RIDE-1746413944947-fsc3sr1xy to Kafka","timestamp":"2025-05-05T02:59:05.034Z"}
{"level":"info","message":"📤 Published ride request RIDE-1746413944946-yltztzh1f to Kafka","timestamp":"2025-05-05T02:59:05.035Z"}
{"level":"info","message":"📤 Published ride request RIDE-1746413944948-4zgbhyun0 to Kafka","timestamp":"2025-05-05T02:59:05.035Z"}
{"level":"info","message":"🔎 ML response payload:","predicted_fare":20.43,"timestamp":"2025-05-05T02:59:06.226Z"}
{"level":"info","message":"📤 Published ride request RIDE-1746413946225-kdg1ng8jd to Kafka","timestamp":"2025-05-05T02:59:06.362Z"}
{"level":"info","message":"🔎 ML response payload:","predicted_fare":18.79,"timestamp":"2025-05-05T02:59:07.463Z"}
{"level":"info","message":"📤 Published ride request RIDE-1746413947461-4bdqgl9pj to Kafka","timestamp":"2025-05-05T02:59:07.553Z"}
{"level":"info","message":"🔎 ML response payload:","predicted_fare":14.88,"timestamp":"2025-05-05T02:59:11.075Z"}
{"level":"info","message":"📤 Published ride request RIDE-1746413951073-mg3n8l29f to Kafka","timestamp":"2025-05-05T02:59:11.153Z"}
{"level":"info","message":"🔎 ML response payload:","predicted_fare":14.52,"timestamp":"2025-05-05T02:59:14.413Z"}
{"level":"info","message":"🔎 ML response payload:","predicted_fare":20.22,"timestamp":"2025-05-05T02:59:14.414Z"}
{"level":"info","message":"🔎 ML response payload:","predicted_fare":18.62,"timestamp":"2025-05-05T02:59:14.414Z"}
{"level":"info","message":"🔎 ML response payload:","predicted_fare":30.91,"timestamp":"2025-05-05T02:59:14.414Z"}
{"level":"info","message":"🔎 ML response payload:","predicted_fare":83.65,"timestamp":"2025-05-05T02:59:14.415Z"}
{"level":"info","message":"📤 Published ride request RIDE-1746413954409-ovqifenbn to Kafka","timestamp":"2025-05-05T02:59:14.488Z"}
{"level":"info","message":"📤 Published ride request RIDE-1746413954410-a2zo5q472 to Kafka","timestamp":"2025-05-05T02:59:14.489Z"}
{"level":"info","message":"📤 Published ride request RIDE-1746413954408-2fc7s1vhp to Kafka","timestamp":"2025-05-05T02:59:14.491Z"}
{"level":"info","message":"📤 Published ride request RIDE-1746413954409-54j19ih4l to Kafka","timestamp":"2025-05-05T02:59:14.491Z"}
{"level":"info","message":"📤 Published ride request RIDE-1746413954410-z66t8gopa to Kafka","timestamp":"2025-05-05T02:59:14.492Z"}
{"level":"info","message":"🔎 ML response payload:","predicted_fare":24.86,"timestamp":"2025-05-05T02:59:15.576Z"}
{"level":"info","message":"🔎 ML response payload:","predicted_fare":28.9,"timestamp":"2025-05-05T02:59:15.579Z"}
{"level":"info","message":"🔎 ML response payload:","predicted_fare":34.86,"timestamp":"2025-05-05T02:59:15.580Z"}
{"level":"info","message":"🔎 ML response payload:","predicted_fare":46.16,"timestamp":"2025-05-05T02:59:15.580Z"}
{"level":"info","message":"🔎 ML response payload:","predicted_fare":20.04,"timestamp":"2025-05-05T02:59:15.581Z"}
{"level":"info","message":"🔎 ML response payload:","predicted_fare":26.19,"timestamp":"2025-05-05T02:59:15.582Z"}
{"level":"info","message":"🔎 ML response payload:","predicted_fare":92.04,"timestamp":"2025-05-05T02:59:15.582Z"}
{"level":"info","message":"🔎 ML response payload:","predicted_fare":22.4,"timestamp":"2025-05-05T02:59:15.582Z"}
{"level":"info","message":"🔎 ML response payload:","predicted_fare":38.67,"timestamp":"2025-05-05T02:59:15.583Z"}
{"level":"info","message":"🔎 ML response payload:","predicted_fare":25.47,"timestamp":"2025-05-05T02:59:15.583Z"}
{"level":"info","message":"📤 Published ride request RIDE-1746413955574-rfq7bwa02 to Kafka","timestamp":"2025-05-05T02:59:15.726Z"}
{"level":"info","message":"📤 Published ride request RIDE-1746413955573-dynyqgd8o to Kafka","timestamp":"2025-05-05T02:59:15.728Z"}
{"level":"info","message":"📤 Published ride request RIDE-1746413955577-px592tr6s to Kafka","timestamp":"2025-05-05T02:59:15.728Z"}
{"level":"info","message":"📤 Published ride request RIDE-1746413955575-u2rzx2ko1 to Kafka","timestamp":"2025-05-05T02:59:15.728Z"}
{"level":"info","message":"📤 Published ride request RIDE-1746413955574-jpyk6ocj3 to Kafka","timestamp":"2025-05-05T02:59:15.729Z"}
{"level":"info","message":"📤 Published ride request RIDE-1746413955574-zjqo8yt9k to Kafka","timestamp":"2025-05-05T02:59:15.729Z"}
{"level":"info","message":"📤 Published ride request RIDE-1746413955577-yi2p8l2sy to Kafka","timestamp":"2025-05-05T02:59:15.730Z"}
{"level":"info","message":"📤 Published ride request RIDE-1746413955574-w0b0qaz4i to Kafka","timestamp":"2025-05-05T02:59:15.731Z"}
{"level":"info","message":"📤 Published ride request RIDE-1746413955576-6uhji3kgg to Kafka","timestamp":"2025-05-05T02:59:15.731Z"}
{"level":"info","message":"📤 Published ride request RIDE-1746413955577-0cs5e3tvq to Kafka","timestamp":"2025-05-05T02:59:15.731Z"}
{"level":"info","message":"🔎 ML response payload:","predicted_fare":32.5,"timestamp":"2025-05-05T02:59:17.800Z"}
{"level":"info","message":"📤 Published ride request RIDE-1746413957797-4qb23z3a1 to Kafka","timestamp":"2025-05-05T02:59:17.897Z"}
{"level":"info","message":"🔎 ML response payload:","predicted_fare":41.63,"timestamp":"2025-05-05T02:59:20.896Z"}
{"level":"info","message":"🔎 ML response payload:","predicted_fare":38.79,"timestamp":"2025-05-05T02:59:20.897Z"}
{"level":"info","message":"📤 Published ride request RIDE-1746413960894-8u9dskezm to Kafka","timestamp":"2025-05-05T02:59:21.042Z"}
{"level":"info","message":"📤 Published ride request RIDE-1746413960894-emy9ycmro to Kafka","timestamp":"2025-05-05T02:59:21.043Z"}
{"level":"info","message":"🔎 ML response payload:","predicted_fare":30.75,"timestamp":"2025-05-05T02:59:25.977Z"}
{"level":"info","message":"🔎 ML response payload:","predicted_fare":11.81,"timestamp":"2025-05-05T02:59:25.980Z"}
{"level":"info","message":"🔎 ML response payload:","predicted_fare":11.21,"timestamp":"2025-05-05T02:59:25.980Z"}
{"level":"info","message":"🔎 ML response payload:","predicted_fare":26.31,"timestamp":"2025-05-05T02:59:25.981Z"}
{"level":"info","message":"🔎 ML response payload:","predicted_fare":12.42,"timestamp":"2025-05-05T02:59:25.981Z"}
{"level":"info","message":"🔎 ML response payload:","predicted_fare":16.86,"timestamp":"2025-05-05T02:59:25.981Z"}
{"level":"info","message":"🔎 ML response payload:","predicted_fare":3.41,"timestamp":"2025-05-05T02:59:25.982Z"}
{"level":"info","message":"🔎 ML response payload:","predicted_fare":30.26,"timestamp":"2025-05-05T02:59:25.982Z"}
{"level":"info","message":"🔎 ML response payload:","predicted_fare":22.42,"timestamp":"2025-05-05T02:59:25.982Z"}
{"level":"info","message":"🔎 ML response payload:","predicted_fare":7.06,"timestamp":"2025-05-05T02:59:25.983Z"}
{"level":"info","message":"📤 Published ride request RIDE-1746413965972-r525wwdf7 to Kafka","timestamp":"2025-05-05T02:59:26.054Z"}
{"level":"info","message":"📤 Published ride request RIDE-1746413965973-t1veathgp to Kafka","timestamp":"2025-05-05T02:59:26.056Z"}
{"level":"info","message":"📤 Published ride request RIDE-1746413965974-dqzxf0ikl to Kafka","timestamp":"2025-05-05T02:59:26.057Z"}
{"level":"info","message":"📤 Published ride request RIDE-1746413965974-ys6lqdr4z to Kafka","timestamp":"2025-05-05T02:59:26.057Z"}
{"level":"info","message":"📤 Published ride request RIDE-1746413965972-lgbwdidfa to Kafka","timestamp":"2025-05-05T02:59:26.057Z"}
{"level":"info","message":"📤 Published ride request RIDE-1746413965975-p9sglk06b to Kafka","timestamp":"2025-05-05T02:59:26.057Z"}
{"level":"info","message":"📤 Published ride request RIDE-1746413965973-row45qjst to Kafka","timestamp":"2025-05-05T02:59:26.059Z"}
{"level":"info","message":"📤 Published ride request RIDE-1746413965972-t3dhaltrp to Kafka","timestamp":"2025-05-05T02:59:26.059Z"}
{"level":"info","message":"📤 Published ride request RIDE-1746413965973-txyunuu5i to Kafka","timestamp":"2025-05-05T02:59:26.060Z"}
{"level":"info","message":"📤 Published ride request RIDE-1746413965974-hcx4ulc0l to Kafka","timestamp":"2025-05-05T02:59:26.061Z"}
{"level":"info","message":"🔎 ML response payload:","predicted_fare":35.93,"timestamp":"2025-05-05T02:59:27.002Z"}
{"level":"info","message":"📤 Published ride request RIDE-1746413967000-2u8kf05dx to Kafka","timestamp":"2025-05-05T02:59:27.080Z"}
{"level":"info","message":"🔎 ML response payload:","predicted_fare":73.34,"timestamp":"2025-05-05T02:59:27.882Z"}
{"level":"info","message":"📤 Published ride request RIDE-1746413967880-rlegrezzj to Kafka","timestamp":"2025-05-05T02:59:27.959Z"}
{"level":"info","message":"🔎 ML response payload:","predicted_fare":6.69,"timestamp":"2025-05-05T02:59:33.901Z"}
{"level":"info","message":"🔎 ML response payload:","predicted_fare":52.39,"timestamp":"2025-05-05T02:59:33.901Z"}
{"level":"info","message":"📤 Published ride request RIDE-1746413973898-lsar38v2l to Kafka","timestamp":"2025-05-05T02:59:33.981Z"}
{"level":"info","message":"📤 Published ride request RIDE-1746413973898-a1pbj5krf to Kafka","timestamp":"2025-05-05T02:59:33.982Z"}
{"level":"info","message":"🔎 ML response payload:","predicted_fare":20.96,"timestamp":"2025-05-05T02:59:36.676Z"}
{"level":"info","message":"📤 Published ride request RIDE-1746413976674-urjtxztu8 to Kafka","timestamp":"2025-05-05T02:59:36.770Z"}
{"level":"info","message":"🔎 ML response payload:","predicted_fare":35.26,"timestamp":"2025-05-05T02:59:37.810Z"}
{"level":"info","message":"🔎 ML response payload:","predicted_fare":24.95,"timestamp":"2025-05-05T02:59:37.810Z"}
{"level":"info","message":"🔎 ML response payload:","predicted_fare":48.71,"timestamp":"2025-05-05T02:59:37.832Z"}
{"level":"info","message":"🔎 ML response payload:","predicted_fare":23.06,"timestamp":"2025-05-05T02:59:37.832Z"}
{"level":"info","message":"🔎 ML response payload:","predicted_fare":12.02,"timestamp":"2025-05-05T02:59:37.833Z"}
{"level":"info","message":"🔎 ML response payload:","predicted_fare":7.3,"timestamp":"2025-05-05T02:59:37.833Z"}
{"level":"info","message":"🔎 ML response payload:","predicted_fare":42.37,"timestamp":"2025-05-05T02:59:37.834Z"}
{"level":"info","message":"📤 Published ride request RIDE-1746413977807-2unwkosxa to Kafka","timestamp":"2025-05-05T02:59:37.887Z"}
{"level":"info","message":"📤 Published ride request RIDE-1746413977808-7r1s380wi to Kafka","timestamp":"2025-05-05T02:59:37.889Z"}
{"level":"info","message":"📤 Published ride request RIDE-1746413977828-m70k4l4ax to Kafka","timestamp":"2025-05-05T02:59:37.906Z"}
{"level":"info","message":"📤 Published ride request RIDE-1746413977829-qqdx9jij9 to Kafka","timestamp":"2025-05-05T02:59:37.907Z"}
{"level":"info","message":"📤 Published ride request RIDE-1746413977828-m7fkwhrep to Kafka","timestamp":"2025-05-05T02:59:37.909Z"}
{"level":"info","message":"📤 Published ride request RIDE-1746413977828-x24ahdbk3 to Kafka","timestamp":"2025-05-05T02:59:37.910Z"}
{"level":"info","message":"📤 Published ride request RIDE-1746413977829-pnqoeq6hd to Kafka","timestamp":"2025-05-05T02:59:37.910Z"}
{"level":"info","message":"🔎 ML response payload:","predicted_fare":51.71,"timestamp":"2025-05-05T02:59:38.722Z"}
{"level":"info","message":"🔎 ML response payload:","predicted_fare":9.58,"timestamp":"2025-05-05T02:59:38.723Z"}
{"level":"info","message":"🔎 ML response payload:","predicted_fare":1.63,"timestamp":"2025-05-05T02:59:38.723Z"}
{"level":"info","message":"📤 Published ride request RIDE-1746413978718-m7uzw9ruo to Kafka","timestamp":"2025-05-05T02:59:38.866Z"}
{"level":"info","message":"📤 Published ride request RIDE-1746413978719-h1o336lme to Kafka","timestamp":"2025-05-05T02:59:38.867Z"}
{"level":"info","message":"📤 Published ride request RIDE-1746413978719-pe55owset to Kafka","timestamp":"2025-05-05T02:59:38.867Z"}
{"level":"info","message":"🔎 ML response payload:","predicted_fare":20.8,"timestamp":"2025-05-05T02:59:39.570Z"}
{"level":"info","message":"📤 Published ride request RIDE-1746413979568-3vfszm62o to Kafka","timestamp":"2025-05-05T02:59:39.647Z"}
{"level":"info","message":"🔎 ML response payload:","predicted_fare":45.13,"timestamp":"2025-05-05T02:59:40.407Z"}
{"level":"info","message":"📤 Published ride request RIDE-1746413980406-0qdpaldgq to Kafka","timestamp":"2025-05-05T02:59:40.485Z"}
{"level":"info","message":"🔎 ML response payload:","predicted_fare":63.39,"timestamp":"2025-05-05T02:59:41.317Z"}
{"level":"info","message":"📤 Published ride request RIDE-1746413981315-a9s2zilg6 to Kafka","timestamp":"2025-05-05T02:59:41.415Z"}
{"level":"info","message":"🔎 ML response payload:","predicted_fare":53.1,"timestamp":"2025-05-05T02:59:42.181Z"}
{"level":"info","message":"📤 Published ride request RIDE-1746413982178-x5vewlznt to Kafka","timestamp":"2025-05-05T02:59:42.258Z"}
{"level":"info","message":"🔎 ML response payload:","predicted_fare":80.51,"timestamp":"2025-05-05T02:59:43.039Z"}
{"level":"info","message":"📤 Published ride request RIDE-1746413983037-n31runh3f to Kafka","timestamp":"2025-05-05T02:59:43.116Z"}
{"level":"info","message":"🔎 ML response payload:","predicted_fare":38.91,"timestamp":"2025-05-05T02:59:44.000Z"}
{"level":"info","message":"📤 Published ride request RIDE-1746413983998-pyu7vhe64 to Kafka","timestamp":"2025-05-05T02:59:44.111Z"}
{"level":"info","message":"🔎 ML response payload:","predicted_fare":30.42,"timestamp":"2025-05-05T02:59:45.087Z"}
{"level":"info","message":"📤 Published ride request RIDE-1746413985085-qq5aivvo4 to Kafka","timestamp":"2025-05-05T02:59:45.164Z"}
{"level":"info","message":"🔎 ML response payload:","predicted_fare":32.82,"timestamp":"2025-05-05T02:59:46.239Z"}
{"level":"info","message":"📤 Published ride request RIDE-1746413986237-mpilpvaj3 to Kafka","timestamp":"2025-05-05T02:59:46.316Z"}
{"level":"info","message":"🔎 ML response payload:","predicted_fare":15.08,"timestamp":"2025-05-05T02:59:47.436Z"}
{"level":"info","message":"📤 Published ride request RIDE-1746413987434-dnzx9kr3m to Kafka","timestamp":"2025-05-05T02:59:47.513Z"}
{"level":"info","message":"🔎 ML response payload:","predicted_fare":36.41,"timestamp":"2025-05-05T02:59:48.400Z"}
{"level":"info","message":"🔎 ML response payload:","predicted_fare":27.69,"timestamp":"2025-05-05T02:59:48.452Z"}
{"level":"info","message":"📤 Published ride request RIDE-1746413988398-f0hlkx7we to Kafka","timestamp":"2025-05-05T02:59:48.476Z"}
{"level":"info","message":"📤 Published ride request RIDE-1746413988450-dzr719m9e to Kafka","timestamp":"2025-05-05T02:59:48.529Z"}
{"level":"info","message":"🔎 ML response payload:","predicted_fare":9.69,"timestamp":"2025-05-05T02:59:49.495Z"}
{"level":"info","message":"🔎 ML response payload:","predicted_fare":12.68,"timestamp":"2025-05-05T02:59:49.551Z"}
{"level":"info","message":"📤 Published ride request RIDE-1746413989493-ksggyn9k3 to Kafka","timestamp":"2025-05-05T02:59:49.571Z"}
{"level":"info","message":"📤 Published ride request RIDE-1746413989549-uywxqjt0g to Kafka","timestamp":"2025-05-05T02:59:49.629Z"}
{"level":"info","message":"🔎 ML response payload:","predicted_fare":29.62,"timestamp":"2025-05-05T02:59:50.724Z"}
{"level":"info","message":"📤 Published ride request RIDE-1746413990722-spb7iumt7 to Kafka","timestamp":"2025-05-05T02:59:50.851Z"}
{"level":"info","message":"🔎 ML response payload:","predicted_fare":30.84,"timestamp":"2025-05-05T02:59:51.662Z"}
{"level":"info","message":"🔎 ML response payload:","predicted_fare":62.48,"timestamp":"2025-05-05T02:59:51.673Z"}
{"level":"info","message":"📤 Published ride request RIDE-1746413991660-hkiq22ox9 to Kafka","timestamp":"2025-05-05T02:59:51.738Z"}
{"level":"info","message":"📤 Published ride request RIDE-1746413991671-zty47pmcx to Kafka","timestamp":"2025-05-05T02:59:51.749Z"}
{"level":"info","message":"🔎 ML response payload:","predicted_fare":37.99,"timestamp":"2025-05-05T02:59:52.634Z"}
{"level":"info","message":"🔎 ML response payload:","predicted_fare":34.19,"timestamp":"2025-05-05T02:59:52.680Z"}
{"level":"info","message":"📤 Published ride request RIDE-1746413992632-v16zialax to Kafka","timestamp":"2025-05-05T02:59:52.711Z"}
{"level":"info","message":"📤 Published ride request RIDE-1746413992678-pnoup7ckb to Kafka","timestamp":"2025-05-05T02:59:52.757Z"}
{"level":"info","message":"🔎 ML response payload:","predicted_fare":82.49,"timestamp":"2025-05-05T02:59:53.654Z"}
{"level":"info","message":"📤 Published ride request RIDE-1746413993652-3wasropyb to Kafka","timestamp":"2025-05-05T02:59:53.734Z"}
{"level":"info","message":"🔎 ML response payload:","predicted_fare":62.11,"timestamp":"2025-05-05T02:59:54.518Z"}
{"level":"info","message":"📤 Published ride request RIDE-1746413994516-bwkgg0zox to Kafka","timestamp":"2025-05-05T02:59:54.599Z"}
{"level":"info","message":"🔎 ML response payload:","predicted_fare":21.69,"timestamp":"2025-05-05T02:59:55.076Z"}
{"level":"info","message":"📤 Published ride request RIDE-1746413995073-g0743d2oy to Kafka","timestamp":"2025-05-05T02:59:55.154Z"}
{"level":"info","message":"🔎 ML response payload:","predicted_fare":21.09,"timestamp":"2025-05-05T02:59:55.271Z"}
{"level":"info","message":"📤 Published ride request RIDE-1746413995269-1ibi8kaq6 to Kafka","timestamp":"2025-05-05T02:59:55.349Z"}
{"level":"info","message":"🔎 ML response payload:","predicted_fare":10.92,"timestamp":"2025-05-05T02:59:55.545Z"}
{"level":"info","message":"🔎 ML response payload:","predicted_fare":15.44,"timestamp":"2025-05-05T02:59:55.591Z"}
{"level":"info","message":"📤 Published ride request RIDE-1746413995543-m8mww4c50 to Kafka","timestamp":"2025-05-05T02:59:55.645Z"}
{"level":"info","message":"📤 Published ride request RIDE-1746413995589-g5tgn23ag to Kafka","timestamp":"2025-05-05T02:59:55.667Z"}
{"level":"info","message":"🔎 ML response payload:","predicted_fare":15.77,"timestamp":"2025-05-05T02:59:57.000Z"}
{"level":"info","message":"🔎 ML response payload:","predicted_fare":46.2,"timestamp":"2025-05-05T02:59:57.122Z"}
{"level":"info","message":"📤 Published ride request RIDE-1746413996998-co2gzou06 to Kafka","timestamp":"2025-05-05T02:59:57.144Z"}
{"level":"info","message":"📤 Published ride request RIDE-1746413997120-dxr3oon3a to Kafka","timestamp":"2025-05-05T02:59:57.217Z"}
{"level":"info","message":"🔎 ML response payload:","predicted_fare":54.99,"timestamp":"2025-05-05T03:00:00.099Z"}
{"level":"info","message":"📤 Published ride request RIDE-1746414000096-qgow2vu45 to Kafka","timestamp":"2025-05-05T03:00:00.291Z"}
{"level":"info","message":"🔎 ML response payload:","predicted_fare":19.16,"timestamp":"2025-05-05T03:00:00.565Z"}
{"level":"info","message":"🔎 ML response payload:","predicted_fare":26.6,"timestamp":"2025-05-05T03:00:00.565Z"}
{"level":"info","message":"🔎 ML response payload:","predicted_fare":28.05,"timestamp":"2025-05-05T03:00:00.565Z"}
{"level":"info","message":"📤 Published ride request RIDE-1746414000562-0tqsukpj1 to Kafka","timestamp":"2025-05-05T03:00:00.642Z"}
{"level":"info","message":"📤 Published ride request RIDE-1746414000562-lg4q2lia1 to Kafka","timestamp":"2025-05-05T03:00:00.643Z"}
{"level":"info","message":"📤 Published ride request RIDE-1746414000562-hojb7vvof to Kafka","timestamp":"2025-05-05T03:00:00.643Z"}
{"level":"info","message":"🔎 ML response payload:","predicted_fare":45.88,"timestamp":"2025-05-05T03:00:01.081Z"}
{"level":"info","message":"📤 Published ride request RIDE-1746414001079-vfyb1xh4s to Kafka","timestamp":"2025-05-05T03:00:01.161Z"}
{"level":"info","message":"🔎 ML response payload:","predicted_fare":31.38,"timestamp":"2025-05-05T03:00:01.534Z"}
{"level":"info","message":"🔎 ML response payload:","predicted_fare":8.25,"timestamp":"2025-05-05T03:00:01.535Z"}
{"level":"info","message":"📤 Published ride request RIDE-1746414001532-zwc4zwupc to Kafka","timestamp":"2025-05-05T03:00:01.615Z"}
{"level":"info","message":"📤 Published ride request RIDE-1746414001531-vw8zohau8 to Kafka","timestamp":"2025-05-05T03:00:01.620Z"}
{"level":"info","message":"🔎 ML response payload:","predicted_fare":57.71,"timestamp":"2025-05-05T03:00:02.092Z"}
{"level":"info","message":"🔎 ML response payload:","predicted_fare":47.93,"timestamp":"2025-05-05T03:00:02.092Z"}
{"level":"info","message":"📤 Published ride request RIDE-1746414002090-svn9kge71 to Kafka","timestamp":"2025-05-05T03:00:02.170Z"}
{"level":"info","message":"📤 Published ride request RIDE-1746414002089-9bqc81f5o to Kafka","timestamp":"2025-05-05T03:00:02.172Z"}
{"level":"info","message":"🔎 ML response payload:","predicted_fare":26.17,"timestamp":"2025-05-05T03:00:02.849Z"}
{"level":"info","message":"📤 Published ride request RIDE-1746414002848-iz7sa8li3 to Kafka","timestamp":"2025-05-05T03:00:03.009Z"}
{"level":"info","message":"🔎 ML response payload:","predicted_fare":56.77,"timestamp":"2025-05-05T03:00:03.895Z"}
{"level":"info","message":"📤 Published ride request RIDE-1746414003893-ai5trqy1f to Kafka","timestamp":"2025-05-05T03:00:04.033Z"}
{"level":"info","message":"🔎 ML response payload:","predicted_fare":16.65,"timestamp":"2025-05-05T03:00:05.399Z"}
{"level":"info","message":"📤 Published ride request RIDE-1746414005397-1ambi00lb to Kafka","timestamp":"2025-05-05T03:00:05.531Z"}
{"level":"info","message":"🔎 ML response payload:","predicted_fare":32.63,"timestamp":"2025-05-05T03:00:06.474Z"}
{"level":"info","message":"📤 Published ride request RIDE-1746414006471-igslarszk to Kafka","timestamp":"2025-05-05T03:00:06.580Z"}
{"level":"info","message":"🔎 ML response payload:","predicted_fare":43.22,"timestamp":"2025-05-05T03:00:07.221Z"}
{"level":"info","message":"📤 Published ride request RIDE-1746414007219-zh5kqunds to Kafka","timestamp":"2025-05-05T03:00:07.298Z"}
{"level":"info","message":"🔎 ML response payload:","predicted_fare":30.08,"timestamp":"2025-05-05T03:00:08.275Z"}
{"level":"info","message":"📤 Published ride request RIDE-1746414008273-lz0ofkahw to Kafka","timestamp":"2025-05-05T03:00:08.353Z"}
{"level":"info","message":"🔎 ML response payload:","predicted_fare":5.79,"timestamp":"2025-05-05T03:00:09.385Z"}
{"level":"info","message":"📤 Published ride request RIDE-1746414009383-r23zt71o3 to Kafka","timestamp":"2025-05-05T03:00:09.462Z"}
{"level":"info","message":"🔎 ML response payload:","predicted_fare":40.8,"timestamp":"2025-05-05T03:00:10.057Z"}
{"level":"info","message":"📤 Published ride request RIDE-1746414010055-7sxnj8eo3 to Kafka","timestamp":"2025-05-05T03:00:10.135Z"}
{"level":"info","message":"🔎 ML response payload:","predicted_fare":34.9,"timestamp":"2025-05-05T03:00:10.674Z"}
{"level":"info","message":"📤 Published ride request RIDE-1746414010672-blhnl4icg to Kafka","timestamp":"2025-05-05T03:00:10.775Z"}
{"level":"info","message":"🔎 ML response payload:","predicted_fare":35.13,"timestamp":"2025-05-05T03:00:11.613Z"}
{"level":"info","message":"📤 Published ride request RIDE-1746414011611-4m10xy8ce to Kafka","timestamp":"2025-05-05T03:00:11.690Z"}
{"level":"info","message":"🔎 ML response payload:","predicted_fare":10.85,"timestamp":"2025-05-05T03:00:12.778Z"}
{"level":"info","message":"🔎 ML response payload:","predicted_fare":28.83,"timestamp":"2025-05-05T03:00:12.808Z"}
{"level":"info","message":"📤 Published ride request RIDE-1746414012776-tcydwp643 to Kafka","timestamp":"2025-05-05T03:00:12.873Z"}
{"level":"info","message":"📤 Published ride request RIDE-1746414012806-e3ap1o3ns to Kafka","timestamp":"2025-05-05T03:00:12.946Z"}
{"level":"info","message":"🔎 ML response payload:","predicted_fare":25.6,"timestamp":"2025-05-05T03:00:13.963Z"}
{"level":"info","message":"🔎 ML response payload:","predicted_fare":53.11,"timestamp":"2025-05-05T03:00:13.977Z"}
{"level":"info","message":"🔎 ML response payload:","predicted_fare":14.35,"timestamp":"2025-05-05T03:00:13.978Z"}
{"level":"info","message":"📤 Published ride request RIDE-1746414013961-gzt9v3ys9 to Kafka","timestamp":"2025-05-05T03:00:14.039Z"}
{"level":"info","message":"📤 Published ride request RIDE-1746414013975-9skz1shmm to Kafka","timestamp":"2025-05-05T03:00:14.053Z"}
{"level":"info","message":"📤 Published ride request RIDE-1746414013975-ampkieq7t to Kafka","timestamp":"2025-05-05T03:00:14.057Z"}
{"level":"info","message":"🔎 ML response payload:","predicted_fare":11.65,"timestamp":"2025-05-05T03:00:14.856Z"}
{"level":"info","message":"🔎 ML response payload:","predicted_fare":18.85,"timestamp":"2025-05-05T03:00:14.887Z"}
{"level":"info","message":"🔎 ML response payload:","predicted_fare":38.96,"timestamp":"2025-05-05T03:00:14.888Z"}
{"level":"info","message":"🔎 ML response payload:","predicted_fare":44.25,"timestamp":"2025-05-05T03:00:14.889Z"}
{"level":"info","message":"📤 Published ride request RIDE-1746414014854-wkck1dcz3 to Kafka","timestamp":"2025-05-05T03:00:14.969Z"}
{"level":"info","message":"📤 Published ride request RIDE-1746414014887-2usmh4c4c to Kafka","timestamp":"2025-05-05T03:00:15.039Z"}
{"level":"info","message":"📤 Published ride request RIDE-1746414014884-y0xulq13q to Kafka","timestamp":"2025-05-05T03:00:15.043Z"}
{"level":"info","message":"📤 Published ride request RIDE-1746414014885-xt8snrtul to Kafka","timestamp":"2025-05-05T03:00:15.043Z"}
{"level":"info","message":"🔎 ML response payload:","predicted_fare":92.53,"timestamp":"2025-05-05T03:00:15.627Z"}
{"level":"info","message":"📤 Published ride request RIDE-1746414015626-ltrxhn68e to Kafka","timestamp":"2025-05-05T03:00:15.741Z"}
{"level":"info","message":"🔎 ML response payload:","predicted_fare":9.42,"timestamp":"2025-05-05T03:00:15.774Z"}
{"level":"info","message":"📤 Published ride request RIDE-1746414015756-15gqpsdwn to Kafka","timestamp":"2025-05-05T03:00:15.859Z"}
{"level":"info","message":"🔎 ML response payload:","predicted_fare":12.95,"timestamp":"2025-05-05T03:00:16.715Z"}
{"level":"info","message":"📤 Published ride request RIDE-1746414016713-y7m7yquhz to Kafka","timestamp":"2025-05-05T03:00:16.791Z"}
{"level":"info","message":"🔎 ML response payload:","predicted_fare":25.28,"timestamp":"2025-05-05T03:00:18.236Z"}
{"level":"info","message":"📤 Published ride request RIDE-1746414018234-qho92fdk7 to Kafka","timestamp":"2025-05-05T03:00:18.313Z"}
{"level":"info","message":"🔎 ML response payload:","predicted_fare":12.35,"timestamp":"2025-05-05T03:00:19.486Z"}
{"level":"info","message":"🔎 ML response payload:","predicted_fare":38.59,"timestamp":"2025-05-05T03:00:19.559Z"}
{"level":"info","message":"📤 Published ride request RIDE-1746414019483-98l5kb6tx to Kafka","timestamp":"2025-05-05T03:00:19.563Z"}
{"level":"info","message":"📤 Published ride request RIDE-1746414019557-5krp8oi9f to Kafka","timestamp":"2025-05-05T03:00:19.687Z"}
{"level":"info","message":"🔎 ML response payload:","predicted_fare":96.79,"timestamp":"2025-05-05T03:00:20.500Z"}
{"level":"info","message":"🔎 ML response payload:","predicted_fare":19.76,"timestamp":"2025-05-05T03:00:20.547Z"}
{"level":"info","message":"📤 Published ride request RIDE-1746414020498-bzstm5gy7 to Kafka","timestamp":"2025-05-05T03:00:20.577Z"}
{"level":"info","message":"📤 Published ride request RIDE-1746414020545-gjg46sgn4 to Kafka","timestamp":"2025-05-05T03:00:20.624Z"}
{"level":"info","message":"🔎 ML response payload:","predicted_fare":11.37,"timestamp":"2025-05-05T03:00:21.426Z"}
{"level":"info","message":"🔎 ML response payload:","predicted_fare":12.3,"timestamp":"2025-05-05T03:00:21.426Z"}
{"level":"info","message":"📤 Published ride request RIDE-1746414021422-aqaqy56fs to Kafka","timestamp":"2025-05-05T03:00:21.503Z"}
{"level":"info","message":"📤 Published ride request RIDE-1746414021423-f2cs1gfku to Kafka","timestamp":"2025-05-05T03:00:21.503Z"}
{"level":"info","message":"🔎 ML response payload:","predicted_fare":1.82,"timestamp":"2025-05-05T03:00:22.488Z"}
{"level":"info","message":"📤 Published ride request RIDE-1746414022486-ufrlig5b9 to Kafka","timestamp":"2025-05-05T03:00:22.565Z"}
{"level":"info","message":"🔎 ML response payload:","predicted_fare":47.58,"timestamp":"2025-05-05T03:00:23.773Z"}
{"level":"info","message":"📤 Published ride request RIDE-1746414023771-tynpdvr7n to Kafka","timestamp":"2025-05-05T03:00:23.882Z"}
{"level":"info","message":"🔎 ML response payload:","predicted_fare":22.8,"timestamp":"2025-05-05T03:00:25.031Z"}
{"level":"info","message":"🔎 ML response payload:","predicted_fare":28.4,"timestamp":"2025-05-05T03:00:25.095Z"}
{"level":"info","message":"📤 Published ride request RIDE-1746414025026-wnja3cdul to Kafka","timestamp":"2025-05-05T03:00:25.108Z"}
{"level":"info","message":"📤 Published ride request RIDE-1746414025092-41ybceila to Kafka","timestamp":"2025-05-05T03:00:25.173Z"}
{"level":"info","message":"🔎 ML response payload:","predicted_fare":88.27,"timestamp":"2025-05-05T03:00:26.240Z"}
{"level":"info","message":"🔎 ML response payload:","predicted_fare":101.21,"timestamp":"2025-05-05T03:00:26.278Z"}
{"level":"info","message":"📤 Published ride request RIDE-1746414026238-rrrjxyak8 to Kafka","timestamp":"2025-05-05T03:00:26.316Z"}
{"level":"info","message":"📤 Published ride request RIDE-1746414026277-gi54er2nk to Kafka","timestamp":"2025-05-05T03:00:26.355Z"}
{"level":"info","message":"🔎 ML response payload:","predicted_fare":38.25,"timestamp":"2025-05-05T03:00:27.281Z"}
{"level":"info","message":"📤 Published ride request RIDE-1746414027279-ky0cdw6gi to Kafka","timestamp":"2025-05-05T03:00:27.358Z"}
{"level":"info","message":"🔎 ML response payload:","predicted_fare":28.25,"timestamp":"2025-05-05T03:00:28.322Z"}
{"level":"info","message":"🔎 ML response payload:","predicted_fare":18.91,"timestamp":"2025-05-05T03:00:28.334Z"}
{"level":"info","message":"📤 Published ride request RIDE-1746414028319-t70jqgfyr to Kafka","timestamp":"2025-05-05T03:00:28.398Z"}
{"level":"info","message":"📤 Published ride request RIDE-1746414028332-cgrylc0pa to Kafka","timestamp":"2025-05-05T03:00:28.410Z"}
{"level":"info","message":"🔎 ML response payload:","predicted_fare":86.86,"timestamp":"2025-05-05T03:00:29.809Z"}
{"level":"info","message":"🔎 ML response payload:","predicted_fare":15.84,"timestamp":"2025-05-05T03:00:29.857Z"}
{"level":"info","message":"📤 Published ride request RIDE-1746414029807-30u5lcbsk to Kafka","timestamp":"2025-05-05T03:00:29.886Z"}
{"level":"info","message":"📤 Published ride request RIDE-1746414029855-dzda83x9p to Kafka","timestamp":"2025-05-05T03:00:29.933Z"}
{"level":"info","message":"🔎 ML response payload:","predicted_fare":23.41,"timestamp":"2025-05-05T03:00:31.261Z"}
{"level":"info","message":"🔎 ML response payload:","predicted_fare":25.16,"timestamp":"2025-05-05T03:00:31.275Z"}
{"level":"info","message":"📤 Published ride request RIDE-1746414031259-v1j222ugv to Kafka","timestamp":"2025-05-05T03:00:31.339Z"}
{"level":"info","message":"📤 Published ride request RIDE-1746414031273-negr9xgur to Kafka","timestamp":"2025-05-05T03:00:31.351Z"}
{"level":"info","message":"🔎 ML response payload:","predicted_fare":11.9,"timestamp":"2025-05-05T03:00:32.546Z"}
{"level":"info","message":"🔎 ML response payload:","predicted_fare":54.06,"timestamp":"2025-05-05T03:00:32.590Z"}
{"level":"info","message":"🔎 ML response payload:","predicted_fare":22.73,"timestamp":"2025-05-05T03:00:32.592Z"}
{"level":"info","message":"📤 Published ride request RIDE-1746414032545-emztql3d6 to Kafka","timestamp":"2025-05-05T03:00:32.622Z"}
{"level":"info","message":"📤 Published ride request RIDE-1746414032567-zbfuelsst to Kafka","timestamp":"2025-05-05T03:00:32.666Z"}
{"level":"info","message":"📤 Published ride request RIDE-1746414032564-2tuxnt13s to Kafka","timestamp":"2025-05-05T03:00:32.667Z"}
{"level":"info","message":"🔎 ML response payload:","predicted_fare":11.32,"timestamp":"2025-05-05T03:00:33.797Z"}
{"level":"info","message":"🔎 ML response payload:","predicted_fare":20.53,"timestamp":"2025-05-05T03:00:33.817Z"}
{"level":"info","message":"🔎 ML response payload:","predicted_fare":20.28,"timestamp":"2025-05-05T03:00:33.818Z"}
{"level":"info","message":"📤 Published ride request RIDE-1746414033814-a0ijeh0zl to Kafka","timestamp":"2025-05-05T03:00:33.916Z"}
{"level":"info","message":"📤 Published ride request RIDE-1746414033815-sns7svck0 to Kafka","timestamp":"2025-05-05T03:00:33.919Z"}
{"level":"info","message":"📤 Published ride request RIDE-1746414033796-mbe9mw5nm to Kafka","timestamp":"2025-05-05T03:00:33.920Z"}
{"level":"info","message":"🔎 ML response payload:","predicted_fare":43.75,"timestamp":"2025-05-05T03:00:34.965Z"}
{"level":"info","message":"🔎 ML response payload:","predicted_fare":14.28,"timestamp":"2025-05-05T03:00:35.002Z"}
{"level":"info","message":"🔎 ML response payload:","predicted_fare":40.29,"timestamp":"2025-05-05T03:00:35.003Z"}
{"level":"info","message":"📤 Published ride request RIDE-1746414034963-nh4wlbw6y to Kafka","timestamp":"2025-05-05T03:00:35.042Z"}
{"level":"info","message":"📤 Published ride request RIDE-1746414034999-mgvux1moj to Kafka","timestamp":"2025-05-05T03:00:35.076Z"}
{"level":"info","message":"📤 Published ride request RIDE-1746414034998-ikr5pwfa2 to Kafka","timestamp":"2025-05-05T03:00:35.077Z"}
{"level":"info","message":"🔎 ML response payload:","predicted_fare":44.49,"timestamp":"2025-05-05T03:00:36.702Z"}
{"level":"info","message":"📤 Published ride request RIDE-1746414036700-8y00pejya to Kafka","timestamp":"2025-05-05T03:00:36.780Z"}
{"level":"info","message":"🔎 ML response payload:","predicted_fare":43.09,"timestamp":"2025-05-05T03:00:38.266Z"}
{"level":"info","message":"🔎 ML response payload:","predicted_fare":144.38,"timestamp":"2025-05-05T03:00:38.310Z"}
{"level":"info","message":"🔎 ML response payload:","predicted_fare":13.29,"timestamp":"2025-05-05T03:00:38.336Z"}
{"level":"info","message":"📤 Published ride request RIDE-1746414038264-cjcrjwbew to Kafka","timestamp":"2025-05-05T03:00:38.342Z"}
{"level":"info","message":"📤 Published ride request RIDE-1746414038308-k4ykh6pn7 to Kafka","timestamp":"2025-05-05T03:00:38.384Z"}
{"level":"info","message":"📤 Published ride request RIDE-1746414038335-7pn1lyo8p to Kafka","timestamp":"2025-05-05T03:00:38.414Z"}
{"level":"info","message":"🔎 ML response payload:","predicted_fare":38.6,"timestamp":"2025-05-05T03:00:39.710Z"}
{"level":"info","message":"📤 Published ride request RIDE-1746414039708-9yws11h1x to Kafka","timestamp":"2025-05-05T03:00:39.787Z"}
{"level":"info","message":"🔎 ML response payload:","predicted_fare":17.59,"timestamp":"2025-05-05T03:00:39.791Z"}
{"level":"info","message":"🔎 ML response payload:","predicted_fare":35.26,"timestamp":"2025-05-05T03:00:39.792Z"}
{"level":"info","message":"🔎 ML response payload:","predicted_fare":4.83,"timestamp":"2025-05-05T03:00:39.792Z"}
{"level":"info","message":"📤 Published ride request RIDE-1746414039788-4rbsy978d to Kafka","timestamp":"2025-05-05T03:00:39.866Z"}
{"level":"info","message":"📤 Published ride request RIDE-1746414039788-y39etovay to Kafka","timestamp":"2025-05-05T03:00:39.867Z"}
{"level":"info","message":"📤 Published ride request RIDE-1746414039789-0czu5qg0k to Kafka","timestamp":"2025-05-05T03:00:39.869Z"}
{"level":"info","message":"🔎 ML response payload:","predicted_fare":16.05,"timestamp":"2025-05-05T03:00:41.064Z"}
{"level":"info","message":"📤 Published ride request RIDE-1746414041062-c2vmkes9d to Kafka","timestamp":"2025-05-05T03:00:41.182Z"}
{"level":"info","message":"🔎 ML response payload:","predicted_fare":64.53,"timestamp":"2025-05-05T03:00:42.299Z"}
{"level":"info","message":"🔎 ML response payload:","predicted_fare":15.25,"timestamp":"2025-05-05T03:00:42.299Z"}
{"level":"info","message":"📤 Published ride request RIDE-1746414042296-l1sm8qcmc to Kafka","timestamp":"2025-05-05T03:00:42.375Z"}
{"level":"info","message":"📤 Published ride request RIDE-1746414042296-em0304kp9 to Kafka","timestamp":"2025-05-05T03:00:42.377Z"}
{"level":"info","message":"🔎 ML response payload:","predicted_fare":15.56,"timestamp":"2025-05-05T03:00:43.123Z"}
{"level":"info","message":"📤 Published ride request RIDE-1746414043121-ykd4j1lut to Kafka","timestamp":"2025-05-05T03:00:43.281Z"}
{"level":"info","message":"🔎 ML response payload:","predicted_fare":11.62,"timestamp":"2025-05-05T03:00:43.706Z"}
{"level":"info","message":"🔎 ML response payload:","predicted_fare":21.9,"timestamp":"2025-05-05T03:00:43.732Z"}
{"level":"info","message":"📤 Published ride request RIDE-1746414043704-setjr6k7x to Kafka","timestamp":"2025-05-05T03:00:43.805Z"}
{"level":"info","message":"📤 Published ride request RIDE-1746414043730-lwm82lyba to Kafka","timestamp":"2025-05-05T03:00:43.878Z"}
{"level":"info","message":"🔎 ML response payload:","predicted_fare":19.67,"timestamp":"2025-05-05T03:00:45.325Z"}
{"level":"info","message":"📤 Published ride request RIDE-1746414045323-0zrqcra62 to Kafka","timestamp":"2025-05-05T03:00:45.451Z"}
{"level":"info","message":"🔎 ML response payload:","predicted_fare":12.77,"timestamp":"2025-05-05T03:00:46.261Z"}
{"level":"info","message":"🔎 ML response payload:","predicted_fare":23.25,"timestamp":"2025-05-05T03:00:46.319Z"}
{"level":"info","message":"📤 Published ride request RIDE-1746414046259-5bs6vnsp1 to Kafka","timestamp":"2025-05-05T03:00:46.426Z"}
{"level":"info","message":"📤 Published ride request RIDE-1746414046317-6ih3y5xwj to Kafka","timestamp":"2025-05-05T03:00:46.426Z"}
{"level":"info","message":"🔎 ML response payload:","predicted_fare":9.86,"timestamp":"2025-05-05T03:00:47.218Z"}
{"level":"info","message":"📤 Published ride request RIDE-1746414047216-jme3uprus to Kafka","timestamp":"2025-05-05T03:00:47.295Z"}
{"level":"info","message":"🔎 ML response payload:","predicted_fare":15.82,"timestamp":"2025-05-05T03:00:48.158Z"}
{"level":"info","message":"📤 Published ride request RIDE-1746414048156-52g66xnhb to Kafka","timestamp":"2025-05-05T03:00:48.236Z"}
{"level":"info","message":"🔎 ML response payload:","predicted_fare":66.9,"timestamp":"2025-05-05T03:00:48.992Z"}
{"level":"info","message":"📤 Published ride request RIDE-1746414048990-qstubxacl to Kafka","timestamp":"2025-05-05T03:00:49.123Z"}
{"level":"info","message":"🔎 ML response payload:","predicted_fare":43.35,"timestamp":"2025-05-05T03:00:49.890Z"}
{"level":"info","message":"🔎 ML response payload:","predicted_fare":19.62,"timestamp":"2025-05-05T03:00:49.919Z"}
{"level":"info","message":"🔎 ML response payload:","predicted_fare":50.08,"timestamp":"2025-05-05T03:00:49.919Z"}
{"level":"info","message":"📤 Published ride request RIDE-1746414049888-2cjgolpig to Kafka","timestamp":"2025-05-05T03:00:49.966Z"}
{"level":"info","message":"📤 Published ride request RIDE-1746414049917-mfjnt05lt to Kafka","timestamp":"2025-05-05T03:00:49.993Z"}
{"level":"info","message":"📤 Published ride request RIDE-1746414049917-h1wuqpbo5 to Kafka","timestamp":"2025-05-05T03:00:49.994Z"}
{"level":"info","message":"🔎 ML response payload:","predicted_fare":27.25,"timestamp":"2025-05-05T03:00:52.161Z"}
{"level":"info","message":"🔎 ML response payload:","predicted_fare":27.07,"timestamp":"2025-05-05T03:00:52.161Z"}
{"level":"info","message":"📤 Published ride request RIDE-1746414052158-f3xkuk6jx to Kafka","timestamp":"2025-05-05T03:00:52.266Z"}
{"level":"info","message":"📤 Published ride request RIDE-1746414052158-4ocwnet7j to Kafka","timestamp":"2025-05-05T03:00:52.271Z"}
{"level":"info","message":"🔎 ML response payload:","predicted_fare":4.54,"timestamp":"2025-05-05T03:00:53.465Z"}
{"level":"info","message":"🔎 ML response payload:","predicted_fare":-1.96,"timestamp":"2025-05-05T03:00:53.466Z"}
{"level":"info","message":"📤 Published ride request RIDE-1746414053463-8e6yougat to Kafka","timestamp":"2025-05-05T03:00:53.539Z"}
{"level":"info","message":"📤 Published ride request RIDE-1746414053463-if98ghofz to Kafka","timestamp":"2025-05-05T03:00:53.544Z"}
{"level":"info","message":"🔎 ML response payload:","predicted_fare":73.86,"timestamp":"2025-05-05T03:00:54.235Z"}
{"level":"info","message":"📤 Published ride request RIDE-1746414054234-sud7i309m to Kafka","timestamp":"2025-05-05T03:00:54.365Z"}
{"level":"info","message":"🔎 ML response payload:","predicted_fare":10.45,"timestamp":"2025-05-05T03:00:54.783Z"}
{"level":"info","message":"🔎 ML response payload:","predicted_fare":33.95,"timestamp":"2025-05-05T03:00:54.784Z"}
{"level":"info","message":"📤 Published ride request RIDE-1746414054781-p784nqx8c to Kafka","timestamp":"2025-05-05T03:00:54.886Z"}
{"level":"info","message":"📤 Published ride request RIDE-1746414054781-sm8tziqxo to Kafka","timestamp":"2025-05-05T03:00:54.889Z"}
{"level":"info","message":"🔎 ML response payload:","predicted_fare":15.95,"timestamp":"2025-05-05T03:00:56.122Z"}
{"level":"info","message":"🔎 ML response payload:","predicted_fare":15.16,"timestamp":"2025-05-05T03:00:56.123Z"}
{"level":"info","message":"📤 Published ride request RIDE-1746414056119-bhd7v1ywf to Kafka","timestamp":"2025-05-05T03:00:56.196Z"}
{"level":"info","message":"📤 Published ride request RIDE-1746414056119-bges681bi to Kafka","timestamp":"2025-05-05T03:00:56.198Z"}
{"level":"info","message":"🔎 ML response payload:","predicted_fare":30.88,"timestamp":"2025-05-05T03:00:56.667Z"}
{"level":"info","message":"📤 Published ride request RIDE-1746414056665-9quzpu660 to Kafka","timestamp":"2025-05-05T03:00:56.746Z"}
{"level":"info","message":"🔎 ML response payload:","predicted_fare":27.51,"timestamp":"2025-05-05T03:00:58.096Z"}
{"level":"info","message":"📤 Published ride request RIDE-1746414058094-gu4o9wbpc to Kafka","timestamp":"2025-05-05T03:00:58.172Z"}
{"level":"info","message":"🔎 ML response payload:","predicted_fare":49.81,"timestamp":"2025-05-05T03:00:58.314Z"}
{"level":"info","message":"📤 Published ride request RIDE-1746414058312-swtwm0bvn to Kafka","timestamp":"2025-05-05T03:00:58.390Z"}
{"level":"info","message":"🔎 ML response payload:","predicted_fare":22.72,"timestamp":"2025-05-05T03:00:58.422Z"}
{"level":"info","message":"🔎 ML response payload:","predicted_fare":28.25,"timestamp":"2025-05-05T03:00:58.544Z"}
{"level":"info","message":"📤 Published ride request RIDE-1746414058420-r9bjbjsk4 to Kafka","timestamp":"2025-05-05T03:00:58.557Z"}
{"level":"info","message":"📤 Published ride request RIDE-1746414058541-9n8b7pj2p to Kafka","timestamp":"2025-05-05T03:00:58.617Z"}
{"level":"info","message":"🔎 ML response payload:","predicted_fare":22.01,"timestamp":"2025-05-05T03:00:59.205Z"}
{"level":"info","message":"📤 Published ride request RIDE-1746414059203-dzp2g3gi8 to Kafka","timestamp":"2025-05-05T03:00:59.278Z"}
{"level":"info","message":"🔎 ML response payload:","predicted_fare":53.77,"timestamp":"2025-05-05T03:00:59.876Z"}
{"level":"info","message":"📤 Published ride request RIDE-1746414059874-srd5t2555 to Kafka","timestamp":"2025-05-05T03:00:59.949Z"}
{"level":"info","message":"🔎 ML response payload:","predicted_fare":11.61,"timestamp":"2025-05-05T03:01:00.625Z"}
{"level":"info","message":"📤 Published ride request RIDE-1746414060622-uqoackwo7 to Kafka","timestamp":"2025-05-05T03:01:00.700Z"}
{"level":"info","message":"🔎 ML response payload:","predicted_fare":16.14,"timestamp":"2025-05-05T03:01:01.777Z"}
{"level":"info","message":"📤 Published ride request RIDE-1746414061775-wfdv6rlwf to Kafka","timestamp":"2025-05-05T03:01:01.850Z"}
{"level":"info","message":"🔎 ML response payload:","predicted_fare":41.55,"timestamp":"2025-05-05T03:01:02.127Z"}
{"level":"info","message":"📤 Published ride request RIDE-1746414062125-upozsyytn to Kafka","timestamp":"2025-05-05T03:01:02.227Z"}
{"level":"info","message":"🔎 ML response payload:","predicted_fare":25.98,"timestamp":"2025-05-05T03:01:02.446Z"}
{"level":"info","message":"📤 Published ride request RIDE-1746414062444-v2s5bw2mh to Kafka","timestamp":"2025-05-05T03:01:02.519Z"}
{"level":"info","message":"🔎 ML response payload:","predicted_fare":24.42,"timestamp":"2025-05-05T03:01:02.790Z"}
{"level":"info","message":"📤 Published ride request RIDE-1746414062789-8woy0edj6 to Kafka","timestamp":"2025-05-05T03:01:02.863Z"}
{"level":"info","message":"🔎 ML response payload:","predicted_fare":10.8,"timestamp":"2025-05-05T03:01:03.729Z"}
{"level":"info","message":"📤 Published ride request RIDE-1746414063727-5a7uegoc5 to Kafka","timestamp":"2025-05-05T03:01:03.802Z"}
{"level":"info","message":"🔎 ML response payload:","predicted_fare":52.18,"timestamp":"2025-05-05T03:01:05.051Z"}
{"level":"info","message":"📤 Published ride request RIDE-1746414065048-toafg8hw0 to Kafka","timestamp":"2025-05-05T03:01:05.125Z"}
{"level":"info","message":"🔎 ML response payload:","predicted_fare":35.95,"timestamp":"2025-05-05T03:01:06.036Z"}
{"level":"info","message":"🔎 ML response payload:","predicted_fare":63.03,"timestamp":"2025-05-05T03:01:06.036Z"}
{"level":"info","message":"📤 Published ride request RIDE-1746414066032-nqbc7dssh to Kafka","timestamp":"2025-05-05T03:01:06.108Z"}
{"level":"info","message":"📤 Published ride request RIDE-1746414066033-mr9q4ckor to Kafka","timestamp":"2025-05-05T03:01:06.113Z"}
{"level":"info","message":"🔎 ML response payload:","predicted_fare":50.51,"timestamp":"2025-05-05T03:01:07.252Z"}
{"level":"info","message":"🔎 ML response payload:","predicted_fare":36.32,"timestamp":"2025-05-05T03:01:07.302Z"}
{"level":"info","message":"📤 Published ride request RIDE-1746414067251-f9g785006 to Kafka","timestamp":"2025-05-05T03:01:07.399Z"}
{"level":"info","message":"📤 Published ride request RIDE-1746414067300-p9wn4vsh2 to Kafka","timestamp":"2025-05-05T03:01:07.399Z"}
{"level":"info","message":"🔎 ML response payload:","predicted_fare":23.99,"timestamp":"2025-05-05T03:01:08.251Z"}
{"level":"info","message":"📤 Published ride request RIDE-1746414068249-f9z2uq6qx to Kafka","timestamp":"2025-05-05T03:01:08.326Z"}
{"level":"info","message":"🔎 ML response payload:","predicted_fare":13.84,"timestamp":"2025-05-05T03:01:09.006Z"}
{"level":"info","message":"📤 Published ride request RIDE-1746414069004-5w911nk93 to Kafka","timestamp":"2025-05-05T03:01:09.080Z"}
{"level":"info","message":"🔎 ML response payload:","predicted_fare":44.14,"timestamp":"2025-05-05T03:01:09.877Z"}
{"level":"info","message":"📤 Published ride request RIDE-1746414069875-4hi8jsahl to Kafka","timestamp":"2025-05-05T03:01:10.023Z"}
{"level":"info","message":"🔎 ML response payload:","predicted_fare":29.57,"timestamp":"2025-05-05T03:01:11.317Z"}
{"level":"info","message":"🔎 ML response payload:","predicted_fare":20.91,"timestamp":"2025-05-05T03:01:11.327Z"}
{"level":"info","message":"🔎 ML response payload:","predicted_fare":24.94,"timestamp":"2025-05-05T03:01:11.327Z"}
{"level":"info","message":"📤 Published ride request RIDE-1746414071324-lvrg823ls to Kafka","timestamp":"2025-05-05T03:01:11.405Z"}
{"level":"info","message":"📤 Published ride request RIDE-1746414071325-vzyg48vyx to Kafka","timestamp":"2025-05-05T03:01:11.406Z"}
{"level":"info","message":"📤 Published ride request RIDE-1746414071315-4p0zw2kev to Kafka","timestamp":"2025-05-05T03:01:11.437Z"}
{"level":"info","message":"🔎 ML response payload:","predicted_fare":16.78,"timestamp":"2025-05-05T03:01:13.231Z"}
{"level":"info","message":"🔎 ML response payload:","predicted_fare":-14.27,"timestamp":"2025-05-05T03:01:13.232Z"}
{"level":"info","message":"📤 Published ride request RIDE-1746414073228-b5knmuyfr to Kafka","timestamp":"2025-05-05T03:01:13.305Z"}
{"level":"info","message":"📤 Published ride request RIDE-1746414073229-l5gparzi1 to Kafka","timestamp":"2025-05-05T03:01:13.309Z"}
{"level":"info","message":"🔎 ML response payload:","predicted_fare":51.66,"timestamp":"2025-05-05T03:01:14.094Z"}
{"level":"info","message":"🔎 ML response payload:","predicted_fare":30.95,"timestamp":"2025-05-05T03:01:14.110Z"}
{"level":"info","message":"🔎 ML response payload:","predicted_fare":41.06,"timestamp":"2025-05-05T03:01:14.110Z"}
{"level":"info","message":"🔎 ML response payload:","predicted_fare":10,"timestamp":"2025-05-05T03:01:14.111Z"}
{"level":"info","message":"📤 Published ride request RIDE-1746414074091-fn5lx89bo to Kafka","timestamp":"2025-05-05T03:01:14.219Z"}
{"level":"info","message":"📤 Published ride request RIDE-1746414074107-10o1li2b3 to Kafka","timestamp":"2025-05-05T03:01:14.219Z"}
{"level":"info","message":"📤 Published ride request RIDE-1746414074108-jam2wtz2v to Kafka","timestamp":"2025-05-05T03:01:14.219Z"}
{"level":"info","message":"📤 Published ride request RIDE-1746414074108-l59adde6s to Kafka","timestamp":"2025-05-05T03:01:14.219Z"}
{"level":"info","message":"🔎 ML response payload:","predicted_fare":58.58,"timestamp":"2025-05-05T03:01:14.944Z"}
{"level":"info","message":"📤 Published ride request RIDE-1746414074942-ux8u0knp8 to Kafka","timestamp":"2025-05-05T03:01:15.021Z"}
{"level":"info","message":"🔎 ML response payload:","predicted_fare":58.38,"timestamp":"2025-05-05T03:01:15.542Z"}
{"level":"info","message":"🔎 ML response payload:","predicted_fare":30.44,"timestamp":"2025-05-05T03:01:15.562Z"}
{"level":"info","message":"📤 Published ride request RIDE-1746414075540-9eptq3bbi to Kafka","timestamp":"2025-05-05T03:01:15.620Z"}
{"level":"info","message":"📤 Published ride request RIDE-1746414075560-x2rcuufux to Kafka","timestamp":"2025-05-05T03:01:15.638Z"}
{"level":"info","message":"🔎 ML response payload:","predicted_fare":101.75,"timestamp":"2025-05-05T03:01:16.270Z"}
{"level":"info","message":"📤 Published ride request RIDE-1746414076267-mtc8l2g9j to Kafka","timestamp":"2025-05-05T03:01:16.407Z"}
{"level":"info","message":"🔎 ML response payload:","predicted_fare":42.52,"timestamp":"2025-05-05T03:01:19.476Z"}
{"level":"info","message":"🔎 ML response payload:","predicted_fare":87.99,"timestamp":"2025-05-05T03:01:19.499Z"}
{"level":"info","message":"📤 Published ride request RIDE-1746414079474-ch56jg6x9 to Kafka","timestamp":"2025-05-05T03:01:19.554Z"}
{"level":"info","message":"📤 Published ride request RIDE-1746414079497-6oe9retse to Kafka","timestamp":"2025-05-05T03:01:19.577Z"}
{"level":"info","message":"🔎 ML response payload:","predicted_fare":0.57,"timestamp":"2025-05-05T03:01:20.040Z"}
{"level":"info","message":"🔎 ML response payload:","predicted_fare":19.74,"timestamp":"2025-05-05T03:01:20.054Z"}
{"level":"info","message":"📤 Published ride request RIDE-1746414080038-aujt4h7kz to Kafka","timestamp":"2025-05-05T03:01:20.118Z"}
{"level":"info","message":"📤 Published ride request RIDE-1746414080052-nm31y42wj to Kafka","timestamp":"2025-05-05T03:01:20.130Z"}
{"level":"info","message":"🔎 ML response payload:","predicted_fare":8.41,"timestamp":"2025-05-05T03:01:21.528Z"}
{"level":"info","message":"📤 Published ride request RIDE-1746414081526-452khu18e to Kafka","timestamp":"2025-05-05T03:01:21.628Z"}
{"level":"info","message":"🔎 ML response payload:","predicted_fare":77.14,"timestamp":"2025-05-05T03:01:22.810Z"}
{"level":"info","message":"📤 Published ride request RIDE-1746414082808-c8k15qqd1 to Kafka","timestamp":"2025-05-05T03:01:22.886Z"}
{"level":"info","message":"🔎 ML response payload:","predicted_fare":7.78,"timestamp":"2025-05-05T03:01:23.623Z"}
{"level":"info","message":"🔎 ML response payload:","predicted_fare":27.5,"timestamp":"2025-05-05T03:01:23.624Z"}
{"level":"info","message":"📤 Published ride request RIDE-1746414083621-fe66iz3id to Kafka","timestamp":"2025-05-05T03:01:23.726Z"}
{"level":"info","message":"📤 Published ride request RIDE-1746414083621-dcc7ca8m8 to Kafka","timestamp":"2025-05-05T03:01:23.726Z"}
{"level":"info","message":"🔎 ML response payload:","predicted_fare":17.17,"timestamp":"2025-05-05T03:01:25.238Z"}
{"level":"info","message":"📤 Published ride request RIDE-1746414085236-3160eh80l to Kafka","timestamp":"2025-05-05T03:01:25.316Z"}
{"level":"info","message":"🔎 ML response payload:","predicted_fare":28.73,"timestamp":"2025-05-05T03:01:26.527Z"}
{"level":"info","message":"📤 Published ride request RIDE-1746414086525-oqkl54aev to Kafka","timestamp":"2025-05-05T03:01:26.603Z"}
{"level":"info","message":"🔎 ML response payload:","predicted_fare":33.37,"timestamp":"2025-05-05T03:01:28.899Z"}
{"level":"info","message":"🔎 ML response payload:","predicted_fare":44.85,"timestamp":"2025-05-05T03:01:28.900Z"}
{"level":"info","message":"🔎 ML response payload:","predicted_fare":27.76,"timestamp":"2025-05-05T03:01:28.901Z"}
{"level":"info","message":"🔎 ML response payload:","predicted_fare":22.72,"timestamp":"2025-05-05T03:01:28.901Z"}
{"level":"info","message":"🔎 ML response payload:","predicted_fare":9.35,"timestamp":"2025-05-05T03:01:28.902Z"}
{"level":"info","message":"🔎 ML response payload:","predicted_fare":27.59,"timestamp":"2025-05-05T03:01:28.902Z"}
{"level":"info","message":"📤 Published ride request RIDE-1746414088895-wv4rw00ku to Kafka","timestamp":"2025-05-05T03:01:28.974Z"}
{"level":"info","message":"📤 Published ride request RIDE-1746414088896-8z76ma6pm to Kafka","timestamp":"2025-05-05T03:01:28.976Z"}
{"level":"info","message":"📤 Published ride request RIDE-1746414088894-tl3gd1l4a to Kafka","timestamp":"2025-05-05T03:01:28.976Z"}
{"level":"info","message":"📤 Published ride request RIDE-1746414088895-5k870kjaz to Kafka","timestamp":"2025-05-05T03:01:28.979Z"}
{"level":"info","message":"📤 Published ride request RIDE-1746414088895-drgjul9lt to Kafka","timestamp":"2025-05-05T03:01:28.979Z"}
{"level":"info","message":"📤 Published ride request RIDE-1746414088896-qjh5rxzfr to Kafka","timestamp":"2025-05-05T03:01:28.979Z"}
{"level":"info","message":"🔎 ML response payload:","predicted_fare":39.51,"timestamp":"2025-05-05T03:01:29.765Z"}
{"level":"info","message":"🔎 ML response payload:","predicted_fare":36.33,"timestamp":"2025-05-05T03:01:29.781Z"}
{"level":"info","message":"🔎 ML response payload:","predicted_fare":11.89,"timestamp":"2025-05-05T03:01:29.781Z"}
{"level":"info","message":"🔎 ML response payload:","predicted_fare":38.45,"timestamp":"2025-05-05T03:01:29.781Z"}
{"level":"info","message":"📤 Published ride request RIDE-1746414089763-c3m5bfxmt to Kafka","timestamp":"2025-05-05T03:01:29.841Z"}
{"level":"info","message":"📤 Published ride request RIDE-1746414089778-2t39rfqdp to Kafka","timestamp":"2025-05-05T03:01:29.940Z"}
{"level":"info","message":"📤 Published ride request RIDE-1746414089779-obyje0l7u to Kafka","timestamp":"2025-05-05T03:01:29.941Z"}
{"level":"info","message":"📤 Published ride request RIDE-1746414089779-dpw55yrv7 to Kafka","timestamp":"2025-05-05T03:01:29.941Z"}
{"level":"info","message":"🔎 ML response payload:","predicted_fare":27.87,"timestamp":"2025-05-05T03:01:30.637Z"}
{"level":"info","message":"🔎 ML response payload:","predicted_fare":47.47,"timestamp":"2025-05-05T03:01:30.643Z"}
{"level":"info","message":"📤 Published ride request RIDE-1746414090635-38fw6dudc to Kafka","timestamp":"2025-05-05T03:01:30.713Z"}
{"level":"info","message":"📤 Published ride request RIDE-1746414090642-gbr1oz65j to Kafka","timestamp":"2025-05-05T03:01:30.720Z"}
{"level":"info","message":"🔎 ML response payload:","predicted_fare":70.92,"timestamp":"2025-05-05T03:01:31.933Z"}
{"level":"info","message":"🔎 ML response payload:","predicted_fare":14.79,"timestamp":"2025-05-05T03:01:31.933Z"}
{"level":"info","message":"📤 Published ride request RIDE-1746414091931-5ukw9pga0 to Kafka","timestamp":"2025-05-05T03:01:32.040Z"}
{"level":"info","message":"📤 Published ride request RIDE-1746414091931-vasdylqot to Kafka","timestamp":"2025-05-05T03:01:32.040Z"}
{"level":"info","message":"🔎 ML response payload:","predicted_fare":47.35,"timestamp":"2025-05-05T03:01:33.816Z"}
{"level":"info","message":"📤 Published ride request RIDE-1746414093814-eut49oycz to Kafka","timestamp":"2025-05-05T03:01:33.893Z"}
{"level":"info","message":"🔎 ML response payload:","predicted_fare":17.33,"timestamp":"2025-05-05T03:01:36.400Z"}
{"level":"info","message":"📤 Published ride request RIDE-1746414096398-9rom9759f to Kafka","timestamp":"2025-05-05T03:01:36.477Z"}
{"level":"info","message":"🔎 ML response payload:","predicted_fare":39.66,"timestamp":"2025-05-05T03:01:37.425Z"}
{"level":"info","message":"📤 Published ride request RIDE-1746414097423-fhrrynwlt to Kafka","timestamp":"2025-05-05T03:01:37.502Z"}
{"level":"info","message":"🔎 ML response payload:","predicted_fare":13.96,"timestamp":"2025-05-05T03:01:38.318Z"}
{"level":"info","message":"🔎 ML response payload:","predicted_fare":95.61,"timestamp":"2025-05-05T03:01:38.357Z"}
{"level":"info","message":"🔎 ML response payload:","predicted_fare":26.16,"timestamp":"2025-05-05T03:01:38.357Z"}
{"level":"info","message":"📤 Published ride request RIDE-1746414098316-vr2eet09t to Kafka","timestamp":"2025-05-05T03:01:38.407Z"}
{"level":"info","message":"📤 Published ride request RIDE-1746414098355-jlgnec5td to Kafka","timestamp":"2025-05-05T03:01:38.434Z"}
{"level":"info","message":"📤 Published ride request RIDE-1746414098355-2akqedtuz to Kafka","timestamp":"2025-05-05T03:01:38.434Z"}
{"level":"info","message":"🔎 ML response payload:","predicted_fare":14.78,"timestamp":"2025-05-05T03:01:40.101Z"}
{"level":"info","message":"🔎 ML response payload:","predicted_fare":4.37,"timestamp":"2025-05-05T03:01:40.116Z"}
{"level":"info","message":"📤 Published ride request RIDE-1746414100100-8juwjbdj8 to Kafka","timestamp":"2025-05-05T03:01:40.178Z"}
{"level":"info","message":"📤 Published ride request RIDE-1746414100114-hjpngdiwj to Kafka","timestamp":"2025-05-05T03:01:40.191Z"}
{"level":"info","message":"🔎 ML response payload:","predicted_fare":42.62,"timestamp":"2025-05-05T03:01:42.051Z"}
{"level":"info","message":"🔎 ML response payload:","predicted_fare":14.35,"timestamp":"2025-05-05T03:01:42.064Z"}
{"level":"info","message":"🔎 ML response payload:","predicted_fare":44.45,"timestamp":"2025-05-05T03:01:42.065Z"}
{"level":"info","message":"📤 Published ride request RIDE-1746414102049-hlutrujwj to Kafka","timestamp":"2025-05-05T03:01:42.128Z"}
{"level":"info","message":"📤 Published ride request RIDE-1746414102063-p0cqiy4kb to Kafka","timestamp":"2025-05-05T03:01:42.143Z"}
{"level":"info","message":"📤 Published ride request RIDE-1746414102062-j614quz4g to Kafka","timestamp":"2025-05-05T03:01:42.143Z"}
{"level":"info","message":"🔎 ML response payload:","predicted_fare":33.28,"timestamp":"2025-05-05T03:01:43.471Z"}
{"level":"info","message":"🔎 ML response payload:","predicted_fare":9.36,"timestamp":"2025-05-05T03:01:43.496Z"}
{"level":"info","message":"🔎 ML response payload:","predicted_fare":34.18,"timestamp":"2025-05-05T03:01:43.497Z"}
{"level":"info","message":"🔎 ML response payload:","predicted_fare":42.38,"timestamp":"2025-05-05T03:01:43.510Z"}
{"level":"info","message":"🔎 ML response payload:","predicted_fare":84.77,"timestamp":"2025-05-05T03:01:43.524Z"}
{"level":"info","message":"📤 Published ride request RIDE-1746414103469-5othsy677 to Kafka","timestamp":"2025-05-05T03:01:43.574Z"}
{"level":"info","message":"📤 Published ride request RIDE-1746414103522-p9vf1qnar to Kafka","timestamp":"2025-05-05T03:01:43.646Z"}
{"level":"info","message":"📤 Published ride request RIDE-1746414103509-ltx281b0k to Kafka","timestamp":"2025-05-05T03:01:43.648Z"}
{"level":"info","message":"📤 Published ride request RIDE-1746414103494-edp5vd2o6 to Kafka","timestamp":"2025-05-05T03:01:43.648Z"}
{"level":"info","message":"📤 Published ride request RIDE-1746414103494-w10khp40i to Kafka","timestamp":"2025-05-05T03:01:43.648Z"}
{"level":"info","message":"🔎 ML response payload:","predicted_fare":15.66,"timestamp":"2025-05-05T03:01:44.835Z"}
{"level":"info","message":"📤 Published ride request RIDE-1746414104833-7o7zs9hfm to Kafka","timestamp":"2025-05-05T03:01:44.912Z"}
{"level":"info","message":"🔎 ML response payload:","predicted_fare":46.15,"timestamp":"2025-05-05T03:01:45.874Z"}
{"level":"info","message":"🔎 ML response payload:","predicted_fare":41.34,"timestamp":"2025-05-05T03:01:45.937Z"}
{"level":"info","message":"📤 Published ride request RIDE-1746414105872-1qu2jzvpd to Kafka","timestamp":"2025-05-05T03:01:45.951Z"}
{"level":"info","message":"📤 Published ride request RIDE-1746414105932-2beac4ks0 to Kafka","timestamp":"2025-05-05T03:01:46.015Z"}
{"level":"info","message":"🔎 ML response payload:","predicted_fare":40.08,"timestamp":"2025-05-05T03:01:47.656Z"}
{"level":"info","message":"📤 Published ride request RIDE-1746414107654-v2jitu9fq to Kafka","timestamp":"2025-05-05T03:01:47.769Z"}
{"level":"info","message":"🔎 ML response payload:","predicted_fare":23.79,"timestamp":"2025-05-05T03:01:49.183Z"}
{"level":"info","message":"📤 Published ride request RIDE-1746414109181-63shftxks to Kafka","timestamp":"2025-05-05T03:01:49.340Z"}
{"level":"info","message":"🔎 ML response payload:","predicted_fare":6.77,"timestamp":"2025-05-05T03:01:50.500Z"}
{"level":"info","message":"🔎 ML response payload:","predicted_fare":26.59,"timestamp":"2025-05-05T03:01:50.501Z"}
{"level":"info","message":"🔎 ML response payload:","predicted_fare":49.56,"timestamp":"2025-05-05T03:01:50.501Z"}
{"level":"info","message":"🔎 ML response payload:","predicted_fare":56.47,"timestamp":"2025-05-05T03:01:50.501Z"}
{"level":"info","message":"📤 Published ride request RIDE-1746414110497-mi64q1nlj to Kafka","timestamp":"2025-05-05T03:01:50.575Z"}
{"level":"info","message":"📤 Published ride request RIDE-1746414110496-fa6dxiuej to Kafka","timestamp":"2025-05-05T03:01:50.576Z"}
{"level":"info","message":"📤 Published ride request RIDE-1746414110497-b9e3acqzd to Kafka","timestamp":"2025-05-05T03:01:50.579Z"}
{"level":"info","message":"📤 Published ride request RIDE-1746414110497-oob4ncftb to Kafka","timestamp":"2025-05-05T03:01:50.580Z"}
{"level":"info","message":"🔎 ML response payload:","predicted_fare":18.47,"timestamp":"2025-05-05T03:01:51.890Z"}
{"level":"info","message":"🔎 ML response payload:","predicted_fare":16.18,"timestamp":"2025-05-05T03:01:51.891Z"}
{"level":"info","message":"📤 Published ride request RIDE-1746414111888-jg0c4aepc to Kafka","timestamp":"2025-05-05T03:01:52.037Z"}
{"level":"info","message":"📤 Published ride request RIDE-1746414111889-5ig6w1oq7 to Kafka","timestamp":"2025-05-05T03:01:52.038Z"}
{"level":"info","message":"🔎 ML response payload:","predicted_fare":43.7,"timestamp":"2025-05-05T03:01:53.155Z"}
{"level":"info","message":"🔎 ML response payload:","predicted_fare":51.07,"timestamp":"2025-05-05T03:01:53.156Z"}
{"level":"info","message":"📤 Published ride request RIDE-1746414113153-61usy8cvx to Kafka","timestamp":"2025-05-05T03:01:53.234Z"}
{"level":"info","message":"📤 Published ride request RIDE-1746414113153-qlfnnc23z to Kafka","timestamp":"2025-05-05T03:01:53.234Z"}
{"level":"info","message":"🔎 ML response payload:","predicted_fare":22.87,"timestamp":"2025-05-05T03:01:54.783Z"}
{"level":"info","message":"📤 Published ride request RIDE-1746414114782-h57hdljoa to Kafka","timestamp":"2025-05-05T03:01:54.860Z"}
{"level":"info","message":"🔎 ML response payload:","predicted_fare":-2.85,"timestamp":"2025-05-05T03:01:56.831Z"}
{"level":"info","message":"📤 Published ride request RIDE-1746414116829-j5f5079nf to Kafka","timestamp":"2025-05-05T03:01:56.909Z"}
{"level":"info","message":"🔎 ML response payload:","predicted_fare":20.18,"timestamp":"2025-05-05T03:01:58.502Z"}
{"level":"info","message":"📤 Published ride request RIDE-1746414118500-cdy1dtiuu to Kafka","timestamp":"2025-05-05T03:01:58.578Z"}
{"level":"info","message":"🔎 ML response payload:","predicted_fare":73.84,"timestamp":"2025-05-05T03:01:59.731Z"}
{"level":"info","message":"🔎 ML response payload:","predicted_fare":66.06,"timestamp":"2025-05-05T03:01:59.772Z"}
{"level":"info","message":"📤 Published ride request RIDE-1746414119729-1ldwnke3o to Kafka","timestamp":"2025-05-05T03:01:59.827Z"}
{"level":"info","message":"📤 Published ride request RIDE-1746414119770-3ujgkc9at to Kafka","timestamp":"2025-05-05T03:01:59.900Z"}
{"level":"info","message":"🔎 ML response payload:","predicted_fare":32.48,"timestamp":"2025-05-05T03:02:00.541Z"}
{"level":"info","message":"🔎 ML response payload:","predicted_fare":19.83,"timestamp":"2025-05-05T03:02:00.553Z"}
{"level":"info","message":"🔎 ML response payload:","predicted_fare":15.28,"timestamp":"2025-05-05T03:02:00.554Z"}
{"level":"info","message":"📤 Published ride request RIDE-1746414120539-lhzv2umx3 to Kafka","timestamp":"2025-05-05T03:02:00.620Z"}
{"level":"info","message":"📤 Published ride request RIDE-1746414120551-k8zxen0mp to Kafka","timestamp":"2025-05-05T03:02:00.631Z"}
{"level":"info","message":"📤 Published ride request RIDE-1746414120551-kb62vjh05 to Kafka","timestamp":"2025-05-05T03:02:00.632Z"}
{"level":"info","message":"🔎 ML response payload:","predicted_fare":37.96,"timestamp":"2025-05-05T03:02:01.020Z"}
{"level":"info","message":"🔎 ML response payload:","predicted_fare":36.78,"timestamp":"2025-05-05T03:02:01.020Z"}
{"level":"info","message":"🔎 ML response payload:","predicted_fare":46.91,"timestamp":"2025-05-05T03:02:01.021Z"}
{"level":"info","message":"📤 Published ride request RIDE-1746414121016-8kfmh2x8c to Kafka","timestamp":"2025-05-05T03:02:01.096Z"}
{"level":"info","message":"📤 Published ride request RIDE-1746414121017-l3uqquoxi to Kafka","timestamp":"2025-05-05T03:02:01.097Z"}
{"level":"info","message":"📤 Published ride request RIDE-1746414121017-zq20xj24c to Kafka","timestamp":"2025-05-05T03:02:01.100Z"}
{"level":"info","message":"🔎 ML response payload:","predicted_fare":27.43,"timestamp":"2025-05-05T03:02:01.449Z"}
{"level":"info","message":"🔎 ML response payload:","predicted_fare":23.28,"timestamp":"2025-05-05T03:02:01.450Z"}
{"level":"info","message":"📤 Published ride request RIDE-1746414121447-lcmo4lijq to Kafka","timestamp":"2025-05-05T03:02:01.527Z"}
{"level":"info","message":"📤 Published ride request RIDE-1746414121448-t3ohcr5a2 to Kafka","timestamp":"2025-05-05T03:02:01.527Z"}
{"level":"info","message":"🔎 ML response payload:","predicted_fare":110.83,"timestamp":"2025-05-05T03:02:03.283Z"}
{"level":"info","message":"📤 Published ride request RIDE-1746414123281-cjyxnp5pl to Kafka","timestamp":"2025-05-05T03:02:03.359Z"}
{"level":"info","message":"🔎 ML response payload:","predicted_fare":72.74,"timestamp":"2025-05-05T03:02:03.617Z"}
{"level":"info","message":"📤 Published ride request RIDE-1746414123615-u5c64cobp to Kafka","timestamp":"2025-05-05T03:02:03.693Z"}
{"level":"info","message":"🔎 ML response payload:","predicted_fare":83.75,"timestamp":"2025-05-05T03:02:05.004Z"}
{"level":"info","message":"📤 Published ride request RIDE-1746414125001-r3153dls3 to Kafka","timestamp":"2025-05-05T03:02:05.142Z"}
{"level":"info","message":"🔎 ML response payload:","predicted_fare":26.98,"timestamp":"2025-05-05T03:02:05.745Z"}
{"level":"info","message":"🔎 ML response payload:","predicted_fare":16.89,"timestamp":"2025-05-05T03:02:05.746Z"}
{"level":"info","message":"📤 Published ride request RIDE-1746414125743-pfjoennvn to Kafka","timestamp":"2025-05-05T03:02:05.821Z"}
{"level":"info","message":"📤 Published ride request RIDE-1746414125743-v96wnoelk to Kafka","timestamp":"2025-05-05T03:02:05.823Z"}
{"level":"info","message":"🔎 ML response payload:","predicted_fare":11.6,"timestamp":"2025-05-05T03:02:06.424Z"}
{"level":"info","message":"🔎 ML response payload:","predicted_fare":42.01,"timestamp":"2025-05-05T03:02:06.425Z"}
{"level":"info","message":"📤 Published ride request RIDE-1746414126422-n7bzzqgf4 to Kafka","timestamp":"2025-05-05T03:02:06.501Z"}
{"level":"info","message":"📤 Published ride request RIDE-1746414126422-arl1zjo49 to Kafka","timestamp":"2025-05-05T03:02:06.502Z"}
{"level":"info","message":"🔎 ML response payload:","predicted_fare":37.76,"timestamp":"2025-05-05T03:02:08.378Z"}
{"level":"info","message":"🔎 ML response payload:","predicted_fare":7.17,"timestamp":"2025-05-05T03:02:08.379Z"}
{"level":"info","message":"📤 Published ride request RIDE-1746414128376-tr4cxp8nu to Kafka","timestamp":"2025-05-05T03:02:08.455Z"}
{"level":"info","message":"📤 Published ride request RIDE-1746414128376-mu2bw7i3u to Kafka","timestamp":"2025-05-05T03:02:08.456Z"}
{"level":"info","message":"🔎 ML response payload:","predicted_fare":37.36,"timestamp":"2025-05-05T03:02:09.339Z"}
{"level":"info","message":"📤 Published ride request RIDE-1746414129337-k0fb2d82c to Kafka","timestamp":"2025-05-05T03:02:09.416Z"}
{"level":"info","message":"🔎 ML response payload:","predicted_fare":7.42,"timestamp":"2025-05-05T03:02:10.390Z"}
{"level":"info","message":"📤 Published ride request RIDE-1746414130388-n3l85ii5z to Kafka","timestamp":"2025-05-05T03:02:10.467Z"}
{"level":"info","message":"🔎 ML response payload:","predicted_fare":20.34,"timestamp":"2025-05-05T03:02:11.259Z"}
{"level":"info","message":"🔎 ML response payload:","predicted_fare":33.11,"timestamp":"2025-05-05T03:02:11.260Z"}
{"level":"info","message":"🔎 ML response payload:","predicted_fare":39.44,"timestamp":"2025-05-05T03:02:11.260Z"}
{"level":"info","message":"🔎 ML response payload:","predicted_fare":2.43,"timestamp":"2025-05-05T03:02:11.266Z"}
{"level":"info","message":"📤 Published ride request RIDE-1746414131256-mmt752tbd to Kafka","timestamp":"2025-05-05T03:02:11.361Z"}
{"level":"info","message":"📤 Published ride request RIDE-1746414131256-tn6brlvkv to Kafka","timestamp":"2025-05-05T03:02:11.362Z"}
{"level":"info","message":"📤 Published ride request RIDE-1746414131256-a7qfzjruw to Kafka","timestamp":"2025-05-05T03:02:11.362Z"}
{"level":"info","message":"📤 Published ride request RIDE-1746414131265-5shop46e3 to Kafka","timestamp":"2025-05-05T03:02:11.362Z"}
{"level":"info","message":"🔎 ML response payload:","predicted_fare":17.05,"timestamp":"2025-05-05T03:02:11.918Z"}
{"level":"info","message":"🔎 ML response payload:","predicted_fare":64.91,"timestamp":"2025-05-05T03:02:11.951Z"}
{"level":"info","message":"📤 Published ride request RIDE-1746414131917-a07ih3adp to Kafka","timestamp":"2025-05-05T03:02:11.992Z"}
{"level":"info","message":"📤 Published ride request RIDE-1746414131949-smjfp5msr to Kafka","timestamp":"2025-05-05T03:02:12.027Z"}
{"level":"info","message":"🔎 ML response payload:","predicted_fare":7.74,"timestamp":"2025-05-05T03:02:12.690Z"}
{"level":"info","message":"🔎 ML response payload:","predicted_fare":63.51,"timestamp":"2025-05-05T03:02:12.702Z"}
{"level":"info","message":"📤 Published ride request RIDE-1746414132688-zr207r54x to Kafka","timestamp":"2025-05-05T03:02:12.767Z"}
{"level":"info","message":"📤 Published ride request RIDE-1746414132700-64sjd1wz2 to Kafka","timestamp":"2025-05-05T03:02:12.776Z"}
{"level":"info","message":"🔎 ML response payload:","predicted_fare":89.77,"timestamp":"2025-05-05T03:02:13.884Z"}
{"level":"info","message":"📤 Published ride request RIDE-1746414133881-ahqvvyer4 to Kafka","timestamp":"2025-05-05T03:02:13.981Z"}
{"level":"info","message":"🔎 ML response payload:","predicted_fare":25.71,"timestamp":"2025-05-05T03:02:15.269Z"}
{"level":"info","message":"🔎 ML response payload:","predicted_fare":53.68,"timestamp":"2025-05-05T03:02:15.269Z"}
{"level":"info","message":"📤 Published ride request RIDE-1746414135266-94uviz4sy to Kafka","timestamp":"2025-05-05T03:02:15.344Z"}
{"level":"info","message":"📤 Published ride request RIDE-1746414135267-5l2fxxe98 to Kafka","timestamp":"2025-05-05T03:02:15.347Z"}
{"level":"info","message":"🔎 ML response payload:","predicted_fare":41.33,"timestamp":"2025-05-05T03:02:16.332Z"}
{"level":"info","message":"📤 Published ride request RIDE-1746414136326-0pivzj2h7 to Kafka","timestamp":"2025-05-05T03:02:16.409Z"}
{"level":"info","message":"🔎 ML response payload:","predicted_fare":124.93,"timestamp":"2025-05-05T03:02:17.231Z"}
{"level":"info","message":"📤 Published ride request RIDE-1746414137229-soinudgf2 to Kafka","timestamp":"2025-05-05T03:02:17.308Z"}
{"level":"info","message":"🔎 ML response payload:","predicted_fare":29.67,"timestamp":"2025-05-05T03:02:17.386Z"}
{"level":"info","message":"🔎 ML response payload:","predicted_fare":13.86,"timestamp":"2025-05-05T03:02:17.387Z"}
{"level":"info","message":"📤 Published ride request RIDE-1746414137384-q7p1s97zv to Kafka","timestamp":"2025-05-05T03:02:17.461Z"}
{"level":"info","message":"📤 Published ride request RIDE-1746414137383-qefhrgff0 to Kafka","timestamp":"2025-05-05T03:02:17.462Z"}
{"level":"info","message":"🔎 ML response payload:","predicted_fare":95.62,"timestamp":"2025-05-05T03:02:18.118Z"}
{"level":"info","message":"📤 Published ride request RIDE-1746414138116-z8su1ebz7 to Kafka","timestamp":"2025-05-05T03:02:18.252Z"}
{"level":"info","message":"🔎 ML response payload:","predicted_fare":18.27,"timestamp":"2025-05-05T03:02:19.033Z"}
{"level":"info","message":"📤 Published ride request RIDE-1746414139031-pmy9hwneb to Kafka","timestamp":"2025-05-05T03:02:19.110Z"}
{"level":"info","message":"🔎 ML response payload:","predicted_fare":30,"timestamp":"2025-05-05T03:02:20.341Z"}
{"level":"info","message":"🔎 ML response payload:","predicted_fare":13.26,"timestamp":"2025-05-05T03:02:20.341Z"}
{"level":"info","message":"📤 Published ride request RIDE-1746414140338-1ww8fe7n9 to Kafka","timestamp":"2025-05-05T03:02:20.415Z"}
{"level":"info","message":"📤 Published ride request RIDE-1746414140338-4mmkuj52d to Kafka","timestamp":"2025-05-05T03:02:20.418Z"}
{"level":"info","message":"🔎 ML response payload:","predicted_fare":34.49,"timestamp":"2025-05-05T03:02:21.565Z"}
{"level":"info","message":"📤 Published ride request RIDE-1746414141563-pmakv4f94 to Kafka","timestamp":"2025-05-05T03:02:21.641Z"}
{"level":"info","message":"🔎 ML response payload:","predicted_fare":29.57,"timestamp":"2025-05-05T03:02:22.653Z"}
{"level":"info","message":"🔎 ML response payload:","predicted_fare":65.92,"timestamp":"2025-05-05T03:02:22.677Z"}
{"level":"info","message":"📤 Published ride request RIDE-1746414142651-cvm8npa1q to Kafka","timestamp":"2025-05-05T03:02:22.730Z"}
{"level":"info","message":"📤 Published ride request RIDE-1746414142675-n5epvhe69 to Kafka","timestamp":"2025-05-05T03:02:22.750Z"}
{"level":"info","message":"🔎 ML response payload:","predicted_fare":32.29,"timestamp":"2025-05-05T03:02:24.928Z"}
{"level":"info","message":"📤 Published ride request RIDE-1746414144926-v8e2do2mu to Kafka","timestamp":"2025-05-05T03:02:25.063Z"}
{"level":"info","message":"🔎 ML response payload:","predicted_fare":26.6,"timestamp":"2025-05-05T03:02:26.156Z"}
{"level":"info","message":"📤 Published ride request RIDE-1746414146154-97gzd9l8i to Kafka","timestamp":"2025-05-05T03:02:26.230Z"}
{"level":"info","message":"🔎 ML response payload:","predicted_fare":97.97,"timestamp":"2025-05-05T03:02:27.574Z"}
{"level":"info","message":"🔎 ML response payload:","predicted_fare":10.11,"timestamp":"2025-05-05T03:02:27.618Z"}
{"level":"info","message":"🔎 ML response payload:","predicted_fare":5.6,"timestamp":"2025-05-05T03:02:27.618Z"}
{"level":"info","message":"📤 Published ride request RIDE-1746414147572-6e6fzxtmv to Kafka","timestamp":"2025-05-05T03:02:27.688Z"}
{"level":"info","message":"📤 Published ride request RIDE-1746414147615-70xtlojtg to Kafka","timestamp":"2025-05-05T03:02:27.694Z"}
{"level":"info","message":"📤 Published ride request RIDE-1746414147616-y8xizwqh9 to Kafka","timestamp":"2025-05-05T03:02:27.695Z"}
{"level":"info","message":"🔎 ML response payload:","predicted_fare":36.34,"timestamp":"2025-05-05T03:02:28.891Z"}
{"level":"info","message":"🔎 ML response payload:","predicted_fare":50.82,"timestamp":"2025-05-05T03:02:28.892Z"}
{"level":"info","message":"🔎 ML response payload:","predicted_fare":38.67,"timestamp":"2025-05-05T03:02:28.932Z"}
{"level":"info","message":"📤 Published ride request RIDE-1746414148889-3yre1ufep to Kafka","timestamp":"2025-05-05T03:02:28.968Z"}
{"level":"info","message":"📤 Published ride request RIDE-1746414148889-219gv7mpx to Kafka","timestamp":"2025-05-05T03:02:28.968Z"}
{"level":"info","message":"📤 Published ride request RIDE-1746414148930-df3r86z9z to Kafka","timestamp":"2025-05-05T03:02:29.005Z"}
{"level":"info","message":"🔎 ML response payload:","predicted_fare":12.11,"timestamp":"2025-05-05T03:02:30.030Z"}
{"level":"info","message":"🔎 ML response payload:","predicted_fare":30.99,"timestamp":"2025-05-05T03:02:30.031Z"}
{"level":"info","message":"🔎 ML response payload:","predicted_fare":-5.62,"timestamp":"2025-05-05T03:02:30.032Z"}
{"level":"info","message":"📤 Published ride request RIDE-1746414150027-jfwxp4bkn to Kafka","timestamp":"2025-05-05T03:02:30.104Z"}
{"level":"info","message":"📤 Published ride request RIDE-1746414150028-ii01nnsau to Kafka","timestamp":"2025-05-05T03:02:30.107Z"}
{"level":"info","message":"📤 Published ride request RIDE-1746414150028-oy4thfesm to Kafka","timestamp":"2025-05-05T03:02:30.108Z"}
{"level":"info","message":"🔎 ML response payload:","predicted_fare":43.45,"timestamp":"2025-05-05T03:02:31.605Z"}
{"level":"info","message":"🔎 ML response payload:","predicted_fare":29.39,"timestamp":"2025-05-05T03:02:31.606Z"}
{"level":"info","message":"📤 Published ride request RIDE-1746414151603-4s8k6ersa to Kafka","timestamp":"2025-05-05T03:02:31.682Z"}
{"level":"info","message":"📤 Published ride request RIDE-1746414151603-zg0rgwg1s to Kafka","timestamp":"2025-05-05T03:02:31.683Z"}
{"level":"info","message":"🔎 ML response payload:","predicted_fare":9.71,"timestamp":"2025-05-05T03:02:33.234Z"}
{"level":"info","message":"📤 Published ride request RIDE-1746414153232-i1qsf8f17 to Kafka","timestamp":"2025-05-05T03:02:33.379Z"}
{"level":"info","message":"🔎 ML response payload:","predicted_fare":7.24,"timestamp":"2025-05-05T03:02:34.829Z"}
{"level":"info","message":"🔎 ML response payload:","predicted_fare":30.24,"timestamp":"2025-05-05T03:02:34.868Z"}
{"level":"info","message":"🔎 ML response payload:","predicted_fare":30.98,"timestamp":"2025-05-05T03:02:34.869Z"}
{"level":"info","message":"📤 Published ride request RIDE-1746414154827-vij13evuz to Kafka","timestamp":"2025-05-05T03:02:34.952Z"}
{"level":"info","message":"📤 Published ride request RIDE-1746414154867-h0m7iywv0 to Kafka","timestamp":"2025-05-05T03:02:35.025Z"}
{"level":"info","message":"📤 Published ride request RIDE-1746414154866-natohknw9 to Kafka","timestamp":"2025-05-05T03:02:35.026Z"}
{"level":"info","message":"🔎 ML response payload:","predicted_fare":28.88,"timestamp":"2025-05-05T03:02:36.412Z"}
{"level":"info","message":"📤 Published ride request RIDE-1746414156411-qievkg9m2 to Kafka","timestamp":"2025-05-05T03:02:36.531Z"}
{"level":"info","message":"🔎 ML response payload:","predicted_fare":33.02,"timestamp":"2025-05-05T03:02:37.409Z"}
{"level":"info","message":"🔎 ML response payload:","predicted_fare":28.66,"timestamp":"2025-05-05T03:02:37.441Z"}
{"level":"info","message":"🔎 ML response payload:","predicted_fare":24.4,"timestamp":"2025-05-05T03:02:37.442Z"}
{"level":"info","message":"🔎 ML response payload:","predicted_fare":41.79,"timestamp":"2025-05-05T03:02:37.443Z"}
{"level":"info","message":"🔎 ML response payload:","predicted_fare":51.32,"timestamp":"2025-05-05T03:02:37.443Z"}
{"level":"info","message":"📤 Published ride request RIDE-1746414157407-08fih66at to Kafka","timestamp":"2025-05-05T03:02:37.484Z"}
{"level":"info","message":"📤 Published ride request RIDE-1746414157438-mh3ubktiq to Kafka","timestamp":"2025-05-05T03:02:37.575Z"}
{"level":"info","message":"📤 Published ride request RIDE-1746414157439-y4il02yea to Kafka","timestamp":"2025-05-05T03:02:37.576Z"}
{"level":"info","message":"📤 Published ride request RIDE-1746414157438-bw8pbxvm4 to Kafka","timestamp":"2025-05-05T03:02:37.576Z"}
{"level":"info","message":"📤 Published ride request RIDE-1746414157439-8f3hrohye to Kafka","timestamp":"2025-05-05T03:02:37.576Z"}
{"level":"info","message":"🔎 ML response payload:","predicted_fare":64,"timestamp":"2025-05-05T03:02:38.911Z"}
{"level":"info","message":"🔎 ML response payload:","predicted_fare":20.61,"timestamp":"2025-05-05T03:02:38.912Z"}
{"level":"info","message":"📤 Published ride request RIDE-1746414158909-y4opup877 to Kafka","timestamp":"2025-05-05T03:02:38.988Z"}
{"level":"info","message":"📤 Published ride request RIDE-1746414158910-0hrcpv8hs to Kafka","timestamp":"2025-05-05T03:02:38.989Z"}
{"level":"info","message":"🔎 ML response payload:","predicted_fare":19.18,"timestamp":"2025-05-05T03:02:40.523Z"}
{"level":"info","message":"🔎 ML response payload:","predicted_fare":19.8,"timestamp":"2025-05-05T03:02:40.548Z"}
{"level":"info","message":"📤 Published ride request RIDE-1746414160522-nmi09px7l to Kafka","timestamp":"2025-05-05T03:02:40.602Z"}
{"level":"info","message":"📤 Published ride request RIDE-1746414160546-pzndhadt7 to Kafka","timestamp":"2025-05-05T03:02:40.624Z"}
{"level":"info","message":"🔎 ML response payload:","predicted_fare":12.31,"timestamp":"2025-05-05T03:02:42.122Z"}
{"level":"info","message":"🔎 ML response payload:","predicted_fare":10.07,"timestamp":"2025-05-05T03:02:42.178Z"}
{"level":"info","message":"🔎 ML response payload:","predicted_fare":34.13,"timestamp":"2025-05-05T03:02:42.179Z"}
{"level":"info","message":"📤 Published ride request RIDE-1746414162120-jacovi42z to Kafka","timestamp":"2025-05-05T03:02:42.199Z"}
{"level":"info","message":"📤 Published ride request RIDE-1746414162176-vwpva28hb to Kafka","timestamp":"2025-05-05T03:02:42.292Z"}
{"level":"info","message":"📤 Published ride request RIDE-1746414162176-rntd5dcb4 to Kafka","timestamp":"2025-05-05T03:02:42.293Z"}
{"level":"info","message":"🔎 ML response payload:","predicted_fare":36.97,"timestamp":"2025-05-05T03:02:43.823Z"}
{"level":"info","message":"📤 Published ride request RIDE-1746414163822-vwqfovvoi to Kafka","timestamp":"2025-05-05T03:02:43.940Z"}
{"level":"info","message":"🔎 ML response payload:","predicted_fare":10.26,"timestamp":"2025-05-05T03:02:44.976Z"}
{"level":"info","message":"📤 Published ride request RIDE-1746414164974-ko7cysjhw to Kafka","timestamp":"2025-05-05T03:02:45.054Z"}
{"level":"info","message":"🔎 ML response payload:","predicted_fare":82.69,"timestamp":"2025-05-05T03:02:48.126Z"}
{"level":"info","message":"📤 Published ride request RIDE-1746414168124-r5vrc3t3u to Kafka","timestamp":"2025-05-05T03:02:48.205Z"}
{"level":"info","message":"🔎 ML response payload:","predicted_fare":21.24,"timestamp":"2025-05-05T03:02:49.521Z"}
{"level":"info","message":"🔎 ML response payload:","predicted_fare":58.58,"timestamp":"2025-05-05T03:02:49.551Z"}
{"level":"info","message":"🔎 ML response payload:","predicted_fare":26.69,"timestamp":"2025-05-05T03:02:49.551Z"}
{"level":"info","message":"📤 Published ride request RIDE-1746414169519-z2ef7y5tp to Kafka","timestamp":"2025-05-05T03:02:49.634Z"}
{"level":"info","message":"📤 Published ride request RIDE-1746414169548-zvn6l6kif to Kafka","timestamp":"2025-05-05T03:02:49.709Z"}
{"level":"info","message":"📤 Published ride request RIDE-1746414169549-l2kec0hzo to Kafka","timestamp":"2025-05-05T03:02:49.710Z"}
{"level":"info","message":"🔎 ML response payload:","predicted_fare":37.1,"timestamp":"2025-05-05T03:02:50.944Z"}
{"level":"info","message":"🔎 ML response payload:","predicted_fare":-6.8,"timestamp":"2025-05-05T03:02:50.972Z"}
{"level":"info","message":"🔎 ML response payload:","predicted_fare":35.28,"timestamp":"2025-05-05T03:02:50.973Z"}
{"level":"info","message":"🔎 ML response payload:","predicted_fare":34.61,"timestamp":"2025-05-05T03:02:50.973Z"}
{"level":"info","message":"📤 Published ride request RIDE-1746414170943-3s8df7pkp to Kafka","timestamp":"2025-05-05T03:02:51.021Z"}
{"level":"info","message":"📤 Published ride request RIDE-1746414170969-uevs5yg91 to Kafka","timestamp":"2025-05-05T03:02:51.046Z"}
{"level":"info","message":"📤 Published ride request RIDE-1746414170969-h9rj1k1kj to Kafka","timestamp":"2025-05-05T03:02:51.049Z"}
{"level":"info","message":"📤 Published ride request RIDE-1746414170970-j6utvlrkj to Kafka","timestamp":"2025-05-05T03:02:51.049Z"}
{"level":"info","message":"🔎 ML response payload:","predicted_fare":11.84,"timestamp":"2025-05-05T03:02:52.348Z"}
{"level":"info","message":"🔎 ML response payload:","predicted_fare":20.43,"timestamp":"2025-05-05T03:02:52.349Z"}
{"level":"info","message":"🔎 ML response payload:","predicted_fare":61.18,"timestamp":"2025-05-05T03:02:52.349Z"}
{"level":"info","message":"📤 Published ride request RIDE-1746414172346-cqvbm0020 to Kafka","timestamp":"2025-05-05T03:02:52.423Z"}
{"level":"info","message":"📤 Published ride request RIDE-1746414172345-gh9r8a2py to Kafka","timestamp":"2025-05-05T03:02:52.425Z"}
{"level":"info","message":"📤 Published ride request RIDE-1746414172345-h1r81qpau to Kafka","timestamp":"2025-05-05T03:02:52.426Z"}
{"level":"info","message":"🔎 ML response payload:","predicted_fare":72.46,"timestamp":"2025-05-05T03:02:53.669Z"}
{"level":"info","message":"🔎 ML response payload:","predicted_fare":81.81,"timestamp":"2025-05-05T03:02:53.678Z"}
{"level":"info","message":"🔎 ML response payload:","predicted_fare":24.86,"timestamp":"2025-05-05T03:02:53.679Z"}
{"level":"info","message":"🔎 ML response payload:","predicted_fare":1.47,"timestamp":"2025-05-05T03:02:53.689Z"}
{"level":"info","message":"📤 Published ride request RIDE-1746414173667-d4s36bfno to Kafka","timestamp":"2025-05-05T03:02:53.827Z"}
{"level":"info","message":"📤 Published ride request RIDE-1746414173677-6t7lxwcsj to Kafka","timestamp":"2025-05-05T03:02:53.827Z"}
{"level":"info","message":"📤 Published ride request RIDE-1746414173676-wgei2a6bp to Kafka","timestamp":"2025-05-05T03:02:53.827Z"}
{"level":"info","message":"📤 Published ride request RIDE-1746414173688-ige2fbq1w to Kafka","timestamp":"2025-05-05T03:02:53.828Z"}
{"level":"info","message":"🔎 ML response payload:","predicted_fare":26.84,"timestamp":"2025-05-05T03:02:55.494Z"}
{"level":"info","message":"🔎 ML response payload:","predicted_fare":40.37,"timestamp":"2025-05-05T03:02:55.495Z"}
{"level":"info","message":"📤 Published ride request RIDE-1746414175492-x0czqbk18 to Kafka","timestamp":"2025-05-05T03:02:55.571Z"}
{"level":"info","message":"📤 Published ride request RIDE-1746414175492-5pcxmowie to Kafka","timestamp":"2025-05-05T03:02:55.573Z"}
{"level":"info","message":"🔎 ML response payload:","predicted_fare":6.34,"timestamp":"2025-05-05T03:02:57.117Z"}
{"level":"info","message":"🔎 ML response payload:","predicted_fare":16.77,"timestamp":"2025-05-05T03:02:57.166Z"}
{"level":"info","message":"📤 Published ride request RIDE-1746414177115-yhs1zjma2 to Kafka","timestamp":"2025-05-05T03:02:57.193Z"}
{"level":"info","message":"📤 Published ride request RIDE-1746414177164-20otf0vs7 to Kafka","timestamp":"2025-05-05T03:02:57.243Z"}
{"level":"info","message":"🔎 ML response payload:","predicted_fare":21.44,"timestamp":"2025-05-05T03:02:58.683Z"}
{"level":"info","message":"🔎 ML response payload:","predicted_fare":21.74,"timestamp":"2025-05-05T03:02:58.683Z"}
{"level":"info","message":"🔎 ML response payload:","predicted_fare":79.81,"timestamp":"2025-05-05T03:02:58.683Z"}
{"level":"info","message":"📤 Published ride request RIDE-1746414178680-8ut5ug7sd to Kafka","timestamp":"2025-05-05T03:02:58.757Z"}
{"level":"info","message":"📤 Published ride request RIDE-1746414178680-khbzx9bp2 to Kafka","timestamp":"2025-05-05T03:02:58.760Z"}
{"level":"info","message":"📤 Published ride request RIDE-1746414178679-3mc3oydsm to Kafka","timestamp":"2025-05-05T03:02:58.760Z"}
{"level":"info","message":"🔎 ML response payload:","predicted_fare":24.06,"timestamp":"2025-05-05T03:03:00.088Z"}
{"level":"info","message":"📤 Published ride request RIDE-1746414180085-bp8ax6wjr to Kafka","timestamp":"2025-05-05T03:03:00.193Z"}
{"level":"info","message":"🔎 ML response payload:","predicted_fare":25.94,"timestamp":"2025-05-05T03:03:00.985Z"}
{"level":"info","message":"🔎 ML response payload:","predicted_fare":-2.41,"timestamp":"2025-05-05T03:03:00.986Z"}
{"level":"info","message":"🔎 ML response payload:","predicted_fare":38.69,"timestamp":"2025-05-05T03:03:00.986Z"}
{"level":"info","message":"🔎 ML response payload:","predicted_fare":-2.07,"timestamp":"2025-05-05T03:03:00.986Z"}
{"level":"info","message":"📤 Published ride request RIDE-1746414180982-tzkifrjap to Kafka","timestamp":"2025-05-05T03:03:01.061Z"}
{"level":"info","message":"📤 Published ride request RIDE-1746414180982-4qvsotuz1 to Kafka","timestamp":"2025-05-05T03:03:01.062Z"}
{"level":"info","message":"📤 Published ride request RIDE-1746414180982-yfmu91oma to Kafka","timestamp":"2025-05-05T03:03:01.063Z"}
{"level":"info","message":"📤 Published ride request RIDE-1746414180983-jj8bfiy77 to Kafka","timestamp":"2025-05-05T03:03:01.064Z"}
{"level":"info","message":"🔎 ML response payload:","predicted_fare":39.72,"timestamp":"2025-05-05T03:03:02.154Z"}
{"level":"info","message":"🔎 ML response payload:","predicted_fare":37.46,"timestamp":"2025-05-05T03:03:02.155Z"}
{"level":"info","message":"📤 Published ride request RIDE-1746414182153-ysokss41i to Kafka","timestamp":"2025-05-05T03:03:02.291Z"}
{"level":"info","message":"📤 Published ride request RIDE-1746414182152-x69ruac6y to Kafka","timestamp":"2025-05-05T03:03:02.291Z"}
{"level":"info","message":"🔎 ML response payload:","predicted_fare":16.11,"timestamp":"2025-05-05T03:03:03.547Z"}
{"level":"info","message":"🔎 ML response payload:","predicted_fare":45.73,"timestamp":"2025-05-05T03:03:03.589Z"}
{"level":"info","message":"📤 Published ride request RIDE-1746414183545-ytse2yle7 to Kafka","timestamp":"2025-05-05T03:03:03.624Z"}
{"level":"info","message":"📤 Published ride request RIDE-1746414183587-lolmqwrla to Kafka","timestamp":"2025-05-05T03:03:03.665Z"}
{"level":"info","message":"🔎 ML response payload:","predicted_fare":10.67,"timestamp":"2025-05-05T03:03:04.459Z"}
{"level":"info","message":"📤 Published ride request RIDE-1746414184457-vvm37lqag to Kafka","timestamp":"2025-05-05T03:03:04.546Z"}
{"level":"info","message":"🔎 ML response payload:","predicted_fare":26.67,"timestamp":"2025-05-05T03:03:04.694Z"}
{"level":"info","message":"🔎 ML response payload:","predicted_fare":27.15,"timestamp":"2025-05-05T03:03:04.824Z"}
{"level":"info","message":"📤 Published ride request RIDE-1746414184692-xxy2gly0x to Kafka","timestamp":"2025-05-05T03:03:04.840Z"}
{"level":"info","message":"📤 Published ride request RIDE-1746414184823-6n4nsfndh to Kafka","timestamp":"2025-05-05T03:03:04.914Z"}
{"level":"info","message":"🔎 ML response payload:","predicted_fare":29.1,"timestamp":"2025-05-05T03:03:06.631Z"}
{"level":"info","message":"📤 Published ride request RIDE-1746414186629-vsagaeemf to Kafka","timestamp":"2025-05-05T03:03:06.707Z"}
{"level":"info","message":"🔎 ML response payload:","predicted_fare":21.11,"timestamp":"2025-05-05T03:03:07.269Z"}
{"level":"info","message":"🔎 ML response payload:","predicted_fare":41.36,"timestamp":"2025-05-05T03:03:07.269Z"}
{"level":"info","message":"📤 Published ride request RIDE-1746414187266-wtf7chqrs to Kafka","timestamp":"2025-05-05T03:03:07.345Z"}
{"level":"info","message":"📤 Published ride request RIDE-1746414187267-bfho5p4w9 to Kafka","timestamp":"2025-05-05T03:03:07.346Z"}
{"level":"info","message":"🔎 ML response payload:","predicted_fare":25.25,"timestamp":"2025-05-05T03:03:08.256Z"}
{"level":"info","message":"📤 Published ride request RIDE-1746414188255-x8hblgu7c to Kafka","timestamp":"2025-05-05T03:03:08.334Z"}
{"level":"info","message":"🔎 ML response payload:","predicted_fare":51.97,"timestamp":"2025-05-05T03:03:09.277Z"}
{"level":"info","message":"🔎 ML response payload:","predicted_fare":25.9,"timestamp":"2025-05-05T03:03:09.278Z"}
{"level":"info","message":"🔎 ML response payload:","predicted_fare":63.08,"timestamp":"2025-05-05T03:03:09.279Z"}
{"level":"info","message":"📤 Published ride request RIDE-1746414189274-wib253pf2 to Kafka","timestamp":"2025-05-05T03:03:09.354Z"}
{"level":"info","message":"📤 Published ride request RIDE-1746414189275-58wsz10hh to Kafka","timestamp":"2025-05-05T03:03:09.355Z"}
{"level":"info","message":"📤 Published ride request RIDE-1746414189275-jzblt6rhy to Kafka","timestamp":"2025-05-05T03:03:09.357Z"}
{"level":"info","message":"🔎 ML response payload:","predicted_fare":53,"timestamp":"2025-05-05T03:03:10.812Z"}
{"level":"info","message":"📤 Published ride request RIDE-1746414190810-7nk7m6flr to Kafka","timestamp":"2025-05-05T03:03:10.890Z"}
{"level":"info","message":"🔎 ML response payload:","predicted_fare":24.28,"timestamp":"2025-05-05T03:03:12.659Z"}
{"level":"info","message":"📤 Published ride request RIDE-1746414192658-906p2diqv to Kafka","timestamp":"2025-05-05T03:03:12.778Z"}
{"level":"info","message":"🔎 ML response payload:","predicted_fare":22.01,"timestamp":"2025-05-05T03:03:14.431Z"}
{"level":"info","message":"📤 Published ride request RIDE-1746414194429-nsqevww59 to Kafka","timestamp":"2025-05-05T03:03:14.513Z"}
{"level":"info","message":"🔎 ML response payload:","predicted_fare":89.18,"timestamp":"2025-05-05T03:03:15.133Z"}
{"level":"info","message":"🔎 ML response payload:","predicted_fare":16.59,"timestamp":"2025-05-05T03:03:15.134Z"}
{"level":"info","message":"🔎 ML response payload:","predicted_fare":1.12,"timestamp":"2025-05-05T03:03:15.134Z"}
{"level":"info","message":"📤 Published ride request RIDE-1746414195130-gjuj5jqvu to Kafka","timestamp":"2025-05-05T03:03:15.212Z"}
{"level":"info","message":"📤 Published ride request RIDE-1746414195131-atip6idg2 to Kafka","timestamp":"2025-05-05T03:03:15.212Z"}
{"level":"info","message":"📤 Published ride request RIDE-1746414195130-740xt8lhl to Kafka","timestamp":"2025-05-05T03:03:15.212Z"}
{"level":"info","message":"🔎 ML response payload:","predicted_fare":20.59,"timestamp":"2025-05-05T03:03:15.836Z"}
{"level":"info","message":"🔎 ML response payload:","predicted_fare":12.51,"timestamp":"2025-05-05T03:03:15.838Z"}
{"level":"info","message":"📤 Published ride request RIDE-1746414195823-os84ar9sz to Kafka","timestamp":"2025-05-05T03:03:15.926Z"}
{"level":"info","message":"📤 Published ride request RIDE-1746414195825-wlqwir4ww to Kafka","timestamp":"2025-05-05T03:03:15.927Z"}
{"level":"info","message":"🔎 ML response payload:","predicted_fare":19.18,"timestamp":"2025-05-05T03:03:18.843Z"}
{"level":"info","message":"📤 Published ride request RIDE-1746414198842-aquzi8vb0 to Kafka","timestamp":"2025-05-05T03:03:18.994Z"}
{"level":"info","message":"🔎 ML response payload:","predicted_fare":18.24,"timestamp":"2025-05-05T03:03:19.378Z"}
{"level":"info","message":"🔎 ML response payload:","predicted_fare":31.03,"timestamp":"2025-05-05T03:03:19.410Z"}
{"level":"info","message":"📤 Published ride request RIDE-1746414199376-5uy5g8ue7 to Kafka","timestamp":"2025-05-05T03:03:19.520Z"}
{"level":"info","message":"📤 Published ride request RIDE-1746414199408-067fju4at to Kafka","timestamp":"2025-05-05T03:03:19.520Z"}
{"level":"info","message":"🔎 ML response payload:","predicted_fare":42.42,"timestamp":"2025-05-05T03:03:20.245Z"}
{"level":"info","message":"🔎 ML response payload:","predicted_fare":21.76,"timestamp":"2025-05-05T03:03:20.259Z"}
{"level":"info","message":"📤 Published ride request RIDE-1746414200243-39b64iqnv to Kafka","timestamp":"2025-05-05T03:03:20.323Z"}
{"level":"info","message":"📤 Published ride request RIDE-1746414200257-omh8xperr to Kafka","timestamp":"2025-05-05T03:03:20.335Z"}
{"level":"info","message":"🔎 ML response payload:","predicted_fare":36.53,"timestamp":"2025-05-05T03:03:22.179Z"}
{"level":"info","message":"🔎 ML response payload:","predicted_fare":2.15,"timestamp":"2025-05-05T03:03:22.196Z"}
{"level":"info","message":"🔎 ML response payload:","predicted_fare":46.83,"timestamp":"2025-05-05T03:03:22.196Z"}
{"level":"info","message":"🔎 ML response payload:","predicted_fare":53.49,"timestamp":"2025-05-05T03:03:22.197Z"}
{"level":"info","message":"📤 Published ride request RIDE-1746414202177-69k90zf76 to Kafka","timestamp":"2025-05-05T03:03:22.256Z"}
{"level":"info","message":"📤 Published ride request RIDE-1746414202194-v2kn6bd8f to Kafka","timestamp":"2025-05-05T03:03:22.270Z"}
{"level":"info","message":"📤 Published ride request RIDE-1746414202193-x5eg3yjm2 to Kafka","timestamp":"2025-05-05T03:03:22.273Z"}
{"level":"info","message":"📤 Published ride request RIDE-1746414202193-npdfoqgig to Kafka","timestamp":"2025-05-05T03:03:22.274Z"}
{"level":"info","message":"🔎 ML response payload:","predicted_fare":44.81,"timestamp":"2025-05-05T03:03:23.234Z"}
{"level":"info","message":"🔎 ML response payload:","predicted_fare":32.13,"timestamp":"2025-05-05T03:03:23.287Z"}
{"level":"info","message":"📤 Published ride request RIDE-1746414203232-r7ak7aacs to Kafka","timestamp":"2025-05-05T03:03:23.310Z"}
{"level":"info","message":"📤 Published ride request RIDE-1746414203286-78mbe4apt to Kafka","timestamp":"2025-05-05T03:03:23.364Z"}
{"level":"info","message":"🔎 ML response payload:","predicted_fare":22.27,"timestamp":"2025-05-05T03:03:24.377Z"}
{"level":"info","message":"📤 Published ride request RIDE-1746414204375-14zjwovmf to Kafka","timestamp":"2025-05-05T03:03:24.455Z"}
{"level":"info","message":"🔎 ML response payload:","predicted_fare":39.97,"timestamp":"2025-05-05T03:03:26.871Z"}
{"level":"info","message":"🔎 ML response payload:","predicted_fare":55.37,"timestamp":"2025-05-05T03:03:26.944Z"}
{"level":"info","message":"📤 Published ride request RIDE-1746414206869-kepshll52 to Kafka","timestamp":"2025-05-05T03:03:26.949Z"}
{"level":"info","message":"📤 Published ride request RIDE-1746414206943-r2l08vhat to Kafka","timestamp":"2025-05-05T03:03:27.021Z"}
{"level":"info","message":"🔎 ML response payload:","predicted_fare":18.57,"timestamp":"2025-05-05T03:03:27.728Z"}
{"level":"info","message":"🔎 ML response payload:","predicted_fare":22.99,"timestamp":"2025-05-05T03:03:27.758Z"}
{"level":"info","message":"🔎 ML response payload:","predicted_fare":47.1,"timestamp":"2025-05-05T03:03:27.758Z"}
{"level":"info","message":"🔎 ML response payload:","predicted_fare":25.47,"timestamp":"2025-05-05T03:03:27.758Z"}
{"level":"info","message":"📤 Published ride request RIDE-1746414207726-nqqp70s94 to Kafka","timestamp":"2025-05-05T03:03:27.805Z"}
{"level":"info","message":"📤 Published ride request RIDE-1746414207756-5fmyz4kt5 to Kafka","timestamp":"2025-05-05T03:03:27.905Z"}
{"level":"info","message":"📤 Published ride request RIDE-1746414207755-0i5r11brz to Kafka","timestamp":"2025-05-05T03:03:27.906Z"}
{"level":"info","message":"📤 Published ride request RIDE-1746414207755-4v4xb5y2x to Kafka","timestamp":"2025-05-05T03:03:27.906Z"}
{"level":"info","message":"🔎 ML response payload:","predicted_fare":68.23,"timestamp":"2025-05-05T03:03:28.678Z"}
{"level":"info","message":"📤 Published ride request RIDE-1746414208676-pidpd0pnr to Kafka","timestamp":"2025-05-05T03:03:28.754Z"}
{"level":"info","message":"🔎 ML response payload:","predicted_fare":11.56,"timestamp":"2025-05-05T03:03:29.897Z"}
{"level":"info","message":"🔎 ML response payload:","predicted_fare":26.81,"timestamp":"2025-05-05T03:03:29.898Z"}
{"level":"info","message":"📤 Published ride request RIDE-1746414209895-wokexqmjz to Kafka","timestamp":"2025-05-05T03:03:30.005Z"}
{"level":"info","message":"📤 Published ride request RIDE-1746414209895-sa1zzp77r to Kafka","timestamp":"2025-05-05T03:03:30.006Z"}
{"level":"info","message":"🔎 ML response payload:","predicted_fare":104.98,"timestamp":"2025-05-05T03:03:31.008Z"}
{"level":"info","message":"🔎 ML response payload:","predicted_fare":40.59,"timestamp":"2025-05-05T03:03:31.008Z"}
{"level":"info","message":"🔎 ML response payload:","predicted_fare":17.96,"timestamp":"2025-05-05T03:03:31.009Z"}
{"level":"info","message":"📤 Published ride request RIDE-1746414211006-wgfseqt2g to Kafka","timestamp":"2025-05-05T03:03:31.127Z"}
{"level":"info","message":"📤 Published ride request RIDE-1746414211005-wi9m2wzp3 to Kafka","timestamp":"2025-05-05T03:03:31.129Z"}
{"level":"info","message":"📤 Published ride request RIDE-1746414211005-chx6yipoq to Kafka","timestamp":"2025-05-05T03:03:31.131Z"}
{"level":"info","message":"🔎 ML response payload:","predicted_fare":60.06,"timestamp":"2025-05-05T03:03:31.912Z"}
{"level":"info","message":"🔎 ML response payload:","predicted_fare":52.03,"timestamp":"2025-05-05T03:03:31.913Z"}
{"level":"info","message":"🔎 ML response payload:","predicted_fare":21.44,"timestamp":"2025-05-05T03:03:31.913Z"}
{"level":"info","message":"📤 Published ride request RIDE-1746414211910-a50gpp8yk to Kafka","timestamp":"2025-05-05T03:03:31.987Z"}
{"level":"info","message":"📤 Published ride request RIDE-1746414211909-hk9lwekt8 to Kafka","timestamp":"2025-05-05T03:03:31.989Z"}
{"level":"info","message":"📤 Published ride request RIDE-1746414211910-eju26400f to Kafka","timestamp":"2025-05-05T03:03:31.991Z"}
{"level":"info","message":"🔎 ML response payload:","predicted_fare":52.15,"timestamp":"2025-05-05T03:03:35.181Z"}
{"level":"info","message":"📤 Published ride request RIDE-1746414215179-bsvwyrzh0 to Kafka","timestamp":"2025-05-05T03:03:35.323Z"}
{"level":"info","message":"🔎 ML response payload:","predicted_fare":11.86,"timestamp":"2025-05-05T03:03:35.876Z"}
{"level":"info","message":"🔎 ML response payload:","predicted_fare":5.9,"timestamp":"2025-05-05T03:03:35.877Z"}
{"level":"info","message":"📤 Published ride request RIDE-1746414215873-6ltyv7rr1 to Kafka","timestamp":"2025-05-05T03:03:35.953Z"}
{"level":"info","message":"📤 Published ride request RIDE-1746414215874-u0luooeuj to Kafka","timestamp":"2025-05-05T03:03:35.954Z"}
{"level":"info","message":"🔎 ML response payload:","predicted_fare":23.17,"timestamp":"2025-05-05T03:03:36.712Z"}
{"level":"info","message":"📤 Published ride request RIDE-1746414216710-l0kpzt7sb to Kafka","timestamp":"2025-05-05T03:03:36.820Z"}
{"level":"info","message":"🔎 ML response payload:","predicted_fare":13.49,"timestamp":"2025-05-05T03:03:38.679Z"}
{"level":"info","message":"🔎 ML response payload:","predicted_fare":54.34,"timestamp":"2025-05-05T03:03:38.680Z"}
{"level":"info","message":"🔎 ML response payload:","predicted_fare":24.27,"timestamp":"2025-05-05T03:03:38.680Z"}
{"level":"info","message":"📤 Published ride request RIDE-1746414218662-tap00k17q to Kafka","timestamp":"2025-05-05T03:03:38.753Z"}
{"level":"info","message":"📤 Published ride request RIDE-1746414218661-cnszomd8s to Kafka","timestamp":"2025-05-05T03:03:38.756Z"}
{"level":"info","message":"📤 Published ride request RIDE-1746414218661-8bkgh7xdv to Kafka","timestamp":"2025-05-05T03:03:38.757Z"}
{"level":"info","message":"🔎 ML response payload:","predicted_fare":31.1,"timestamp":"2025-05-05T03:03:39.457Z"}
{"level":"info","message":"🔎 ML response payload:","predicted_fare":17.51,"timestamp":"2025-05-05T03:03:39.458Z"}
{"level":"info","message":"📤 Published ride request RIDE-1746414219455-iw06o1vp4 to Kafka","timestamp":"2025-05-05T03:03:39.534Z"}
{"level":"info","message":"📤 Published ride request RIDE-1746414219455-bfi0b290r to Kafka","timestamp":"2025-05-05T03:03:39.535Z"}
{"level":"info","message":"🔎 ML response payload:","predicted_fare":-17.29,"timestamp":"2025-05-05T03:03:40.199Z"}
{"level":"info","message":"📤 Published ride request RIDE-1746414220197-6mu7ifd55 to Kafka","timestamp":"2025-05-05T03:03:40.276Z"}
{"level":"info","message":"🔎 ML response payload:","predicted_fare":48.5,"timestamp":"2025-05-05T03:03:42.248Z"}
{"level":"info","message":"🔎 ML response payload:","predicted_fare":14.24,"timestamp":"2025-05-05T03:03:42.249Z"}
{"level":"info","message":"📤 Published ride request RIDE-1746414222246-u8kb2v0qs to Kafka","timestamp":"2025-05-05T03:03:42.328Z"}
{"level":"info","message":"📤 Published ride request RIDE-1746414222246-i4uphqh5g to Kafka","timestamp":"2025-05-05T03:03:42.328Z"}
{"level":"info","message":"🔎 ML response payload:","predicted_fare":41.25,"timestamp":"2025-05-05T03:03:42.817Z"}
{"level":"info","message":"🔎 ML response payload:","predicted_fare":19.67,"timestamp":"2025-05-05T03:03:42.818Z"}
{"level":"info","message":"🔎 ML response payload:","predicted_fare":35.83,"timestamp":"2025-05-05T03:03:42.818Z"}
{"level":"info","message":"📤 Published ride request RIDE-1746414222815-4of3gxh7a to Kafka","timestamp":"2025-05-05T03:03:42.894Z"}
{"level":"info","message":"📤 Published ride request RIDE-1746414222815-1ibg48jdo to Kafka","timestamp":"2025-05-05T03:03:42.895Z"}
{"level":"info","message":"📤 Published ride request RIDE-1746414222814-9nxczm94l to Kafka","timestamp":"2025-05-05T03:03:42.895Z"}
{"level":"info","message":"🔎 ML response payload:","predicted_fare":17.58,"timestamp":"2025-05-05T03:03:43.348Z"}
{"level":"info","message":"📤 Published ride request RIDE-1746414223347-vz75wahnj to Kafka","timestamp":"2025-05-05T03:03:43.425Z"}
{"level":"info","message":"🔎 ML response payload:","predicted_fare":61.62,"timestamp":"2025-05-05T03:03:44.173Z"}
{"level":"info","message":"📤 Published ride request RIDE-1746414224171-thusk52s8 to Kafka","timestamp":"2025-05-05T03:03:44.259Z"}
{"level":"info","message":"🔎 ML response payload:","predicted_fare":30.82,"timestamp":"2025-05-05T03:03:44.749Z"}
{"level":"info","message":"🔎 ML response payload:","predicted_fare":7.28,"timestamp":"2025-05-05T03:03:44.750Z"}
{"level":"info","message":"📤 Published ride request RIDE-1746414224747-uixk1gh6b to Kafka","timestamp":"2025-05-05T03:03:44.829Z"}
{"level":"info","message":"📤 Published ride request RIDE-1746414224747-j7e86e2o9 to Kafka","timestamp":"2025-05-05T03:03:44.830Z"}
{"level":"info","message":"🔎 ML response payload:","predicted_fare":9.62,"timestamp":"2025-05-05T03:03:45.297Z"}
{"level":"info","message":"🔎 ML response payload:","predicted_fare":9.28,"timestamp":"2025-05-05T03:03:45.297Z"}
{"level":"info","message":"📤 Published ride request RIDE-1746414225293-w2zbt6ybj to Kafka","timestamp":"2025-05-05T03:03:45.373Z"}
{"level":"info","message":"📤 Published ride request RIDE-1746414225294-ajl7y7l5i to Kafka","timestamp":"2025-05-05T03:03:45.374Z"}
{"level":"info","message":"🔎 ML response payload:","predicted_fare":98.07,"timestamp":"2025-05-05T03:03:48.277Z"}
{"level":"info","message":"📤 Published ride request RIDE-1746414228275-o9moetazu to Kafka","timestamp":"2025-05-05T03:03:48.429Z"}
{"level":"info","message":"🔎 ML response payload:","predicted_fare":26.49,"timestamp":"2025-05-05T03:03:48.620Z"}
{"level":"info","message":"📤 Published ride request RIDE-1746414228618-yz3laamno to Kafka","timestamp":"2025-05-05T03:03:48.698Z"}
{"level":"info","message":"🔎 ML response payload:","predicted_fare":20.71,"timestamp":"2025-05-05T03:03:49.671Z"}
{"level":"info","message":"📤 Published ride request RIDE-1746414229669-va7k4d0j8 to Kafka","timestamp":"2025-05-05T03:03:49.749Z"}
{"level":"info","message":"🔎 ML response payload:","predicted_fare":-15.11,"timestamp":"2025-05-05T03:03:51.357Z"}
{"level":"info","message":"🔎 ML response payload:","predicted_fare":46.81,"timestamp":"2025-05-05T03:03:51.357Z"}
{"level":"info","message":"🔎 ML response payload:","predicted_fare":23.13,"timestamp":"2025-05-05T03:03:51.395Z"}
{"level":"info","message":"📤 Published ride request RIDE-1746414231355-6qftnzj6h to Kafka","timestamp":"2025-05-05T03:03:51.498Z"}
{"level":"info","message":"📤 Published ride request RIDE-1746414231354-m27ya3q2x to Kafka","timestamp":"2025-05-05T03:03:51.498Z"}
{"level":"info","message":"📤 Published ride request RIDE-1746414231393-yoz9x99te to Kafka","timestamp":"2025-05-05T03:03:51.499Z"}
{"level":"info","message":"🔎 ML response payload:","predicted_fare":9.96,"timestamp":"2025-05-05T03:03:52.280Z"}
{"level":"info","message":"🔎 ML response payload:","predicted_fare":29.29,"timestamp":"2025-05-05T03:03:52.280Z"}
{"level":"info","message":"📤 Published ride request RIDE-1746414232277-g79m401ci to Kafka","timestamp":"2025-05-05T03:03:52.353Z"}
{"level":"info","message":"📤 Published ride request RIDE-1746414232278-rf7gmho91 to Kafka","timestamp":"2025-05-05T03:03:52.357Z"}
{"level":"info","message":"🔎 ML response payload:","predicted_fare":44.53,"timestamp":"2025-05-05T03:03:53.540Z"}
{"level":"info","message":"🔎 ML response payload:","predicted_fare":42.26,"timestamp":"2025-05-05T03:03:53.571Z"}
{"level":"info","message":"🔎 ML response payload:","predicted_fare":29.34,"timestamp":"2025-05-05T03:03:53.571Z"}
{"level":"info","message":"📤 Published ride request RIDE-1746414233569-d92bzs4am to Kafka","timestamp":"2025-05-05T03:03:53.667Z"}
{"level":"info","message":"📤 Published ride request RIDE-1746414233569-d82u9oxqr to Kafka","timestamp":"2025-05-05T03:03:53.670Z"}
{"level":"info","message":"📤 Published ride request RIDE-1746414233539-utlfuwlle to Kafka","timestamp":"2025-05-05T03:03:53.671Z"}
{"level":"info","message":"🔎 ML response payload:","predicted_fare":12.86,"timestamp":"2025-05-05T03:03:54.942Z"}
{"level":"info","message":"🔎 ML response payload:","predicted_fare":28.72,"timestamp":"2025-05-05T03:03:54.971Z"}
{"level":"info","message":"🔎 ML response payload:","predicted_fare":38.57,"timestamp":"2025-05-05T03:03:54.991Z"}
{"level":"info","message":"📤 Published ride request RIDE-1746414234940-shcaq98bv to Kafka","timestamp":"2025-05-05T03:03:55.020Z"}
{"level":"info","message":"📤 Published ride request RIDE-1746414234970-evcgj0trd to Kafka","timestamp":"2025-05-05T03:03:55.048Z"}
{"level":"info","message":"📤 Published ride request RIDE-1746414234989-5krpdgyrg to Kafka","timestamp":"2025-05-05T03:03:55.065Z"}
{"level":"info","message":"🔎 ML response payload:","predicted_fare":63.74,"timestamp":"2025-05-05T03:03:55.425Z"}
{"level":"info","message":"📤 Published ride request RIDE-1746414235423-rt830zrw1 to Kafka","timestamp":"2025-05-05T03:03:55.500Z"}
{"level":"info","message":"🔎 ML response payload:","predicted_fare":29.31,"timestamp":"2025-05-05T03:03:57.515Z"}
{"level":"info","message":"🔎 ML response payload:","predicted_fare":26.66,"timestamp":"2025-05-05T03:03:57.516Z"}
{"level":"info","message":"📤 Published ride request RIDE-1746414237513-hyerlks91 to Kafka","timestamp":"2025-05-05T03:03:57.590Z"}
{"level":"info","message":"📤 Published ride request RIDE-1746414237513-6us4u3gj7 to Kafka","timestamp":"2025-05-05T03:03:57.592Z"}
{"level":"info","message":"🔎 ML response payload:","predicted_fare":67.48,"timestamp":"2025-05-05T03:03:58.077Z"}
{"level":"info","message":"📤 Published ride request RIDE-1746414238074-cx8rh4rli to Kafka","timestamp":"2025-05-05T03:03:58.154Z"}
{"level":"info","message":"🔎 ML response payload:","predicted_fare":24.18,"timestamp":"2025-05-05T03:03:59.371Z"}
{"level":"info","message":"📤 Published ride request RIDE-1746414239369-0hvy8892j to Kafka","timestamp":"2025-05-05T03:03:59.448Z"}
{"level":"info","message":"🔎 ML response payload:","predicted_fare":18.28,"timestamp":"2025-05-05T03:03:59.606Z"}
{"level":"info","message":"🔎 ML response payload:","predicted_fare":23.49,"timestamp":"2025-05-05T03:03:59.607Z"}
{"level":"info","message":"📤 Published ride request RIDE-1746414239604-3i4awbn2u to Kafka","timestamp":"2025-05-05T03:03:59.682Z"}
{"level":"info","message":"📤 Published ride request RIDE-1746414239604-mph1497sc to Kafka","timestamp":"2025-05-05T03:03:59.683Z"}
{"level":"info","message":"🔎 ML response payload:","predicted_fare":65.63,"timestamp":"2025-05-05T03:03:59.858Z"}
{"level":"info","message":"📤 Published ride request RIDE-1746414239857-2ezdh5xiw to Kafka","timestamp":"2025-05-05T03:03:59.962Z"}
{"level":"info","message":"🔎 ML response payload:","predicted_fare":14.08,"timestamp":"2025-05-05T03:04:01.549Z"}
{"level":"info","message":"📤 Published ride request RIDE-1746414241547-9jg5ab2lz to Kafka","timestamp":"2025-05-05T03:04:01.626Z"}
{"level":"info","message":"🔎 ML response payload:","predicted_fare":26.54,"timestamp":"2025-05-05T03:04:02.412Z"}
{"level":"info","message":"📤 Published ride request RIDE-1746414242410-02r73bg0a to Kafka","timestamp":"2025-05-05T03:04:02.508Z"}
{"level":"info","message":"🔎 ML response payload:","predicted_fare":64.34,"timestamp":"2025-05-05T03:04:03.405Z"}
{"level":"info","message":"📤 Published ride request RIDE-1746414243403-3dhwv1wud to Kafka","timestamp":"2025-05-05T03:04:03.557Z"}
{"level":"info","message":"🔎 ML response payload:","predicted_fare":50.17,"timestamp":"2025-05-05T03:06:29.885Z"}
{"level":"info","message":"📤 Published ride request RIDE-1746414389878-3lowzi967 to Kafka","timestamp":"2025-05-05T03:06:29.963Z"}
{"level":"info","message":"🔎 ML response payload:","predicted_fare":34.57,"timestamp":"2025-05-05T03:06:30.446Z"}
{"level":"info","message":"🔎 ML response payload:","predicted_fare":51.05,"timestamp":"2025-05-05T03:06:30.449Z"}
{"level":"info","message":"🔎 ML response payload:","predicted_fare":34.18,"timestamp":"2025-05-05T03:06:30.450Z"}
{"level":"info","message":"🔎 ML response payload:","predicted_fare":13.37,"timestamp":"2025-05-05T03:06:30.460Z"}
{"level":"info","message":"🔎 ML response payload:","predicted_fare":36.8,"timestamp":"2025-05-05T03:06:30.461Z"}
{"level":"info","message":"🔎 ML response payload:","predicted_fare":38.56,"timestamp":"2025-05-05T03:06:30.461Z"}
{"level":"info","message":"🔎 ML response payload:","predicted_fare":46.14,"timestamp":"2025-05-05T03:06:30.462Z"}
{"level":"info","message":"🔎 ML response payload:","predicted_fare":14.95,"timestamp":"2025-05-05T03:06:30.462Z"}
{"level":"info","message":"📤 Published ride request RIDE-1746414390444-prqwtbpzq to Kafka","timestamp":"2025-05-05T03:06:30.524Z"}
{"level":"info","message":"📤 Published ride request RIDE-1746414390443-wes9ay0ok to Kafka","timestamp":"2025-05-05T03:06:30.524Z"}
{"level":"info","message":"📤 Published ride request RIDE-1746414390443-6kbzm97l6 to Kafka","timestamp":"2025-05-05T03:06:30.527Z"}
{"level":"info","message":"📤 Published ride request RIDE-1746414390456-tqxpdy2t8 to Kafka","timestamp":"2025-05-05T03:06:30.536Z"}
{"level":"info","message":"📤 Published ride request RIDE-1746414390457-3aak3hydo to Kafka","timestamp":"2025-05-05T03:06:30.538Z"}
{"level":"info","message":"📤 Published ride request RIDE-1746414390455-u6z0pydea to Kafka","timestamp":"2025-05-05T03:06:30.538Z"}
{"level":"info","message":"📤 Published ride request RIDE-1746414390455-v6zrnpi25 to Kafka","timestamp":"2025-05-05T03:06:30.538Z"}
{"level":"info","message":"📤 Published ride request RIDE-1746414390456-5qzt77oan to Kafka","timestamp":"2025-05-05T03:06:30.542Z"}
{"level":"info","message":"🔎 ML response payload:","predicted_fare":25.66,"timestamp":"2025-05-05T03:06:30.922Z"}
{"level":"info","message":"📤 Published ride request RIDE-1746414390920-ld4rsljr0 to Kafka","timestamp":"2025-05-05T03:06:31.002Z"}
{"level":"info","message":"🔎 ML response payload:","predicted_fare":15.57,"timestamp":"2025-05-05T03:06:31.478Z"}
{"level":"info","message":"📤 Published ride request RIDE-1746414391475-n6m1szltw to Kafka","timestamp":"2025-05-05T03:06:31.556Z"}
{"level":"info","message":"🔎 ML response payload:","predicted_fare":23.76,"timestamp":"2025-05-05T03:06:32.048Z"}
{"level":"info","message":"📤 Published ride request RIDE-1746414392046-5at5xhhyf to Kafka","timestamp":"2025-05-05T03:06:32.125Z"}
{"level":"info","message":"🔎 ML response payload:","predicted_fare":18.53,"timestamp":"2025-05-05T03:06:33.392Z"}
{"level":"info","message":"📤 Published ride request RIDE-1746414393390-9ozb2hxtz to Kafka","timestamp":"2025-05-05T03:06:33.505Z"}
{"level":"info","message":"🔎 ML response payload:","predicted_fare":0.45,"timestamp":"2025-05-05T03:07:28.058Z"}
{"level":"info","message":"📤 Published ride request RIDE-1746414448049-is14r42hh to Kafka","timestamp":"2025-05-05T03:07:28.136Z"}
{"level":"info","message":"🔎 ML response payload:","predicted_fare":34.77,"timestamp":"2025-05-05T03:07:28.515Z"}
{"level":"info","message":"🔎 ML response payload:","predicted_fare":29.25,"timestamp":"2025-05-05T03:07:28.525Z"}
{"level":"info","message":"🔎 ML response payload:","predicted_fare":25.34,"timestamp":"2025-05-05T03:07:28.527Z"}
{"level":"info","message":"🔎 ML response payload:","predicted_fare":39.01,"timestamp":"2025-05-05T03:07:28.527Z"}
{"level":"info","message":"📤 Published ride request RIDE-1746414448523-94q1sojgt to Kafka","timestamp":"2025-05-05T03:07:28.627Z"}
{"level":"info","message":"📤 Published ride request RIDE-1746414448522-ra0l0vrfc to Kafka","timestamp":"2025-05-05T03:07:28.630Z"}
{"level":"info","message":"📤 Published ride request RIDE-1746414448513-ojvgvdaju to Kafka","timestamp":"2025-05-05T03:07:28.631Z"}
{"level":"info","message":"📤 Published ride request RIDE-1746414448523-yf8mjx4re to Kafka","timestamp":"2025-05-05T03:07:28.631Z"}
{"level":"info","message":"🔎 ML response payload:","predicted_fare":31.07,"timestamp":"2025-05-05T03:07:28.971Z"}
{"level":"info","message":"📤 Published ride request RIDE-1746414448970-ye30lc76d to Kafka","timestamp":"2025-05-05T03:07:29.080Z"}
{"level":"info","message":"🔎 ML response payload:","predicted_fare":25.01,"timestamp":"2025-05-05T03:07:29.391Z"}
{"level":"info","message":"📤 Published ride request RIDE-1746414449389-br390vi8a to Kafka","timestamp":"2025-05-05T03:07:29.467Z"}
{"level":"info","message":"🔎 ML response payload:","predicted_fare":0.92,"timestamp":"2025-05-05T03:07:29.924Z"}
{"level":"info","message":"📤 Published ride request RIDE-1746414449922-qpu3yq360 to Kafka","timestamp":"2025-05-05T03:07:30.002Z"}
{"level":"info","message":"🔎 ML response payload:","predicted_fare":-0.79,"timestamp":"2025-05-05T03:07:30.868Z"}
{"level":"info","message":"📤 Published ride request RIDE-1746414450866-lg1w0v1pe to Kafka","timestamp":"2025-05-05T03:07:30.945Z"}
{"level":"info","message":"🔎 ML response payload:","predicted_fare":11.08,"timestamp":"2025-05-05T03:07:31.947Z"}
{"level":"info","message":"📤 Published ride request RIDE-1746414451944-f6oirdunn to Kafka","timestamp":"2025-05-05T03:07:32.026Z"}
{"level":"info","message":"🔎 ML response payload:","predicted_fare":15.07,"timestamp":"2025-05-05T03:07:32.747Z"}
{"level":"info","message":"📤 Published ride request RIDE-1746414452744-mz67ril0j to Kafka","timestamp":"2025-05-05T03:07:32.824Z"}
{"level":"info","message":"🔎 ML response payload:","predicted_fare":13.16,"timestamp":"2025-05-05T03:07:33.382Z"}
{"level":"info","message":"📤 Published ride request RIDE-1746414453380-6qigo2rb0 to Kafka","timestamp":"2025-05-05T03:07:33.459Z"}
{"level":"info","message":"🔎 ML response payload:","predicted_fare":53.89,"timestamp":"2025-05-05T03:07:34.057Z"}
{"level":"info","message":"📤 Published ride request RIDE-1746414454055-4w7cwdagz to Kafka","timestamp":"2025-05-05T03:07:34.135Z"}
{"level":"info","message":"🔎 ML response payload:","predicted_fare":18.79,"timestamp":"2025-05-05T03:07:34.791Z"}
{"level":"info","message":"📤 Published ride request RIDE-1746414454789-mzuh81iem to Kafka","timestamp":"2025-05-05T03:07:34.920Z"}
{"level":"info","message":"🔎 ML response payload:","predicted_fare":51.07,"timestamp":"2025-05-05T03:07:35.964Z"}
{"level":"info","message":"📤 Published ride request RIDE-1746414455962-ioifmu5cb to Kafka","timestamp":"2025-05-05T03:07:36.041Z"}
{"level":"info","message":"🔎 ML response payload:","predicted_fare":59.11,"timestamp":"2025-05-05T03:07:37.262Z"}
{"level":"info","message":"📤 Published ride request RIDE-1746414457259-7ls2lsbg8 to Kafka","timestamp":"2025-05-05T03:07:37.339Z"}
{"level":"info","message":"🔎 ML response payload:","predicted_fare":7.37,"timestamp":"2025-05-05T03:07:38.266Z"}
{"level":"info","message":"📤 Published ride request RIDE-1746414458264-2sb9ct7ij to Kafka","timestamp":"2025-05-05T03:07:38.344Z"}
{"level":"info","message":"🔎 ML response payload:","predicted_fare":24.48,"timestamp":"2025-05-05T03:07:39.142Z"}
{"level":"info","message":"📤 Published ride request RIDE-1746414459140-x5af85iat to Kafka","timestamp":"2025-05-05T03:07:39.220Z"}
{"level":"info","message":"🔎 ML response payload:","predicted_fare":22.33,"timestamp":"2025-05-05T03:07:40.107Z"}
{"level":"info","message":"📤 Published ride request RIDE-1746414460105-6dw97mp83 to Kafka","timestamp":"2025-05-05T03:07:40.184Z"}
{"level":"info","message":"🔎 ML response payload:","predicted_fare":10.41,"timestamp":"2025-05-05T03:07:41.477Z"}
{"level":"info","message":"📤 Published ride request RIDE-1746414461475-4ze300uvh to Kafka","timestamp":"2025-05-05T03:07:41.556Z"}
{"level":"info","message":"🔎 ML response payload:","predicted_fare":32.13,"timestamp":"2025-05-05T03:07:42.951Z"}
{"level":"info","message":"🔎 ML response payload:","predicted_fare":17.19,"timestamp":"2025-05-05T03:07:42.952Z"}
{"level":"info","message":"📤 Published ride request RIDE-1746414462948-vtu7ouryp to Kafka","timestamp":"2025-05-05T03:07:43.028Z"}
{"level":"info","message":"📤 Published ride request RIDE-1746414462949-ibyuy3fdj to Kafka","timestamp":"2025-05-05T03:07:43.030Z"}
{"level":"info","message":"🔎 ML response payload:","predicted_fare":1.5,"timestamp":"2025-05-05T03:07:44.186Z"}
{"level":"info","message":"🔎 ML response payload:","predicted_fare":27.02,"timestamp":"2025-05-05T03:07:44.186Z"}
{"level":"info","message":"🔎 ML response payload:","predicted_fare":39.65,"timestamp":"2025-05-05T03:07:44.186Z"}
{"level":"info","message":"🔎 ML response payload:","predicted_fare":53.27,"timestamp":"2025-05-05T03:07:44.196Z"}
{"level":"info","message":"🔎 ML response payload:","predicted_fare":28.59,"timestamp":"2025-05-05T03:07:44.197Z"}
{"level":"info","message":"📤 Published ride request RIDE-1746414464183-5glz16mgs to Kafka","timestamp":"2025-05-05T03:07:44.284Z"}
{"level":"info","message":"📤 Published ride request RIDE-1746414464183-ketqi5s0b to Kafka","timestamp":"2025-05-05T03:07:44.284Z"}
{"level":"info","message":"📤 Published ride request RIDE-1746414464184-bntfu6rxg to Kafka","timestamp":"2025-05-05T03:07:44.285Z"}
{"level":"info","message":"📤 Published ride request RIDE-1746414464194-pkp4tdspa to Kafka","timestamp":"2025-05-05T03:07:44.353Z"}
{"level":"info","message":"📤 Published ride request RIDE-1746414464194-vivglcop8 to Kafka","timestamp":"2025-05-05T03:07:44.354Z"}
{"level":"info","message":"🔎 ML response payload:","predicted_fare":122.75,"timestamp":"2025-05-05T03:07:45.279Z"}
{"level":"info","message":"🔎 ML response payload:","predicted_fare":62.28,"timestamp":"2025-05-05T03:07:45.280Z"}
{"level":"info","message":"🔎 ML response payload:","predicted_fare":14.93,"timestamp":"2025-05-05T03:07:45.281Z"}
{"level":"info","message":"📤 Published ride request RIDE-1746414465276-5jnvxyjfs to Kafka","timestamp":"2025-05-05T03:07:45.406Z"}
{"level":"info","message":"📤 Published ride request RIDE-1746414465277-lrgh0bcj6 to Kafka","timestamp":"2025-05-05T03:07:45.406Z"}
{"level":"info","message":"📤 Published ride request RIDE-1746414465277-hm1ocr6so to Kafka","timestamp":"2025-05-05T03:07:45.406Z"}
{"level":"info","message":"🔎 ML response payload:","predicted_fare":7.27,"timestamp":"2025-05-05T03:07:46.470Z"}
{"level":"info","message":"🔎 ML response payload:","predicted_fare":35.6,"timestamp":"2025-05-05T03:07:46.470Z"}
{"level":"info","message":"📤 Published ride request RIDE-1746414466468-wjhw7rim3 to Kafka","timestamp":"2025-05-05T03:07:46.545Z"}
{"level":"info","message":"📤 Published ride request RIDE-1746414466468-m1ou974d2 to Kafka","timestamp":"2025-05-05T03:07:46.546Z"}
{"level":"info","message":"🔎 ML response payload:","predicted_fare":21.07,"timestamp":"2025-05-05T03:08:30.278Z"}
{"level":"info","message":"📤 Published ride request RIDE-1746414510266-mqxtmylrl to Kafka","timestamp":"2025-05-05T03:08:30.428Z"}
{"level":"info","message":"🔎 ML response payload:","predicted_fare":17.74,"timestamp":"2025-05-05T03:08:31.250Z"}
{"level":"info","message":"📤 Published ride request RIDE-1746414511247-me1i4koi3 to Kafka","timestamp":"2025-05-05T03:08:31.328Z"}
{"level":"info","message":"🔎 ML response payload:","predicted_fare":50.63,"timestamp":"2025-05-05T03:08:31.727Z"}
{"level":"info","message":"🔎 ML response payload:","predicted_fare":21.02,"timestamp":"2025-05-05T03:08:31.728Z"}
{"level":"info","message":"📤 Published ride request RIDE-1746414511725-m2an77qt4 to Kafka","timestamp":"2025-05-05T03:08:31.804Z"}
{"level":"info","message":"📤 Published ride request RIDE-1746414511725-bpe2f6zux to Kafka","timestamp":"2025-05-05T03:08:31.805Z"}
{"level":"info","message":"🔎 ML response payload:","predicted_fare":12.69,"timestamp":"2025-05-05T03:08:32.271Z"}
{"level":"info","message":"📤 Published ride request RIDE-1746414512269-4d6cifv7n to Kafka","timestamp":"2025-05-05T03:08:32.345Z"}
{"level":"info","message":"🔎 ML response payload:","predicted_fare":17.63,"timestamp":"2025-05-05T03:08:32.824Z"}
{"level":"info","message":"📤 Published ride request RIDE-1746414512822-cs9tt8bkz to Kafka","timestamp":"2025-05-05T03:08:32.899Z"}
{"level":"info","message":"🔎 ML response payload:","predicted_fare":39,"timestamp":"2025-05-05T03:09:29.879Z"}
{"level":"info","message":"📤 Published ride request RIDE-1746414569873-c4yij3eji to Kafka","timestamp":"2025-05-05T03:09:29.956Z"}
{"level":"info","message":"🔎 ML response payload:","predicted_fare":17.77,"timestamp":"2025-05-05T03:09:31.149Z"}
{"level":"info","message":"📤 Published ride request RIDE-1746414571147-5uxzrsqyb to Kafka","timestamp":"2025-05-05T03:09:31.308Z"}
{"level":"info","message":"🔎 ML response payload:","predicted_fare":82.76,"timestamp":"2025-05-05T03:09:31.579Z"}
{"level":"info","message":"🔎 ML response payload:","predicted_fare":25.3,"timestamp":"2025-05-05T03:09:31.580Z"}
{"level":"info","message":"📤 Published ride request RIDE-1746414571577-dzjj9jabm to Kafka","timestamp":"2025-05-05T03:09:31.654Z"}
{"level":"info","message":"📤 Published ride request RIDE-1746414571577-4ormkqom0 to Kafka","timestamp":"2025-05-05T03:09:31.657Z"}
{"level":"info","message":"🔎 ML response payload:","predicted_fare":26.72,"timestamp":"2025-05-05T03:09:32.565Z"}
{"level":"info","message":"📤 Published ride request RIDE-1746414572563-7s9n60tmu to Kafka","timestamp":"2025-05-05T03:09:32.641Z"}
{"level":"info","message":"🔎 ML response payload:","predicted_fare":63.9,"timestamp":"2025-05-05T03:09:33.282Z"}
{"level":"info","message":"📤 Published ride request RIDE-1746414573280-nsxnr7czq to Kafka","timestamp":"2025-05-05T03:09:33.408Z"}
{"level":"info","message":"🔎 ML response payload:","predicted_fare":19.21,"timestamp":"2025-05-05T03:09:34.020Z"}
{"level":"info","message":"📤 Published ride request RIDE-1746414574018-a35k03wkd to Kafka","timestamp":"2025-05-05T03:09:34.096Z"}
{"level":"info","message":"🔎 ML response payload:","predicted_fare":60.91,"timestamp":"2025-05-05T03:09:34.569Z"}
{"level":"info","message":"📤 Published ride request RIDE-1746414574566-sdfea3je3 to Kafka","timestamp":"2025-05-05T03:09:34.645Z"}
{"level":"info","message":"🔎 ML response payload:","predicted_fare":21.04,"timestamp":"2025-05-05T03:09:35.337Z"}
{"level":"info","message":"📤 Published ride request RIDE-1746414575335-ml7jxfbp9 to Kafka","timestamp":"2025-05-05T03:09:35.432Z"}
{"level":"info","message":"🔎 ML response payload:","predicted_fare":14.81,"timestamp":"2025-05-05T03:09:36.101Z"}
{"level":"info","message":"📤 Published ride request RIDE-1746414576099-w7eg8mlly to Kafka","timestamp":"2025-05-05T03:09:36.178Z"}
{"level":"info","message":"🔎 ML response payload:","predicted_fare":17.34,"timestamp":"2025-05-05T03:09:36.754Z"}
{"level":"info","message":"📤 Published ride request RIDE-1746414576751-3ok78qyng to Kafka","timestamp":"2025-05-05T03:09:36.831Z"}
{"level":"info","message":"🔎 ML response payload:","predicted_fare":44.9,"timestamp":"2025-05-05T03:09:37.730Z"}
{"level":"info","message":"📤 Published ride request RIDE-1746414577728-bbbnxmlbe to Kafka","timestamp":"2025-05-05T03:09:37.807Z"}
{"level":"info","message":"🔎 ML response payload:","predicted_fare":56.34,"timestamp":"2025-05-05T03:09:38.650Z"}
{"level":"info","message":"📤 Published ride request RIDE-1746414578648-cc9u8a5wf to Kafka","timestamp":"2025-05-05T03:09:38.727Z"}
{"level":"info","message":"🔎 ML response payload:","predicted_fare":23.43,"timestamp":"2025-05-05T03:09:39.519Z"}
{"level":"info","message":"📤 Published ride request RIDE-1746414579517-d4x1jqsso to Kafka","timestamp":"2025-05-05T03:09:39.627Z"}
{"level":"info","message":"🔎 ML response payload:","predicted_fare":14.34,"timestamp":"2025-05-05T03:09:40.500Z"}
{"level":"info","message":"📤 Published ride request RIDE-1746414580498-hcfctx3ll to Kafka","timestamp":"2025-05-05T03:09:40.577Z"}
{"level":"info","message":"🔎 ML response payload:","predicted_fare":22.49,"timestamp":"2025-05-05T03:09:41.373Z"}
{"level":"info","message":"🔎 ML response payload:","predicted_fare":63.12,"timestamp":"2025-05-05T03:09:41.374Z"}
{"level":"info","message":"📤 Published ride request RIDE-1746414581371-slq41y3k3 to Kafka","timestamp":"2025-05-05T03:09:41.451Z"}
{"level":"info","message":"📤 Published ride request RIDE-1746414581371-tanb00pcs to Kafka","timestamp":"2025-05-05T03:09:41.452Z"}
{"level":"info","message":"🔎 ML response payload:","predicted_fare":74.8,"timestamp":"2025-05-05T03:09:42.525Z"}
{"level":"info","message":"📤 Published ride request RIDE-1746414582523-eovdyge8x to Kafka","timestamp":"2025-05-05T03:09:42.602Z"}
{"level":"info","message":"🔎 ML response payload:","predicted_fare":16.07,"timestamp":"2025-05-05T03:09:43.673Z"}
{"level":"info","message":"📤 Published ride request RIDE-1746414583671-zfqr24z5s to Kafka","timestamp":"2025-05-05T03:09:43.819Z"}
{"level":"info","message":"🔎 ML response payload:","predicted_fare":21.81,"timestamp":"2025-05-05T03:09:44.787Z"}
{"level":"info","message":"🔎 ML response payload:","predicted_fare":28.68,"timestamp":"2025-05-05T03:09:44.788Z"}
{"level":"info","message":"🔎 ML response payload:","predicted_fare":28.49,"timestamp":"2025-05-05T03:09:44.788Z"}
{"level":"info","message":"🔎 ML response payload:","predicted_fare":18.79,"timestamp":"2025-05-05T03:09:44.788Z"}
{"level":"info","message":"📤 Published ride request RIDE-1746414584784-8p3guj9ok to Kafka","timestamp":"2025-05-05T03:09:44.940Z"}
{"level":"info","message":"📤 Published ride request RIDE-1746414584784-c35aptslm to Kafka","timestamp":"2025-05-05T03:09:44.941Z"}
{"level":"info","message":"📤 Published ride request RIDE-1746414584784-42hh7od21 to Kafka","timestamp":"2025-05-05T03:09:44.942Z"}
{"level":"info","message":"📤 Published ride request RIDE-1746414584783-5pzzgmdiy to Kafka","timestamp":"2025-05-05T03:09:44.944Z"}
{"level":"info","message":"🔎 ML response payload:","predicted_fare":64.81,"timestamp":"2025-05-05T03:09:45.935Z"}
{"level":"info","message":"📤 Published ride request RIDE-1746414585934-j0rmpe43d to Kafka","timestamp":"2025-05-05T03:09:46.013Z"}
{"level":"info","message":"🔎 ML response payload:","predicted_fare":21.74,"timestamp":"2025-05-05T03:09:47.063Z"}
{"level":"info","message":"🔎 ML response payload:","predicted_fare":24.94,"timestamp":"2025-05-05T03:09:47.063Z"}
{"level":"info","message":"📤 Published ride request RIDE-1746414587061-zhij26pw3 to Kafka","timestamp":"2025-05-05T03:09:47.140Z"}
{"level":"info","message":"📤 Published ride request RIDE-1746414587061-g6mwgmw2j to Kafka","timestamp":"2025-05-05T03:09:47.141Z"}
{"level":"info","message":"🔎 ML response payload:","predicted_fare":31.24,"timestamp":"2025-05-05T03:09:48.428Z"}
{"level":"info","message":"🔎 ML response payload:","predicted_fare":19.63,"timestamp":"2025-05-05T03:09:48.439Z"}
{"level":"info","message":"📤 Published ride request RIDE-1746414588426-yxmbe3rvj to Kafka","timestamp":"2025-05-05T03:09:48.539Z"}
{"level":"info","message":"📤 Published ride request RIDE-1746414588437-g1khue9lb to Kafka","timestamp":"2025-05-05T03:09:48.540Z"}
{"level":"info","message":"🔎 ML response payload:","predicted_fare":2.38,"timestamp":"2025-05-05T03:09:49.876Z"}
{"level":"info","message":"🔎 ML response payload:","predicted_fare":75.46,"timestamp":"2025-05-05T03:09:49.877Z"}
{"level":"info","message":"📤 Published ride request RIDE-1746414589874-q5w4tuexp to Kafka","timestamp":"2025-05-05T03:09:49.953Z"}
{"level":"info","message":"📤 Published ride request RIDE-1746414589874-tcj8zhxcl to Kafka","timestamp":"2025-05-05T03:09:49.954Z"}
{"level":"info","message":"🔎 ML response payload:","predicted_fare":16.37,"timestamp":"2025-05-05T03:13:22.786Z"}
{"level":"info","message":"📤 Published ride request RIDE-1746414802780-pwrw87xzz to Kafka","timestamp":"2025-05-05T03:13:22.865Z"}
{"level":"info","message":"🔎 ML response payload:","predicted_fare":18.38,"timestamp":"2025-05-05T03:13:23.318Z"}
{"level":"info","message":"📤 Published ride request RIDE-1746414803316-0oqh8oe5z to Kafka","timestamp":"2025-05-05T03:13:23.395Z"}
{"level":"info","message":"🔎 ML response payload:","predicted_fare":22.54,"timestamp":"2025-05-05T03:13:24.363Z"}
{"level":"info","message":"📤 Published ride request RIDE-1746414804361-goinjvzmq to Kafka","timestamp":"2025-05-05T03:13:24.440Z"}
{"level":"info","message":"🔎 ML response payload:","predicted_fare":22.64,"timestamp":"2025-05-05T03:13:24.903Z"}
{"level":"info","message":"📤 Published ride request RIDE-1746414804901-g98jnqu5b to Kafka","timestamp":"2025-05-05T03:13:24.981Z"}
{"level":"info","message":"🔎 ML response payload:","predicted_fare":20.38,"timestamp":"2025-05-05T03:13:26.526Z"}
{"level":"info","message":"📤 Published ride request RIDE-1746414806524-fegxkefrf to Kafka","timestamp":"2025-05-05T03:13:26.645Z"}
{"level":"info","message":"🔎 ML response payload:","predicted_fare":12.75,"timestamp":"2025-05-05T03:13:27.078Z"}
{"level":"info","message":"📤 Published ride request RIDE-1746414807075-qa6v7as95 to Kafka","timestamp":"2025-05-05T03:13:27.246Z"}
{"level":"info","message":"🔎 ML response payload:","predicted_fare":13.92,"timestamp":"2025-05-05T03:13:28.230Z"}
{"level":"info","message":"📤 Published ride request RIDE-1746414808227-o7ryspbvp to Kafka","timestamp":"2025-05-05T03:13:28.306Z"}
{"level":"info","message":"🔎 ML response payload:","predicted_fare":21.43,"timestamp":"2025-05-05T03:13:29.051Z"}
{"level":"info","message":"📤 Published ride request RIDE-1746414809049-9bb6ssdmu to Kafka","timestamp":"2025-05-05T03:13:29.127Z"}
{"level":"info","message":"🔎 ML response payload:","predicted_fare":14.24,"timestamp":"2025-05-05T03:13:29.715Z"}
{"level":"info","message":"🔎 ML response payload:","predicted_fare":12.49,"timestamp":"2025-05-05T03:13:29.716Z"}
{"level":"info","message":"📤 Published ride request RIDE-1746414809714-ml73usff1 to Kafka","timestamp":"2025-05-05T03:13:29.863Z"}
{"level":"info","message":"📤 Published ride request RIDE-1746414809713-1iq061ntn to Kafka","timestamp":"2025-05-05T03:13:29.864Z"}
{"level":"info","message":"🔎 ML response payload:","predicted_fare":19.92,"timestamp":"2025-05-05T03:13:30.478Z"}
{"level":"info","message":"📤 Published ride request RIDE-1746414810476-8he1ij1da to Kafka","timestamp":"2025-05-05T03:13:30.557Z"}
{"level":"info","message":"🔎 ML response payload:","predicted_fare":25.16,"timestamp":"2025-05-05T03:13:31.325Z"}
{"level":"info","message":"📤 Published ride request RIDE-1746414811323-2juqdk918 to Kafka","timestamp":"2025-05-05T03:13:31.437Z"}
{"level":"info","message":"🔎 ML response payload:","predicted_fare":32.8,"timestamp":"2025-05-05T03:13:32.075Z"}
{"level":"info","message":"🔎 ML response payload:","predicted_fare":75.93,"timestamp":"2025-05-05T03:13:32.081Z"}
{"level":"info","message":"📤 Published ride request RIDE-1746414812073-6ppeb4oeg to Kafka","timestamp":"2025-05-05T03:13:32.152Z"}
{"level":"info","message":"📤 Published ride request RIDE-1746414812079-4t7d03fl9 to Kafka","timestamp":"2025-05-05T03:13:32.156Z"}
{"level":"info","message":"🔎 ML response payload:","predicted_fare":104.69,"timestamp":"2025-05-05T03:13:33.016Z"}
{"level":"info","message":"📤 Published ride request RIDE-1746414813014-eynhg08p7 to Kafka","timestamp":"2025-05-05T03:13:33.092Z"}
{"level":"info","message":"🔎 ML response payload:","predicted_fare":10.87,"timestamp":"2025-05-05T03:13:33.977Z"}
{"level":"info","message":"📤 Published ride request RIDE-1746414813975-sbz5mnzhs to Kafka","timestamp":"2025-05-05T03:13:34.058Z"}
{"level":"info","message":"🔎 ML response payload:","predicted_fare":16.66,"timestamp":"2025-05-05T03:13:34.949Z"}
{"level":"info","message":"🔎 ML response payload:","predicted_fare":16.4,"timestamp":"2025-05-05T03:13:34.954Z"}
{"level":"info","message":"📤 Published ride request RIDE-1746414814946-dv5is03na to Kafka","timestamp":"2025-05-05T03:13:35.106Z"}
{"level":"info","message":"📤 Published ride request RIDE-1746414814952-7v65fva90 to Kafka","timestamp":"2025-05-05T03:13:35.106Z"}
{"level":"info","message":"🔎 ML response payload:","predicted_fare":22.74,"timestamp":"2025-05-05T03:13:35.881Z"}
{"level":"info","message":"📤 Published ride request RIDE-1746414815879-jb3im6gr8 to Kafka","timestamp":"2025-05-05T03:13:35.957Z"}
{"level":"info","message":"🔎 ML response payload:","predicted_fare":30.18,"timestamp":"2025-05-05T03:13:36.941Z"}
{"level":"info","message":"🔎 ML response payload:","predicted_fare":27.49,"timestamp":"2025-05-05T03:13:36.941Z"}
{"level":"info","message":"📤 Published ride request RIDE-1746414816809-ikl3nidmm to Kafka","timestamp":"2025-05-05T03:13:37.017Z"}
{"level":"info","message":"📤 Published ride request RIDE-1746414816809-ridmynfix to Kafka","timestamp":"2025-05-05T03:13:37.018Z"}
{"level":"info","message":"🔎 ML response payload:","predicted_fare":20.84,"timestamp":"2025-05-05T03:13:37.945Z"}
{"level":"info","message":"📤 Published ride request RIDE-1746414817943-hpq8fjim0 to Kafka","timestamp":"2025-05-05T03:13:38.022Z"}
{"level":"info","message":"🔎 ML response payload:","predicted_fare":38.3,"timestamp":"2025-05-05T03:13:39.277Z"}
{"level":"info","message":"📤 Published ride request RIDE-1746414819275-59algw3x1 to Kafka","timestamp":"2025-05-05T03:13:39.354Z"}
{"level":"info","message":"🔎 ML response payload:","predicted_fare":51.96,"timestamp":"2025-05-05T03:13:40.318Z"}
{"level":"info","message":"🔎 ML response payload:","predicted_fare":19.78,"timestamp":"2025-05-05T03:13:40.318Z"}
{"level":"info","message":"📤 Published ride request RIDE-1746414820315-m29mcu09j to Kafka","timestamp":"2025-05-05T03:13:40.395Z"}
{"level":"info","message":"📤 Published ride request RIDE-1746414820315-js3hc088x to Kafka","timestamp":"2025-05-05T03:13:40.395Z"}
{"level":"info","message":"🔎 ML response payload:","predicted_fare":6.93,"timestamp":"2025-05-05T03:13:41.542Z"}
{"level":"info","message":"🔎 ML response payload:","predicted_fare":35.19,"timestamp":"2025-05-05T03:13:41.542Z"}
{"level":"info","message":"📤 Published ride request RIDE-1746414821539-mb7uzycfb to Kafka","timestamp":"2025-05-05T03:13:41.617Z"}
{"level":"info","message":"📤 Published ride request RIDE-1746414821539-1s4nd2w1m to Kafka","timestamp":"2025-05-05T03:13:41.620Z"}
{"level":"info","message":"🔎 ML response payload:","predicted_fare":58.93,"timestamp":"2025-05-05T03:13:42.700Z"}
{"level":"info","message":"📤 Published ride request RIDE-1746414822699-iw4eyxs9b to Kafka","timestamp":"2025-05-05T03:13:42.778Z"}
{"level":"info","message":"🔎 ML response payload:","predicted_fare":25.51,"timestamp":"2025-05-05T03:13:43.971Z"}
{"level":"info","message":"🔎 ML response payload:","predicted_fare":42.55,"timestamp":"2025-05-05T03:13:43.980Z"}
{"level":"info","message":"📤 Published ride request RIDE-1746414823969-qztyso6v5 to Kafka","timestamp":"2025-05-05T03:13:44.058Z"}
{"level":"info","message":"📤 Published ride request RIDE-1746414823978-xnewmy05b to Kafka","timestamp":"2025-05-05T03:13:44.061Z"}
{"level":"info","message":"🔎 ML response payload:","predicted_fare":20.01,"timestamp":"2025-05-05T03:13:45.457Z"}
{"level":"info","message":"🔎 ML response payload:","predicted_fare":67.37,"timestamp":"2025-05-05T03:13:45.458Z"}
{"level":"info","message":"📤 Published ride request RIDE-1746414825455-goh5i884a to Kafka","timestamp":"2025-05-05T03:13:45.592Z"}
{"level":"info","message":"📤 Published ride request RIDE-1746414825455-5g856fm6w to Kafka","timestamp":"2025-05-05T03:13:45.593Z"}
{"level":"info","message":"🔎 ML response payload:","predicted_fare":51.96,"timestamp":"2025-05-05T03:13:46.775Z"}
{"level":"info","message":"🔎 ML response payload:","predicted_fare":44.16,"timestamp":"2025-05-05T03:13:46.775Z"}
{"level":"info","message":"🔎 ML response payload:","predicted_fare":25.65,"timestamp":"2025-05-05T03:13:46.803Z"}
{"level":"info","message":"📤 Published ride request RIDE-1746414826773-vqajzyxnl to Kafka","timestamp":"2025-05-05T03:13:46.851Z"}
{"level":"info","message":"📤 Published ride request RIDE-1746414826772-n7zedejxi to Kafka","timestamp":"2025-05-05T03:13:46.854Z"}
{"level":"info","message":"📤 Published ride request RIDE-1746414826801-npp6nt6km to Kafka","timestamp":"2025-05-05T03:13:46.877Z"}
{"level":"info","message":"🔎 ML response payload:","predicted_fare":46.8,"timestamp":"2025-05-05T03:13:48.198Z"}
{"level":"info","message":"🔎 ML response payload:","predicted_fare":23.6,"timestamp":"2025-05-05T03:13:48.199Z"}
{"level":"info","message":"📤 Published ride request RIDE-1746414828196-cp3hyt96a to Kafka","timestamp":"2025-05-05T03:13:48.272Z"}
{"level":"info","message":"📤 Published ride request RIDE-1746414828197-nc4eaqrx3 to Kafka","timestamp":"2025-05-05T03:13:48.276Z"}
{"level":"info","message":"🔎 ML response payload:","predicted_fare":27.12,"timestamp":"2025-05-05T03:13:49.689Z"}
{"level":"info","message":"🔎 ML response payload:","predicted_fare":30.41,"timestamp":"2025-05-05T03:13:49.722Z"}
{"level":"info","message":"📤 Published ride request RIDE-1746414829687-blns1hvzd to Kafka","timestamp":"2025-05-05T03:13:49.787Z"}
{"level":"info","message":"📤 Published ride request RIDE-1746414829719-k8q2w37rz to Kafka","timestamp":"2025-05-05T03:13:49.797Z"}
{"level":"info","message":"🔎 ML response payload:","predicted_fare":2.41,"timestamp":"2025-05-05T03:13:51.106Z"}
{"level":"info","message":"🔎 ML response payload:","predicted_fare":16.78,"timestamp":"2025-05-05T03:13:51.119Z"}
{"level":"info","message":"🔎 ML response payload:","predicted_fare":16.72,"timestamp":"2025-05-05T03:13:51.120Z"}
{"level":"info","message":"📤 Published ride request RIDE-1746414831104-7w1o6en87 to Kafka","timestamp":"2025-05-05T03:13:51.181Z"}
{"level":"info","message":"📤 Published ride request RIDE-1746414831117-ruucructi to Kafka","timestamp":"2025-05-05T03:13:51.195Z"}
{"level":"info","message":"📤 Published ride request RIDE-1746414831117-i9ho684ww to Kafka","timestamp":"2025-05-05T03:13:51.284Z"}
{"level":"info","message":"🔎 ML response payload:","predicted_fare":94.58,"timestamp":"2025-05-05T03:13:52.741Z"}
{"level":"info","message":"🔎 ML response payload:","predicted_fare":16.39,"timestamp":"2025-05-05T03:13:52.742Z"}
{"level":"info","message":"📤 Published ride request RIDE-1746414832737-4xo8tavl7 to Kafka","timestamp":"2025-05-05T03:13:52.857Z"}
{"level":"info","message":"📤 Published ride request RIDE-1746414832736-5e80rzbdi to Kafka","timestamp":"2025-05-05T03:13:52.857Z"}
{"level":"info","message":"🔎 ML response payload:","predicted_fare":106.18,"timestamp":"2025-05-05T03:13:54.355Z"}
{"level":"info","message":"🔎 ML response payload:","predicted_fare":21.32,"timestamp":"2025-05-05T03:13:54.355Z"}
{"level":"info","message":"📤 Published ride request RIDE-1746414834352-gb6lzuhqt to Kafka","timestamp":"2025-05-05T03:13:54.507Z"}
{"level":"info","message":"📤 Published ride request RIDE-1746414834352-7jzzgvgjc to Kafka","timestamp":"2025-05-05T03:13:54.508Z"}
{"level":"info","message":"🔎 ML response payload:","predicted_fare":56.19,"timestamp":"2025-05-05T03:13:55.955Z"}
{"level":"info","message":"🔎 ML response payload:","predicted_fare":42.05,"timestamp":"2025-05-05T03:13:55.977Z"}
{"level":"info","message":"🔎 ML response payload:","predicted_fare":56.65,"timestamp":"2025-05-05T03:13:55.977Z"}
{"level":"info","message":"📤 Published ride request RIDE-1746414835975-s4vc6lmd6 to Kafka","timestamp":"2025-05-05T03:13:56.075Z"}
{"level":"info","message":"📤 Published ride request RIDE-1746414835952-pan5pdrxl to Kafka","timestamp":"2025-05-05T03:13:56.077Z"}
{"level":"info","message":"📤 Published ride request RIDE-1746414835975-b1jn26i2z to Kafka","timestamp":"2025-05-05T03:13:56.079Z"}
{"level":"info","message":"🔎 ML response payload:","predicted_fare":13.69,"timestamp":"2025-05-05T03:13:57.560Z"}
{"level":"info","message":"🔎 ML response payload:","predicted_fare":18.64,"timestamp":"2025-05-05T03:13:57.560Z"}
{"level":"info","message":"📤 Published ride request RIDE-1746414837557-yfkv7um44 to Kafka","timestamp":"2025-05-05T03:13:57.652Z"}
{"level":"info","message":"📤 Published ride request RIDE-1746414837557-vhhlfhivb to Kafka","timestamp":"2025-05-05T03:13:57.652Z"}
{"level":"info","message":"🔎 ML response payload:","predicted_fare":15.7,"timestamp":"2025-05-05T03:13:59.122Z"}
{"level":"info","message":"🔎 ML response payload:","predicted_fare":99.78,"timestamp":"2025-05-05T03:13:59.123Z"}
{"level":"info","message":"🔎 ML response payload:","predicted_fare":30.76,"timestamp":"2025-05-05T03:13:59.133Z"}
{"level":"info","message":"📤 Published ride request RIDE-1746414839132-2ntow0o3x to Kafka","timestamp":"2025-05-05T03:13:59.221Z"}
{"level":"info","message":"📤 Published ride request RIDE-1746414839120-vv1e0lbfc to Kafka","timestamp":"2025-05-05T03:13:59.223Z"}
{"level":"info","message":"📤 Published ride request RIDE-1746414839120-wtggxoqa5 to Kafka","timestamp":"2025-05-05T03:13:59.224Z"}
{"level":"info","message":"🔎 ML response payload:","predicted_fare":17.34,"timestamp":"2025-05-05T03:14:00.921Z"}
{"level":"info","message":"🔎 ML response payload:","predicted_fare":9.09,"timestamp":"2025-05-05T03:14:00.922Z"}
{"level":"info","message":"📤 Published ride request RIDE-1746414840918-g2qqhhjkg to Kafka","timestamp":"2025-05-05T03:14:00.999Z"}
{"level":"info","message":"📤 Published ride request RIDE-1746414840918-zdv5n8exn to Kafka","timestamp":"2025-05-05T03:14:00.999Z"}
{"level":"info","message":"🔎 ML response payload:","predicted_fare":43.95,"timestamp":"2025-05-05T03:14:02.877Z"}
{"level":"info","message":"🔎 ML response payload:","predicted_fare":14.68,"timestamp":"2025-05-05T03:14:02.909Z"}
{"level":"info","message":"📤 Published ride request RIDE-1746414842875-40i8qvbxc to Kafka","timestamp":"2025-05-05T03:14:02.954Z"}
{"level":"info","message":"📤 Published ride request RIDE-1746414842907-r739whh0d to Kafka","timestamp":"2025-05-05T03:14:02.987Z"}
{"level":"info","message":"🔎 ML response payload:","predicted_fare":78.55,"timestamp":"2025-05-05T03:14:04.653Z"}
{"level":"info","message":"🔎 ML response payload:","predicted_fare":22.6,"timestamp":"2025-05-05T03:14:04.654Z"}
{"level":"info","message":"🔎 ML response payload:","predicted_fare":23.73,"timestamp":"2025-05-05T03:14:04.654Z"}
{"level":"info","message":"📤 Published ride request RIDE-1746414844650-vstnqoqbt to Kafka","timestamp":"2025-05-05T03:14:04.730Z"}
{"level":"info","message":"📤 Published ride request RIDE-1746414844650-q5nix7zue to Kafka","timestamp":"2025-05-05T03:14:04.731Z"}
{"level":"info","message":"📤 Published ride request RIDE-1746414844651-zb66190u7 to Kafka","timestamp":"2025-05-05T03:14:04.731Z"}
{"level":"info","message":"🔎 ML response payload:","predicted_fare":28.21,"timestamp":"2025-05-05T03:14:06.488Z"}
{"level":"info","message":"🔎 ML response payload:","predicted_fare":144.07,"timestamp":"2025-05-05T03:14:06.489Z"}
{"level":"info","message":"🔎 ML response payload:","predicted_fare":23.18,"timestamp":"2025-05-05T03:14:06.529Z"}
{"level":"info","message":"📤 Published ride request RIDE-1746414846486-5be6evt0l to Kafka","timestamp":"2025-05-05T03:14:06.565Z"}
{"level":"info","message":"📤 Published ride request RIDE-1746414846486-ga9a320h6 to Kafka","timestamp":"2025-05-05T03:14:06.566Z"}
{"level":"info","message":"📤 Published ride request RIDE-1746414846528-gdkumqig4 to Kafka","timestamp":"2025-05-05T03:14:06.604Z"}
{"level":"info","message":"🔎 ML response payload:","predicted_fare":25.63,"timestamp":"2025-05-05T03:14:08.359Z"}
{"level":"info","message":"🔎 ML response payload:","predicted_fare":32.68,"timestamp":"2025-05-05T03:14:08.359Z"}
{"level":"info","message":"📤 Published ride request RIDE-1746414848356-o5dnbwcot to Kafka","timestamp":"2025-05-05T03:14:08.433Z"}
{"level":"info","message":"📤 Published ride request RIDE-1746414848357-o7ounxvs3 to Kafka","timestamp":"2025-05-05T03:14:08.437Z"}
{"level":"info","message":"🔎 ML response payload:","predicted_fare":31.27,"timestamp":"2025-05-05T03:14:10.269Z"}
{"level":"info","message":"🔎 ML response payload:","predicted_fare":84.78,"timestamp":"2025-05-05T03:14:10.294Z"}
{"level":"info","message":"🔎 ML response payload:","predicted_fare":21.44,"timestamp":"2025-05-05T03:14:10.295Z"}
{"level":"info","message":"📤 Published ride request RIDE-1746414850267-ykj7yjxq2 to Kafka","timestamp":"2025-05-05T03:14:10.346Z"}
{"level":"info","message":"📤 Published ride request RIDE-1746414850292-f56h56wuh to Kafka","timestamp":"2025-05-05T03:14:10.368Z"}
{"level":"info","message":"📤 Published ride request RIDE-1746414850293-ekhxgvtmh to Kafka","timestamp":"2025-05-05T03:14:10.371Z"}
{"level":"info","message":"🔎 ML response payload:","predicted_fare":73.73,"timestamp":"2025-05-05T03:14:12.418Z"}
{"level":"info","message":"🔎 ML response payload:","predicted_fare":16.58,"timestamp":"2025-05-05T03:14:12.418Z"}
{"level":"info","message":"🔎 ML response payload:","predicted_fare":5.06,"timestamp":"2025-05-05T03:14:12.419Z"}
{"level":"info","message":"📤 Published ride request RIDE-1746414852415-qnsylyflm to Kafka","timestamp":"2025-05-05T03:14:12.496Z"}
{"level":"info","message":"📤 Published ride request RIDE-1746414852415-yep9n19s6 to Kafka","timestamp":"2025-05-05T03:14:12.496Z"}
{"level":"info","message":"📤 Published ride request RIDE-1746414852415-6whsbout1 to Kafka","timestamp":"2025-05-05T03:14:12.498Z"}
{"level":"info","message":"🔎 ML response payload:","predicted_fare":9.89,"timestamp":"2025-05-05T03:14:14.397Z"}
{"level":"info","message":"🔎 ML response payload:","predicted_fare":30.29,"timestamp":"2025-05-05T03:14:14.397Z"}
{"level":"info","message":"🔎 ML response payload:","predicted_fare":10.33,"timestamp":"2025-05-05T03:14:14.420Z"}
{"level":"info","message":"🔎 ML response payload:","predicted_fare":36.99,"timestamp":"2025-05-05T03:14:14.421Z"}
{"level":"info","message":"📤 Published ride request RIDE-1746414854395-vcmaed59v to Kafka","timestamp":"2025-05-05T03:14:14.472Z"}
{"level":"info","message":"📤 Published ride request RIDE-1746414854395-cxxt7tfxs to Kafka","timestamp":"2025-05-05T03:14:14.475Z"}
{"level":"info","message":"📤 Published ride request RIDE-1746414854418-gmj55q12h to Kafka","timestamp":"2025-05-05T03:14:14.494Z"}
{"level":"info","message":"📤 Published ride request RIDE-1746414854418-hlf5aemx5 to Kafka","timestamp":"2025-05-05T03:14:14.495Z"}
{"level":"info","message":"🔎 ML response payload:","predicted_fare":71.25,"timestamp":"2025-05-05T03:14:16.431Z"}
{"level":"info","message":"🔎 ML response payload:","predicted_fare":21.53,"timestamp":"2025-05-05T03:14:16.432Z"}
{"level":"info","message":"🔎 ML response payload:","predicted_fare":37.72,"timestamp":"2025-05-05T03:14:16.432Z"}
{"level":"info","message":"📤 Published ride request RIDE-1746414856428-5t1gc6ane to Kafka","timestamp":"2025-05-05T03:14:16.522Z"}
{"level":"info","message":"📤 Published ride request RIDE-1746414856428-qjtop6rim to Kafka","timestamp":"2025-05-05T03:14:16.524Z"}
{"level":"info","message":"📤 Published ride request RIDE-1746414856428-gxvdup9fe to Kafka","timestamp":"2025-05-05T03:14:16.527Z"}
{"level":"info","message":"🔎 ML response payload:","predicted_fare":17.42,"timestamp":"2025-05-05T03:14:18.623Z"}
{"level":"info","message":"🔎 ML response payload:","predicted_fare":44.15,"timestamp":"2025-05-05T03:14:18.624Z"}
{"level":"info","message":"📤 Published ride request RIDE-1746414858622-e7ujld0du to Kafka","timestamp":"2025-05-05T03:14:18.699Z"}
{"level":"info","message":"📤 Published ride request RIDE-1746414858622-2i7zximf5 to Kafka","timestamp":"2025-05-05T03:14:18.700Z"}
{"level":"info","message":"🔎 ML response payload:","predicted_fare":7.12,"timestamp":"2025-05-05T03:14:18.733Z"}
{"level":"info","message":"📤 Published ride request RIDE-1746414858731-s8bb4eag2 to Kafka","timestamp":"2025-05-05T03:14:18.810Z"}
{"level":"info","message":"🔎 ML response payload:","predicted_fare":10.2,"timestamp":"2025-05-05T03:14:20.818Z"}
{"level":"info","message":"🔎 ML response payload:","predicted_fare":18.17,"timestamp":"2025-05-05T03:14:20.819Z"}
{"level":"info","message":"🔎 ML response payload:","predicted_fare":38.94,"timestamp":"2025-05-05T03:14:20.819Z"}
{"level":"info","message":"🔎 ML response payload:","predicted_fare":13.1,"timestamp":"2025-05-05T03:14:20.820Z"}
{"level":"info","message":"📤 Published ride request RIDE-1746414860815-8peo3vm4c to Kafka","timestamp":"2025-05-05T03:14:20.892Z"}
{"level":"info","message":"📤 Published ride request RIDE-1746414860815-lrp5ct3wn to Kafka","timestamp":"2025-05-05T03:14:20.894Z"}
{"level":"info","message":"📤 Published ride request RIDE-1746414860814-bryfwp6m8 to Kafka","timestamp":"2025-05-05T03:14:20.895Z"}
{"level":"info","message":"📤 Published ride request RIDE-1746414860815-1i2xzl1f7 to Kafka","timestamp":"2025-05-05T03:14:20.897Z"}
{"level":"info","message":"🔎 ML response payload:","predicted_fare":20.06,"timestamp":"2025-05-05T03:14:23.072Z"}
{"level":"info","message":"🔎 ML response payload:","predicted_fare":-3.31,"timestamp":"2025-05-05T03:14:23.089Z"}
{"level":"info","message":"🔎 ML response payload:","predicted_fare":33.95,"timestamp":"2025-05-05T03:14:23.089Z"}
{"level":"info","message":"📤 Published ride request RIDE-1746414863070-r0i4bue7x to Kafka","timestamp":"2025-05-05T03:14:23.149Z"}
{"level":"info","message":"📤 Published ride request RIDE-1746414863087-uc6cwelxm to Kafka","timestamp":"2025-05-05T03:14:23.163Z"}
{"level":"info","message":"📤 Published ride request RIDE-1746414863087-8f48nx43o to Kafka","timestamp":"2025-05-05T03:14:23.165Z"}
{"level":"info","message":"🔎 ML response payload:","predicted_fare":31.19,"timestamp":"2025-05-05T03:14:25.367Z"}
{"level":"info","message":"🔎 ML response payload:","predicted_fare":15.63,"timestamp":"2025-05-05T03:14:25.368Z"}
{"level":"info","message":"🔎 ML response payload:","predicted_fare":39.36,"timestamp":"2025-05-05T03:14:25.368Z"}
{"level":"info","message":"📤 Published ride request RIDE-1746414865365-l9kg0v2vg to Kafka","timestamp":"2025-05-05T03:14:25.443Z"}
{"level":"info","message":"📤 Published ride request RIDE-1746414865364-ltlzfxtii to Kafka","timestamp":"2025-05-05T03:14:25.444Z"}
{"level":"info","message":"📤 Published ride request RIDE-1746414865365-socs6fxsw to Kafka","timestamp":"2025-05-05T03:14:25.444Z"}
{"level":"info","message":"🔎 ML response payload:","predicted_fare":24.48,"timestamp":"2025-05-05T03:14:27.511Z"}
{"level":"info","message":"🔎 ML response payload:","predicted_fare":34.27,"timestamp":"2025-05-05T03:14:27.558Z"}
{"level":"info","message":"🔎 ML response payload:","predicted_fare":25.42,"timestamp":"2025-05-05T03:14:27.559Z"}
{"level":"info","message":"🔎 ML response payload:","predicted_fare":19.33,"timestamp":"2025-05-05T03:14:27.559Z"}
{"level":"info","message":"📤 Published ride request RIDE-1746414867510-rlycerbbd to Kafka","timestamp":"2025-05-05T03:14:27.587Z"}
{"level":"info","message":"📤 Published ride request RIDE-1746414867557-xce79ia5h to Kafka","timestamp":"2025-05-05T03:14:27.632Z"}
{"level":"info","message":"📤 Published ride request RIDE-1746414867556-kz96lgjo5 to Kafka","timestamp":"2025-05-05T03:14:27.633Z"}
{"level":"info","message":"📤 Published ride request RIDE-1746414867556-erwx5sdss to Kafka","timestamp":"2025-05-05T03:14:27.637Z"}
{"level":"info","message":"🔎 ML response payload:","predicted_fare":99.25,"timestamp":"2025-05-05T03:14:29.726Z"}
{"level":"info","message":"🔎 ML response payload:","predicted_fare":12.72,"timestamp":"2025-05-05T03:14:29.726Z"}
{"level":"info","message":"🔎 ML response payload:","predicted_fare":21.23,"timestamp":"2025-05-05T03:14:29.727Z"}
{"level":"info","message":"📤 Published ride request RIDE-1746414869723-38zt5t851 to Kafka","timestamp":"2025-05-05T03:14:29.799Z"}
{"level":"info","message":"📤 Published ride request RIDE-1746414869722-9ur9enuxd to Kafka","timestamp":"2025-05-05T03:14:29.800Z"}
{"level":"info","message":"📤 Published ride request RIDE-1746414869723-yjvtqz60k to Kafka","timestamp":"2025-05-05T03:14:29.803Z"}
{"level":"info","message":"🔎 ML response payload:","predicted_fare":17.62,"timestamp":"2025-05-05T03:14:31.669Z"}
{"level":"info","message":"🔎 ML response payload:","predicted_fare":9.86,"timestamp":"2025-05-05T03:14:31.670Z"}
{"level":"info","message":"🔎 ML response payload:","predicted_fare":29.36,"timestamp":"2025-05-05T03:14:31.717Z"}
{"level":"info","message":"📤 Published ride request RIDE-1746414871667-gqvip7qxy to Kafka","timestamp":"2025-05-05T03:14:31.744Z"}
{"level":"info","message":"📤 Published ride request RIDE-1746414871667-t0jv33lwp to Kafka","timestamp":"2025-05-05T03:14:31.745Z"}
{"level":"info","message":"📤 Published ride request RIDE-1746414871716-unvsgdfnp to Kafka","timestamp":"2025-05-05T03:14:31.791Z"}
{"level":"info","message":"🔎 ML response payload:","predicted_fare":51.37,"timestamp":"2025-05-05T03:14:33.345Z"}
{"level":"info","message":"🔎 ML response payload:","predicted_fare":17.61,"timestamp":"2025-05-05T03:14:33.345Z"}
{"level":"info","message":"🔎 ML response payload:","predicted_fare":22.68,"timestamp":"2025-05-05T03:14:33.345Z"}
{"level":"info","message":"📤 Published ride request RIDE-1746414873342-vwnuhth8i to Kafka","timestamp":"2025-05-05T03:14:33.417Z"}
{"level":"info","message":"📤 Published ride request RIDE-1746414873342-rw2w3avqo to Kafka","timestamp":"2025-05-05T03:14:33.419Z"}
{"level":"info","message":"📤 Published ride request RIDE-1746414873342-i3rtn5fm7 to Kafka","timestamp":"2025-05-05T03:14:33.422Z"}
{"level":"info","message":"🔎 ML response payload:","predicted_fare":43.71,"timestamp":"2025-05-05T03:14:34.775Z"}
{"level":"info","message":"🔎 ML response payload:","predicted_fare":32.1,"timestamp":"2025-05-05T03:14:34.775Z"}
{"level":"info","message":"📤 Published ride request RIDE-1746414874773-y55ufecoh to Kafka","timestamp":"2025-05-05T03:14:34.872Z"}
{"level":"info","message":"📤 Published ride request RIDE-1746414874773-tt4jc2he6 to Kafka","timestamp":"2025-05-05T03:14:34.874Z"}
{"level":"info","message":"🔎 ML response payload:","predicted_fare":14.54,"timestamp":"2025-05-05T03:14:35.870Z"}
{"level":"info","message":"🔎 ML response payload:","predicted_fare":58.96,"timestamp":"2025-05-05T03:14:35.871Z"}
{"level":"info","message":"📤 Published ride request RIDE-1746414875868-vx5irla74 to Kafka","timestamp":"2025-05-05T03:14:35.947Z"}
{"level":"info","message":"📤 Published ride request RIDE-1746414875868-0ofc4tg05 to Kafka","timestamp":"2025-05-05T03:14:35.947Z"}
{"level":"info","message":"🔎 ML response payload:","predicted_fare":28.77,"timestamp":"2025-05-05T03:14:36.776Z"}
{"level":"info","message":"🔎 ML response payload:","predicted_fare":20.28,"timestamp":"2025-05-05T03:14:36.776Z"}
{"level":"info","message":"📤 Published ride request RIDE-1746414876773-xu6hv732h to Kafka","timestamp":"2025-05-05T03:14:36.897Z"}
{"level":"info","message":"📤 Published ride request RIDE-1746414876773-jm8wgmmjr to Kafka","timestamp":"2025-05-05T03:14:36.898Z"}
{"level":"info","message":"🔎 ML response payload:","predicted_fare":24.58,"timestamp":"2025-05-05T03:14:37.626Z"}
{"level":"info","message":"📤 Published ride request RIDE-1746414877625-1xphdxcp0 to Kafka","timestamp":"2025-05-05T03:14:37.703Z"}
{"level":"info","message":"🔎 ML response payload:","predicted_fare":11.22,"timestamp":"2025-05-05T03:14:38.393Z"}
{"level":"info","message":"📤 Published ride request RIDE-1746414878391-lmfp34bkg to Kafka","timestamp":"2025-05-05T03:14:38.546Z"}
{"level":"info","message":"🔎 ML response payload:","predicted_fare":35.05,"timestamp":"2025-05-05T03:14:39.044Z"}
{"level":"info","message":"📤 Published ride request RIDE-1746414879042-b63fbpmjc to Kafka","timestamp":"2025-05-05T03:14:39.121Z"}
{"level":"info","message":"🔎 ML response payload:","predicted_fare":22.67,"timestamp":"2025-05-05T03:14:39.595Z"}
{"level":"info","message":"📤 Published ride request RIDE-1746414879593-duuhip2vz to Kafka","timestamp":"2025-05-05T03:14:39.672Z"}
{"level":"info","message":"🔎 ML response payload:","predicted_fare":18.59,"timestamp":"2025-05-05T03:14:40.028Z"}
{"level":"info","message":"📤 Published ride request RIDE-1746414880026-ztohxe4dd to Kafka","timestamp":"2025-05-05T03:14:40.118Z"}
{"level":"info","message":"🔎 ML response payload:","predicted_fare":26.6,"timestamp":"2025-05-05T03:14:40.462Z"}
{"level":"info","message":"📤 Published ride request RIDE-1746414880460-q4rwsceok to Kafka","timestamp":"2025-05-05T03:14:40.569Z"}
{"level":"info","message":"🔎 ML response payload:","predicted_fare":6.06,"timestamp":"2025-05-05T03:14:40.898Z"}
{"level":"info","message":"📤 Published ride request RIDE-1746414880896-c23xd3xpb to Kafka","timestamp":"2025-05-05T03:14:40.975Z"}
{"level":"info","message":"🔎 ML response payload:","predicted_fare":22.72,"timestamp":"2025-05-05T03:14:41.231Z"}
{"level":"info","message":"📤 Published ride request RIDE-1746414881229-pvyt5ci9x to Kafka","timestamp":"2025-05-05T03:14:41.307Z"}
{"level":"info","message":"🔎 ML response payload:","predicted_fare":19.46,"timestamp":"2025-05-05T03:14:41.455Z"}
{"level":"info","message":"📤 Published ride request RIDE-1746414881453-og8zc3bcf to Kafka","timestamp":"2025-05-05T03:14:41.616Z"}
{"level":"info","message":"🔎 ML response payload:","predicted_fare":10.29,"timestamp":"2025-05-05T03:14:43.508Z"}
{"level":"info","message":"📤 Published ride request RIDE-1746414883506-lbh5cdnf9 to Kafka","timestamp":"2025-05-05T03:14:43.586Z"}
{"level":"info","message":"🔎 ML response payload:","predicted_fare":16.26,"timestamp":"2025-05-05T03:14:43.918Z"}
{"level":"info","message":"📤 Published ride request RIDE-1746414883916-x0wutw7px to Kafka","timestamp":"2025-05-05T03:14:43.995Z"}
{"level":"info","message":"🔎 ML response payload:","predicted_fare":22.28,"timestamp":"2025-05-05T03:14:44.264Z"}
{"level":"info","message":"📤 Published ride request RIDE-1746414884262-wvul6kvy6 to Kafka","timestamp":"2025-05-05T03:14:44.340Z"}
{"level":"info","message":"🔎 ML response payload:","predicted_fare":48.02,"timestamp":"2025-05-05T03:14:44.495Z"}
{"level":"info","message":"📤 Published ride request RIDE-1746414884492-hiue80nuk to Kafka","timestamp":"2025-05-05T03:14:44.572Z"}
{"level":"info","message":"🔎 ML response payload:","predicted_fare":44.14,"timestamp":"2025-05-05T03:14:46.765Z"}
{"level":"info","message":"📤 Published ride request RIDE-1746414886763-nqpgliy7f to Kafka","timestamp":"2025-05-05T03:14:46.861Z"}
{"level":"info","message":"🔎 ML response payload:","predicted_fare":108.25,"timestamp":"2025-05-05T03:14:47.183Z"}
{"level":"info","message":"📤 Published ride request RIDE-1746414887181-ovgoehy1i to Kafka","timestamp":"2025-05-05T03:14:47.260Z"}
{"level":"info","message":"🔎 ML response payload:","predicted_fare":96.15,"timestamp":"2025-05-05T03:14:47.528Z"}
{"level":"info","message":"📤 Published ride request RIDE-1746414887526-99dkz6lzv to Kafka","timestamp":"2025-05-05T03:14:47.605Z"}
{"level":"info","message":"🔎 ML response payload:","predicted_fare":20.98,"timestamp":"2025-05-05T03:14:47.762Z"}
{"level":"info","message":"📤 Published ride request RIDE-1746414887760-cuv6x1v61 to Kafka","timestamp":"2025-05-05T03:14:47.907Z"}
{"level":"info","message":"🔎 ML response payload:","predicted_fare":20.69,"timestamp":"2025-05-05T03:14:49.805Z"}
{"level":"info","message":"📤 Published ride request RIDE-1746414889802-0n6ahyeuv to Kafka","timestamp":"2025-05-05T03:14:49.882Z"}
{"level":"info","message":"🔎 ML response payload:","predicted_fare":4.12,"timestamp":"2025-05-05T03:14:50.224Z"}
{"level":"info","message":"📤 Published ride request RIDE-1746414890222-1oorrwl5v to Kafka","timestamp":"2025-05-05T03:14:50.302Z"}
{"level":"info","message":"🔎 ML response payload:","predicted_fare":31.74,"timestamp":"2025-05-05T03:14:50.578Z"}
{"level":"info","message":"📤 Published ride request RIDE-1746414890576-0ns5z0kee to Kafka","timestamp":"2025-05-05T03:14:50.655Z"}
{"level":"info","message":"🔎 ML response payload:","predicted_fare":40.39,"timestamp":"2025-05-05T03:14:50.810Z"}
{"level":"info","message":"📤 Published ride request RIDE-1746414890808-76tdysbyz to Kafka","timestamp":"2025-05-05T03:14:50.887Z"}
{"level":"info","message":"🔎 ML response payload:","predicted_fare":19.63,"timestamp":"2025-05-05T03:14:53.066Z"}
{"level":"info","message":"📤 Published ride request RIDE-1746414893063-og0qgz3mh to Kafka","timestamp":"2025-05-05T03:14:53.224Z"}
{"level":"info","message":"🔎 ML response payload:","predicted_fare":28.29,"timestamp":"2025-05-05T03:14:53.487Z"}
{"level":"info","message":"📤 Published ride request RIDE-1746414893485-o9kc5jiav to Kafka","timestamp":"2025-05-05T03:14:53.565Z"}
{"level":"info","message":"🔎 ML response payload:","predicted_fare":24.64,"timestamp":"2025-05-05T03:14:53.831Z"}
{"level":"info","message":"📤 Published ride request RIDE-1746414893829-v5ohkbd24 to Kafka","timestamp":"2025-05-05T03:14:53.909Z"}
{"level":"info","message":"🔎 ML response payload:","predicted_fare":20.68,"timestamp":"2025-05-05T03:14:54.058Z"}
{"level":"info","message":"📤 Published ride request RIDE-1746414894056-9t0t2azi4 to Kafka","timestamp":"2025-05-05T03:14:54.200Z"}
{"level":"info","message":"🔎 ML response payload:","predicted_fare":59.57,"timestamp":"2025-05-05T03:14:56.121Z"}
{"level":"info","message":"📤 Published ride request RIDE-1746414896118-zq2ydrpfo to Kafka","timestamp":"2025-05-05T03:14:56.199Z"}
{"level":"info","message":"🔎 ML response payload:","predicted_fare":56.66,"timestamp":"2025-05-05T03:14:56.549Z"}
{"level":"info","message":"📤 Published ride request RIDE-1746414896547-u7tndywyf to Kafka","timestamp":"2025-05-05T03:14:56.628Z"}
{"level":"info","message":"🔎 ML response payload:","predicted_fare":22.58,"timestamp":"2025-05-05T03:14:56.884Z"}
{"level":"info","message":"📤 Published ride request RIDE-1746414896882-sreq2chpu to Kafka","timestamp":"2025-05-05T03:14:56.961Z"}
{"level":"info","message":"🔎 ML response payload:","predicted_fare":22.95,"timestamp":"2025-05-05T03:14:57.111Z"}
{"level":"info","message":"📤 Published ride request RIDE-1746414897109-25w52olwv to Kafka","timestamp":"2025-05-05T03:14:57.188Z"}
{"level":"info","message":"🔎 ML response payload:","predicted_fare":20.65,"timestamp":"2025-05-05T03:14:59.392Z"}
{"level":"info","message":"📤 Published ride request RIDE-1746414899390-gkvnf102r to Kafka","timestamp":"2025-05-05T03:14:59.517Z"}
{"level":"info","message":"🔎 ML response payload:","predicted_fare":25.43,"timestamp":"2025-05-05T03:14:59.812Z"}
{"level":"info","message":"📤 Published ride request RIDE-1746414899810-6lh3sfzx3 to Kafka","timestamp":"2025-05-05T03:14:59.967Z"}
{"level":"info","message":"🔎 ML response payload:","predicted_fare":27.86,"timestamp":"2025-05-05T03:15:00.157Z"}
{"level":"info","message":"📤 Published ride request RIDE-1746414900155-hepqigajb to Kafka","timestamp":"2025-05-05T03:15:00.236Z"}
{"level":"info","message":"🔎 ML response payload:","predicted_fare":31.03,"timestamp":"2025-05-05T03:15:00.396Z"}
{"level":"info","message":"📤 Published ride request RIDE-1746414900394-hf08jsuxu to Kafka","timestamp":"2025-05-05T03:15:00.519Z"}
{"level":"info","message":"🔎 ML response payload:","predicted_fare":25.96,"timestamp":"2025-05-05T03:15:02.649Z"}
{"level":"info","message":"📤 Published ride request RIDE-1746414902647-ttd4qejc7 to Kafka","timestamp":"2025-05-05T03:15:02.732Z"}
{"level":"info","message":"🔎 ML response payload:","predicted_fare":35.12,"timestamp":"2025-05-05T03:15:03.070Z"}
{"level":"info","message":"📤 Published ride request RIDE-1746414903068-ag9xe4ffs to Kafka","timestamp":"2025-05-05T03:15:03.187Z"}
{"level":"info","message":"🔎 ML response payload:","predicted_fare":35.35,"timestamp":"2025-05-05T03:15:03.415Z"}
{"level":"info","message":"📤 Published ride request RIDE-1746414903413-uc4j8z2nw to Kafka","timestamp":"2025-05-05T03:15:03.492Z"}
{"level":"info","message":"🔎 ML response payload:","predicted_fare":33.43,"timestamp":"2025-05-05T03:15:03.645Z"}
{"level":"info","message":"📤 Published ride request RIDE-1746414903643-6sy2zbmmk to Kafka","timestamp":"2025-05-05T03:15:03.724Z"}
{"level":"info","message":"🔎 ML response payload:","predicted_fare":21.66,"timestamp":"2025-05-05T03:15:05.705Z"}
{"level":"info","message":"📤 Published ride request RIDE-1746414905703-fxl8r0q3a to Kafka","timestamp":"2025-05-05T03:15:05.809Z"}
{"level":"info","message":"🔎 ML response payload:","predicted_fare":46.15,"timestamp":"2025-05-05T03:15:06.120Z"}
{"level":"info","message":"📤 Published ride request RIDE-1746414906117-l1lgrkrmk to Kafka","timestamp":"2025-05-05T03:15:06.258Z"}
{"level":"info","message":"🔎 ML response payload:","predicted_fare":1.83,"timestamp":"2025-05-05T03:15:06.465Z"}
{"level":"info","message":"📤 Published ride request RIDE-1746414906463-vvo26my8k to Kafka","timestamp":"2025-05-05T03:15:06.542Z"}
{"level":"info","message":"🔎 ML response payload:","predicted_fare":20.7,"timestamp":"2025-05-05T03:15:06.733Z"}
{"level":"info","message":"📤 Published ride request RIDE-1746414906731-nwnjexqex to Kafka","timestamp":"2025-05-05T03:15:06.859Z"}
{"level":"info","message":"🔎 ML response payload:","predicted_fare":58.42,"timestamp":"2025-05-05T03:15:09.005Z"}
{"level":"info","message":"📤 Published ride request RIDE-1746414909002-xohv2jon0 to Kafka","timestamp":"2025-05-05T03:15:09.082Z"}
{"level":"info","message":"🔎 ML response payload:","predicted_fare":6.63,"timestamp":"2025-05-05T03:15:09.427Z"}
{"level":"info","message":"📤 Published ride request RIDE-1746414909424-2q1ysp1gn to Kafka","timestamp":"2025-05-05T03:15:09.510Z"}
{"level":"info","message":"🔎 ML response payload:","predicted_fare":9.16,"timestamp":"2025-05-05T03:15:09.774Z"}
{"level":"info","message":"📤 Published ride request RIDE-1746414909772-k9n17xnjx to Kafka","timestamp":"2025-05-05T03:15:09.927Z"}
{"level":"info","message":"🔎 ML response payload:","predicted_fare":53.69,"timestamp":"2025-05-05T03:15:10.002Z"}
{"level":"info","message":"📤 Published ride request RIDE-1746414910000-t2ims9nhl to Kafka","timestamp":"2025-05-05T03:15:10.079Z"}
{"level":"info","message":"🔎 ML response payload:","predicted_fare":27.35,"timestamp":"2025-05-05T03:15:12.257Z"}
{"level":"info","message":"📤 Published ride request RIDE-1746414912255-9oychvt9c to Kafka","timestamp":"2025-05-05T03:15:12.335Z"}
{"level":"info","message":"🔎 ML response payload:","predicted_fare":53.9,"timestamp":"2025-05-05T03:15:12.674Z"}
{"level":"info","message":"📤 Published ride request RIDE-1746414912671-s39z8qe2o to Kafka","timestamp":"2025-05-05T03:15:12.751Z"}
{"level":"info","message":"🔎 ML response payload:","predicted_fare":31.37,"timestamp":"2025-05-05T03:15:13.021Z"}
{"level":"info","message":"📤 Published ride request RIDE-1746414913019-091wvcnln to Kafka","timestamp":"2025-05-05T03:15:13.149Z"}
{"level":"info","message":"🔎 ML response payload:","predicted_fare":23.21,"timestamp":"2025-05-05T03:15:13.255Z"}
{"level":"info","message":"📤 Published ride request RIDE-1746414913253-ibl3zmesf to Kafka","timestamp":"2025-05-05T03:15:13.332Z"}
{"level":"info","message":"🔎 ML response payload:","predicted_fare":17.83,"timestamp":"2025-05-05T03:15:15.311Z"}
{"level":"info","message":"📤 Published ride request RIDE-1746414915309-cjr4wu90b to Kafka","timestamp":"2025-05-05T03:15:15.389Z"}
{"level":"info","message":"🔎 ML response payload:","predicted_fare":36.41,"timestamp":"2025-05-05T03:15:15.782Z"}
{"level":"info","message":"📤 Published ride request RIDE-1746414915778-x5i8mcbcj to Kafka","timestamp":"2025-05-05T03:15:15.860Z"}
{"level":"info","message":"🔎 ML response payload:","predicted_fare":136.95,"timestamp":"2025-05-05T03:15:16.229Z"}
{"level":"info","message":"📤 Published ride request RIDE-1746414916226-tk9g4z61l to Kafka","timestamp":"2025-05-05T03:15:16.309Z"}
{"level":"info","message":"🔎 ML response payload:","predicted_fare":18.56,"timestamp":"2025-05-05T03:15:16.926Z"}
{"level":"info","message":"📤 Published ride request RIDE-1746414916923-39rzsmu87 to Kafka","timestamp":"2025-05-05T03:15:17.005Z"}
{"level":"info","message":"🔎 ML response payload:","predicted_fare":47.43,"timestamp":"2025-05-05T03:15:17.860Z"}
{"level":"info","message":"📤 Published ride request RIDE-1746414917857-5i7435x5n to Kafka","timestamp":"2025-05-05T03:15:17.938Z"}
{"level":"info","message":"🔎 ML response payload:","predicted_fare":10.95,"timestamp":"2025-05-05T03:15:18.202Z"}
{"level":"info","message":"📤 Published ride request RIDE-1746414918199-o8r0g1sxy to Kafka","timestamp":"2025-05-05T03:15:18.317Z"}
{"level":"info","message":"🔎 ML response payload:","predicted_fare":32.71,"timestamp":"2025-05-05T03:15:18.460Z"}
{"level":"info","message":"📤 Published ride request RIDE-1746414918458-86o027ib6 to Kafka","timestamp":"2025-05-05T03:15:18.537Z"}
{"level":"info","message":"🔎 ML response payload:","predicted_fare":62.6,"timestamp":"2025-05-05T03:15:19.527Z"}
{"level":"info","message":"📤 Published ride request RIDE-1746414919524-5t1aawdnj to Kafka","timestamp":"2025-05-05T03:15:19.604Z"}
{"level":"info","message":"🔎 ML response payload:","predicted_fare":11.04,"timestamp":"2025-05-05T03:15:20.255Z"}
{"level":"info","message":"📤 Published ride request RIDE-1746414920253-1373pmsm2 to Kafka","timestamp":"2025-05-05T03:15:20.414Z"}
{"level":"info","message":"🔎 ML response payload:","predicted_fare":63.33,"timestamp":"2025-05-05T03:15:20.925Z"}
{"level":"info","message":"📤 Published ride request RIDE-1746414920923-gea3wfhan to Kafka","timestamp":"2025-05-05T03:15:21.013Z"}
{"level":"info","message":"🔎 ML response payload:","predicted_fare":42.05,"timestamp":"2025-05-05T03:15:21.360Z"}
{"level":"info","message":"📤 Published ride request RIDE-1746414921358-5lyz3dgy5 to Kafka","timestamp":"2025-05-05T03:15:21.463Z"}
{"level":"info","message":"🔎 ML response payload:","predicted_fare":51.68,"timestamp":"2025-05-05T03:15:21.815Z"}
{"level":"info","message":"📤 Published ride request RIDE-1746414921813-66fy1mr4e to Kafka","timestamp":"2025-05-05T03:15:21.892Z"}
{"level":"info","message":"🔎 ML response payload:","predicted_fare":59.34,"timestamp":"2025-05-05T03:15:23.195Z"}
{"level":"info","message":"📤 Published ride request RIDE-1746414923192-r0bi85nn8 to Kafka","timestamp":"2025-05-05T03:15:23.272Z"}
{"level":"info","message":"🔎 ML response payload:","predicted_fare":18.51,"timestamp":"2025-05-05T03:15:24.148Z"}
{"level":"info","message":"📤 Published ride request RIDE-1746414924146-anydyol5c to Kafka","timestamp":"2025-05-05T03:15:24.224Z"}
{"level":"info","message":"🔎 ML response payload:","predicted_fare":24.56,"timestamp":"2025-05-05T03:15:24.756Z"}
{"level":"info","message":"📤 Published ride request RIDE-1746414924753-ubjn0jrsz to Kafka","timestamp":"2025-05-05T03:15:24.833Z"}
{"level":"info","message":"🔎 ML response payload:","predicted_fare":29.13,"timestamp":"2025-05-05T03:15:25.295Z"}
{"level":"info","message":"🔎 ML response payload:","predicted_fare":9.84,"timestamp":"2025-05-05T03:15:25.296Z"}
{"level":"info","message":"📤 Published ride request RIDE-1746414925291-rvf8pk0o8 to Kafka","timestamp":"2025-05-05T03:15:25.370Z"}
{"level":"info","message":"📤 Published ride request RIDE-1746414925291-y4plj10fg to Kafka","timestamp":"2025-05-05T03:15:25.371Z"}
{"level":"info","message":"🔎 ML response payload:","predicted_fare":11.72,"timestamp":"2025-05-05T03:15:25.965Z"}
{"level":"info","message":"📤 Published ride request RIDE-1746414925963-xm9f8u6xh to Kafka","timestamp":"2025-05-05T03:15:26.042Z"}
{"level":"info","message":"🔎 ML response payload:","predicted_fare":17.85,"timestamp":"2025-05-05T03:15:27.479Z"}
{"level":"info","message":"📤 Published ride request RIDE-1746414927477-z4jdz3s9w to Kafka","timestamp":"2025-05-05T03:15:27.556Z"}
{"level":"info","message":"🔎 ML response payload:","predicted_fare":39.3,"timestamp":"2025-05-05T03:15:28.272Z"}
{"level":"info","message":"🔎 ML response payload:","predicted_fare":58.21,"timestamp":"2025-05-05T03:15:28.273Z"}
{"level":"info","message":"📤 Published ride request RIDE-1746414928271-hkwggd3lh to Kafka","timestamp":"2025-05-05T03:15:28.352Z"}
{"level":"info","message":"📤 Published ride request RIDE-1746414928270-3xa3xa45v to Kafka","timestamp":"2025-05-05T03:15:28.356Z"}
{"level":"info","message":"🔎 ML response payload:","predicted_fare":14.53,"timestamp":"2025-05-05T03:15:30.559Z"}
{"level":"info","message":"📤 Published ride request RIDE-1746414930557-l93w63b9r to Kafka","timestamp":"2025-05-05T03:15:30.637Z"}
{"level":"info","message":"🔎 ML response payload:","predicted_fare":36.48,"timestamp":"2025-05-05T03:15:31.414Z"}
{"level":"info","message":"📤 Published ride request RIDE-1746414931412-sugdrplb8 to Kafka","timestamp":"2025-05-05T03:15:31.502Z"}
{"level":"info","message":"🔎 ML response payload:","predicted_fare":42.76,"timestamp":"2025-05-05T03:15:32.296Z"}
{"level":"info","message":"📤 Published ride request RIDE-1746414932294-7d35klr7v to Kafka","timestamp":"2025-05-05T03:15:32.374Z"}
{"level":"info","message":"🔎 ML response payload:","predicted_fare":14.94,"timestamp":"2025-05-05T03:15:33.202Z"}
{"level":"info","message":"🔎 ML response payload:","predicted_fare":105.88,"timestamp":"2025-05-05T03:15:33.203Z"}
{"level":"info","message":"📤 Published ride request RIDE-1746414933199-djf680id5 to Kafka","timestamp":"2025-05-05T03:15:33.277Z"}
{"level":"info","message":"📤 Published ride request RIDE-1746414933199-xd7auj3e9 to Kafka","timestamp":"2025-05-05T03:15:33.278Z"}
{"level":"info","message":"🔎 ML response payload:","predicted_fare":70.69,"timestamp":"2025-05-05T03:15:33.889Z"}
{"level":"info","message":"📤 Published ride request RIDE-1746414933887-muwn3ptt3 to Kafka","timestamp":"2025-05-05T03:15:34.044Z"}
{"level":"info","message":"🔎 ML response payload:","predicted_fare":42.21,"timestamp":"2025-05-05T03:15:34.616Z"}
{"level":"info","message":"📤 Published ride request RIDE-1746414934614-2oicmuy61 to Kafka","timestamp":"2025-05-05T03:15:34.694Z"}
{"level":"info","message":"🔎 ML response payload:","predicted_fare":17.11,"timestamp":"2025-05-05T03:15:36.023Z"}
{"level":"info","message":"📤 Published ride request RIDE-1746414936021-h1fu8mc1z to Kafka","timestamp":"2025-05-05T03:15:36.144Z"}
{"level":"info","message":"🔎 ML response payload:","predicted_fare":61.2,"timestamp":"2025-05-05T03:15:37.135Z"}
{"level":"info","message":"📤 Published ride request RIDE-1746414937133-wvhu1vc1x to Kafka","timestamp":"2025-05-05T03:15:37.266Z"}
{"level":"info","message":"🔎 ML response payload:","predicted_fare":26.53,"timestamp":"2025-05-05T03:15:37.939Z"}
{"level":"info","message":"🔎 ML response payload:","predicted_fare":38.92,"timestamp":"2025-05-05T03:15:37.939Z"}
{"level":"info","message":"📤 Published ride request RIDE-1746414937936-o5hy4xc0s to Kafka","timestamp":"2025-05-05T03:15:38.014Z"}
{"level":"info","message":"📤 Published ride request RIDE-1746414937936-l6je122f7 to Kafka","timestamp":"2025-05-05T03:15:38.016Z"}
{"level":"info","message":"🔎 ML response payload:","predicted_fare":8.82,"timestamp":"2025-05-05T03:15:38.739Z"}
{"level":"info","message":"📤 Published ride request RIDE-1746414938737-7yvfj9mql to Kafka","timestamp":"2025-05-05T03:15:38.838Z"}
{"level":"info","message":"🔎 ML response payload:","predicted_fare":30.61,"timestamp":"2025-05-05T03:15:39.162Z"}
{"level":"info","message":"🔎 ML response payload:","predicted_fare":46.49,"timestamp":"2025-05-05T03:15:39.192Z"}
{"level":"info","message":"📤 Published ride request RIDE-1746414939159-j294xl5uo to Kafka","timestamp":"2025-05-05T03:15:39.289Z"}
{"level":"info","message":"📤 Published ride request RIDE-1746414939190-f0arjccxu to Kafka","timestamp":"2025-05-05T03:15:39.289Z"}
{"level":"info","message":"🔎 ML response payload:","predicted_fare":31.88,"timestamp":"2025-05-05T03:15:40.371Z"}
{"level":"info","message":"🔎 ML response payload:","predicted_fare":68.27,"timestamp":"2025-05-05T03:15:40.372Z"}
{"level":"info","message":"📤 Published ride request RIDE-1746414940369-itappgi6g to Kafka","timestamp":"2025-05-05T03:15:40.446Z"}
{"level":"info","message":"📤 Published ride request RIDE-1746414940369-bnp618c5e to Kafka","timestamp":"2025-05-05T03:15:40.449Z"}
{"level":"info","message":"🔎 ML response payload:","predicted_fare":10.4,"timestamp":"2025-05-05T03:15:40.937Z"}
{"level":"info","message":"📤 Published ride request RIDE-1746414940935-34gl4yrfi to Kafka","timestamp":"2025-05-05T03:15:41.014Z"}
{"level":"info","message":"🔎 ML response payload:","predicted_fare":85.71,"timestamp":"2025-05-05T03:15:42.916Z"}
{"level":"info","message":"🔎 ML response payload:","predicted_fare":95.2,"timestamp":"2025-05-05T03:15:42.917Z"}
{"level":"info","message":"🔎 ML response payload:","predicted_fare":45.69,"timestamp":"2025-05-05T03:15:42.917Z"}
{"level":"info","message":"📤 Published ride request RIDE-1746414942913-wpix1kpce to Kafka","timestamp":"2025-05-05T03:15:43.029Z"}
{"level":"info","message":"📤 Published ride request RIDE-1746414942914-xk6j0e6xb to Kafka","timestamp":"2025-05-05T03:15:43.031Z"}
{"level":"info","message":"📤 Published ride request RIDE-1746414942913-wc05s8iah to Kafka","timestamp":"2025-05-05T03:15:43.033Z"}
{"level":"info","message":"🔎 ML response payload:","predicted_fare":53.37,"timestamp":"2025-05-05T03:15:44.092Z"}
{"level":"info","message":"📤 Published ride request RIDE-1746414944090-c169ujns9 to Kafka","timestamp":"2025-05-05T03:15:44.168Z"}
{"level":"info","message":"🔎 ML response payload:","predicted_fare":54.49,"timestamp":"2025-05-05T03:15:44.665Z"}
{"level":"info","message":"📤 Published ride request RIDE-1746414944663-a91emigx5 to Kafka","timestamp":"2025-05-05T03:15:44.741Z"}
{"level":"info","message":"🔎 ML response payload:","predicted_fare":63.9,"timestamp":"2025-05-05T03:15:45.025Z"}
{"level":"info","message":"📤 Published ride request RIDE-1746414945022-4ohqjcrex to Kafka","timestamp":"2025-05-05T03:15:45.130Z"}
{"level":"info","message":"🔎 ML response payload:","predicted_fare":46.21,"timestamp":"2025-05-05T03:15:46.884Z"}
{"level":"info","message":"📤 Published ride request RIDE-1746414946882-jyorpdubk to Kafka","timestamp":"2025-05-05T03:15:46.961Z"}
{"level":"info","message":"🔎 ML response payload:","predicted_fare":22.62,"timestamp":"2025-05-05T03:15:47.239Z"}
{"level":"info","message":"📤 Published ride request RIDE-1746414947237-w4hx54qq8 to Kafka","timestamp":"2025-05-05T03:15:47.315Z"}
{"level":"info","message":"🔎 ML response payload:","predicted_fare":35.65,"timestamp":"2025-05-05T03:15:49.954Z"}
{"level":"info","message":"🔎 ML response payload:","predicted_fare":24.06,"timestamp":"2025-05-05T03:15:49.992Z"}
{"level":"info","message":"📤 Published ride request RIDE-1746414949952-jsy4ijy4g to Kafka","timestamp":"2025-05-05T03:15:50.030Z"}
{"level":"info","message":"📤 Published ride request RIDE-1746414949990-a1jc3txfd to Kafka","timestamp":"2025-05-05T03:15:50.066Z"}
{"level":"info","message":"🔎 ML response payload:","predicted_fare":18.43,"timestamp":"2025-05-05T03:15:58.855Z"}
{"level":"info","message":"🔎 ML response payload:","predicted_fare":26.17,"timestamp":"2025-05-05T03:15:58.865Z"}
{"level":"info","message":"🔎 ML response payload:","predicted_fare":26.44,"timestamp":"2025-05-05T03:15:58.880Z"}
{"level":"info","message":"🔎 ML response payload:","predicted_fare":25.64,"timestamp":"2025-05-05T03:15:58.917Z"}
{"level":"info","message":"🔎 ML response payload:","predicted_fare":23.57,"timestamp":"2025-05-05T03:15:58.919Z"}
{"level":"info","message":"🔎 ML response payload:","predicted_fare":24.18,"timestamp":"2025-05-05T03:15:58.920Z"}
{"level":"info","message":"📤 Published ride request RIDE-1746414958851-telzmeim9 to Kafka","timestamp":"2025-05-05T03:15:58.948Z"}
{"level":"info","message":"📤 Published ride request RIDE-1746414958878-u2uol3zzu to Kafka","timestamp":"2025-05-05T03:15:58.954Z"}
{"level":"info","message":"🔎 ML response payload:","predicted_fare":41.62,"timestamp":"2025-05-05T03:15:58.958Z"}
{"level":"info","message":"🔎 ML response payload:","predicted_fare":16.99,"timestamp":"2025-05-05T03:15:58.963Z"}
{"level":"info","message":"🔎 ML response payload:","predicted_fare":28.04,"timestamp":"2025-05-05T03:15:58.964Z"}
{"level":"info","message":"📤 Published ride request RIDE-1746414958863-rmbcvsswn to Kafka","timestamp":"2025-05-05T03:15:58.976Z"}
{"level":"info","message":"📤 Published ride request RIDE-1746414958913-46russnac to Kafka","timestamp":"2025-05-05T03:15:58.994Z"}
{"level":"info","message":"📤 Published ride request RIDE-1746414958914-5cyffovws to Kafka","timestamp":"2025-05-05T03:15:58.997Z"}
{"level":"info","message":"📤 Published ride request RIDE-1746414958915-a40cs3mof to Kafka","timestamp":"2025-05-05T03:15:58.997Z"}
{"level":"info","message":"📤 Published ride request RIDE-1746414958955-pn2nuo3a9 to Kafka","timestamp":"2025-05-05T03:15:59.032Z"}
{"level":"info","message":"📤 Published ride request RIDE-1746414958960-liui3j61e to Kafka","timestamp":"2025-05-05T03:15:59.037Z"}
{"level":"info","message":"📤 Published ride request RIDE-1746414958961-10ng7ewnl to Kafka","timestamp":"2025-05-05T03:15:59.040Z"}
{"level":"info","message":"🔎 ML response payload:","predicted_fare":49.8,"timestamp":"2025-05-05T03:15:59.045Z"}
{"level":"info","message":"🔎 ML response payload:","predicted_fare":21.19,"timestamp":"2025-05-05T03:15:59.092Z"}
{"level":"info","message":"📤 Published ride request RIDE-1746414959044-nmfuk2xn4 to Kafka","timestamp":"2025-05-05T03:15:59.210Z"}
{"level":"info","message":"📤 Published ride request RIDE-1746414959090-v08jj70ut to Kafka","timestamp":"2025-05-05T03:15:59.211Z"}
{"level":"info","message":"🔎 ML response payload:","predicted_fare":14.37,"timestamp":"2025-05-05T03:16:03.176Z"}
{"level":"info","message":"📤 Published ride request RIDE-1746414963174-q0npaimvx to Kafka","timestamp":"2025-05-05T03:16:03.251Z"}
{"level":"info","message":"🔎 ML response payload:","predicted_fare":45.47,"timestamp":"2025-05-05T03:16:03.404Z"}
{"level":"info","message":"🔎 ML response payload:","predicted_fare":75.46,"timestamp":"2025-05-05T03:16:03.468Z"}
{"level":"info","message":"📤 Published ride request RIDE-1746414963402-x3exu3q93 to Kafka","timestamp":"2025-05-05T03:16:03.478Z"}
{"level":"info","message":"📤 Published ride request RIDE-1746414963466-5illttap2 to Kafka","timestamp":"2025-05-05T03:16:03.545Z"}
{"level":"info","message":"🔎 ML response payload:","predicted_fare":17.87,"timestamp":"2025-05-05T03:16:06.602Z"}
{"level":"info","message":"🔎 ML response payload:","predicted_fare":50.36,"timestamp":"2025-05-05T03:16:06.617Z"}
{"level":"info","message":"🔎 ML response payload:","predicted_fare":16.08,"timestamp":"2025-05-05T03:16:06.645Z"}
{"level":"info","message":"📤 Published ride request RIDE-1746414966600-3jicyvsns to Kafka","timestamp":"2025-05-05T03:16:06.679Z"}
{"level":"info","message":"🔎 ML response payload:","predicted_fare":11.35,"timestamp":"2025-05-05T03:16:06.682Z"}
{"level":"info","message":"📤 Published ride request RIDE-1746414966615-lnzngmy9k to Kafka","timestamp":"2025-05-05T03:16:06.691Z"}
{"level":"info","message":"📤 Published ride request RIDE-1746414966643-ybtqc1yf4 to Kafka","timestamp":"2025-05-05T03:16:06.718Z"}
{"level":"info","message":"🔎 ML response payload:","predicted_fare":97,"timestamp":"2025-05-05T03:16:06.738Z"}
{"level":"info","message":"📤 Published ride request RIDE-1746414966680-uu8q0iiy7 to Kafka","timestamp":"2025-05-05T03:16:06.759Z"}
{"level":"info","message":"📤 Published ride request RIDE-1746414966735-orknk9sa5 to Kafka","timestamp":"2025-05-05T03:16:06.811Z"}
{"level":"info","message":"🔎 ML response payload:","predicted_fare":54.88,"timestamp":"2025-05-05T04:16:06.029Z"}
{"level":"info","message":"🔎 ML response payload:","predicted_fare":10.21,"timestamp":"2025-05-05T04:16:06.344Z"}
{"level":"info","message":"📤 Published ride request RIDE-1746418566005-vk5vvd30y to Kafka","timestamp":"2025-05-05T04:16:06.530Z"}
{"level":"info","message":"📤 Published ride request RIDE-1746418566341-vgoslfxn7 to Kafka","timestamp":"2025-05-05T04:16:06.825Z"}
{"level":"info","message":"🔎 ML response payload:","predicted_fare":50.23,"timestamp":"2025-05-05T04:16:07.165Z"}
{"level":"info","message":"📤 Published ride request RIDE-1746418567163-xvagu0g53 to Kafka","timestamp":"2025-05-05T04:16:07.240Z"}
{"level":"info","message":"🔎 ML response payload:","predicted_fare":35.85,"timestamp":"2025-05-05T04:16:07.681Z"}
{"level":"info","message":"📤 Published ride request RIDE-1746418567679-fayi05m26 to Kafka","timestamp":"2025-05-05T04:16:07.756Z"}
{"level":"info","message":"🔎 ML response payload:","predicted_fare":15.96,"timestamp":"2025-05-05T04:16:08.342Z"}
{"level":"info","message":"📤 Published ride request RIDE-1746418568340-lj6bi02zc to Kafka","timestamp":"2025-05-05T04:16:08.421Z"}
{"level":"info","message":"🔎 ML response payload:","predicted_fare":27.39,"timestamp":"2025-05-05T04:16:08.969Z"}
{"level":"info","message":"📤 Published ride request RIDE-1746418568967-af1xryns4 to Kafka","timestamp":"2025-05-05T04:16:09.044Z"}
{"level":"info","message":"🔎 ML response payload:","predicted_fare":33.22,"timestamp":"2025-05-05T04:16:09.622Z"}
{"level":"info","message":"📤 Published ride request RIDE-1746418569620-0ta3rnkoa to Kafka","timestamp":"2025-05-05T04:16:09.697Z"}
{"level":"info","message":"🔎 ML response payload:","predicted_fare":39.56,"timestamp":"2025-05-05T04:16:10.260Z"}
{"level":"info","message":"📤 Published ride request RIDE-1746418570257-t8n1rvhxn to Kafka","timestamp":"2025-05-05T04:16:10.334Z"}
{"level":"info","message":"🔎 ML response payload:","predicted_fare":25.07,"timestamp":"2025-05-05T04:16:10.896Z"}
{"level":"info","message":"📤 Published ride request RIDE-1746418570894-u73892wo4 to Kafka","timestamp":"2025-05-05T04:16:10.972Z"}
{"level":"info","message":"🔎 ML response payload:","predicted_fare":46.55,"timestamp":"2025-05-05T04:16:11.540Z"}
{"level":"info","message":"📤 Published ride request RIDE-1746418571538-g5jlqshji to Kafka","timestamp":"2025-05-05T04:16:11.615Z"}
{"level":"info","message":"🔎 ML response payload:","predicted_fare":18.63,"timestamp":"2025-05-05T04:16:12.185Z"}
{"level":"info","message":"📤 Published ride request RIDE-1746418572183-gu4xrudnt to Kafka","timestamp":"2025-05-05T04:16:12.261Z"}
{"level":"info","message":"🔎 ML response payload:","predicted_fare":7.01,"timestamp":"2025-05-05T04:16:12.868Z"}
{"level":"info","message":"📤 Published ride request RIDE-1746418572866-c1yel6r1u to Kafka","timestamp":"2025-05-05T04:16:12.943Z"}
{"level":"info","message":"🔎 ML response payload:","predicted_fare":28.12,"timestamp":"2025-05-05T04:16:13.505Z"}
{"level":"info","message":"📤 Published ride request RIDE-1746418573503-tq7rjx1n6 to Kafka","timestamp":"2025-05-05T04:16:13.579Z"}
{"level":"info","message":"🔎 ML response payload:","predicted_fare":68.98,"timestamp":"2025-05-05T04:16:14.165Z"}
{"level":"info","message":"📤 Published ride request RIDE-1746418574163-5vnfwvmg9 to Kafka","timestamp":"2025-05-05T04:16:14.240Z"}
{"level":"info","message":"🔎 ML response payload:","predicted_fare":24.34,"timestamp":"2025-05-05T04:16:14.808Z"}
{"level":"info","message":"📤 Published ride request RIDE-1746418574806-2zofl1fsy to Kafka","timestamp":"2025-05-05T04:16:14.882Z"}
{"level":"info","message":"🔎 ML response payload:","predicted_fare":41.47,"timestamp":"2025-05-05T04:16:15.442Z"}
{"level":"info","message":"📤 Published ride request RIDE-1746418575439-l2760hddh to Kafka","timestamp":"2025-05-05T04:16:15.516Z"}
{"level":"info","message":"🔎 ML response payload:","predicted_fare":28.8,"timestamp":"2025-05-05T04:16:16.095Z"}
{"level":"info","message":"📤 Published ride request RIDE-1746418576092-ogmnh57wb to Kafka","timestamp":"2025-05-05T04:16:16.170Z"}
{"level":"info","message":"🔎 ML response payload:","predicted_fare":18.73,"timestamp":"2025-05-05T04:16:16.744Z"}
{"level":"info","message":"📤 Published ride request RIDE-1746418576742-07lpcwkl5 to Kafka","timestamp":"2025-05-05T04:16:16.818Z"}
{"level":"info","message":"🔎 ML response payload:","predicted_fare":60.93,"timestamp":"2025-05-05T04:16:17.379Z"}
{"level":"info","message":"📤 Published ride request RIDE-1746418577377-84wpo45ua to Kafka","timestamp":"2025-05-05T04:16:17.453Z"}
{"level":"info","message":"🔎 ML response payload:","predicted_fare":78.69,"timestamp":"2025-05-05T04:16:18.032Z"}
{"level":"info","message":"📤 Published ride request RIDE-1746418578031-qj67b11e5 to Kafka","timestamp":"2025-05-05T04:16:18.107Z"}
{"level":"info","message":"🔎 ML response payload:","predicted_fare":51.04,"timestamp":"2025-05-05T04:16:18.685Z"}
{"level":"info","message":"📤 Published ride request RIDE-1746418578683-bbign0tmj to Kafka","timestamp":"2025-05-05T04:16:18.759Z"}
{"level":"info","message":"🔎 ML response payload:","predicted_fare":13.68,"timestamp":"2025-05-05T04:16:19.331Z"}
{"level":"info","message":"📤 Published ride request RIDE-1746418579329-yg7vojxfx to Kafka","timestamp":"2025-05-05T04:16:19.406Z"}
{"level":"info","message":"🔎 ML response payload:","predicted_fare":35.84,"timestamp":"2025-05-05T04:16:19.998Z"}
{"level":"info","message":"📤 Published ride request RIDE-1746418579995-9i4x3aexl to Kafka","timestamp":"2025-05-05T04:16:20.072Z"}
{"level":"info","message":"🔎 ML response payload:","predicted_fare":24.77,"timestamp":"2025-05-05T04:16:20.634Z"}
{"level":"info","message":"📤 Published ride request RIDE-1746418580632-txwuoycd8 to Kafka","timestamp":"2025-05-05T04:16:20.710Z"}
{"level":"info","message":"🔎 ML response payload:","predicted_fare":37.04,"timestamp":"2025-05-05T04:16:21.296Z"}
{"level":"info","message":"📤 Published ride request RIDE-1746418581294-j8zjl0t5h to Kafka","timestamp":"2025-05-05T04:16:21.371Z"}
{"level":"info","message":"🔎 ML response payload:","predicted_fare":12.62,"timestamp":"2025-05-05T04:16:21.940Z"}
{"level":"info","message":"📤 Published ride request RIDE-1746418581938-bbxyifr6f to Kafka","timestamp":"2025-05-05T04:16:22.015Z"}
{"level":"info","message":"🔎 ML response payload:","predicted_fare":25.39,"timestamp":"2025-05-05T04:16:22.591Z"}
{"level":"info","message":"📤 Published ride request RIDE-1746418582588-mog5pymdw to Kafka","timestamp":"2025-05-05T04:16:22.666Z"}
{"level":"info","message":"🔎 ML response payload:","predicted_fare":27.3,"timestamp":"2025-05-05T04:16:23.236Z"}
{"level":"info","message":"📤 Published ride request RIDE-1746418583234-4g8k7kr6n to Kafka","timestamp":"2025-05-05T04:16:23.311Z"}
{"level":"info","message":"🔎 ML response payload:","predicted_fare":14.48,"timestamp":"2025-05-05T04:16:23.888Z"}
{"level":"info","message":"📤 Published ride request RIDE-1746418583886-244ttr0sz to Kafka","timestamp":"2025-05-05T04:16:23.963Z"}
{"level":"info","message":"🔎 ML response payload:","predicted_fare":15.92,"timestamp":"2025-05-05T04:16:24.541Z"}
{"level":"info","message":"📤 Published ride request RIDE-1746418584538-hdyno5qh0 to Kafka","timestamp":"2025-05-05T04:16:24.615Z"}
{"level":"info","message":"🔎 ML response payload:","predicted_fare":55.35,"timestamp":"2025-05-05T04:16:25.176Z"}
{"level":"info","message":"📤 Published ride request RIDE-1746418585174-9kf9aikes to Kafka","timestamp":"2025-05-05T04:16:25.251Z"}
{"level":"info","message":"🔎 ML response payload:","predicted_fare":26.2,"timestamp":"2025-05-05T04:16:25.836Z"}
{"level":"info","message":"📤 Published ride request RIDE-1746418585834-xhlwfompc to Kafka","timestamp":"2025-05-05T04:16:25.911Z"}
{"level":"info","message":"🔎 ML response payload:","predicted_fare":39.19,"timestamp":"2025-05-05T04:16:26.483Z"}
{"level":"info","message":"📤 Published ride request RIDE-1746418586481-rexq45os9 to Kafka","timestamp":"2025-05-05T04:16:26.559Z"}
{"level":"info","message":"🔎 ML response payload:","predicted_fare":39.02,"timestamp":"2025-05-05T04:16:27.123Z"}
{"level":"info","message":"📤 Published ride request RIDE-1746418587121-rojn2639w to Kafka","timestamp":"2025-05-05T04:16:27.198Z"}
{"level":"info","message":"🔎 ML response payload:","predicted_fare":21.43,"timestamp":"2025-05-05T04:16:27.767Z"}
{"level":"info","message":"📤 Published ride request RIDE-1746418587765-quucembu9 to Kafka","timestamp":"2025-05-05T04:16:27.842Z"}
{"level":"info","message":"🔎 ML response payload:","predicted_fare":9.64,"timestamp":"2025-05-05T04:16:28.416Z"}
{"level":"info","message":"📤 Published ride request RIDE-1746418588414-ytst0xjun to Kafka","timestamp":"2025-05-05T04:16:28.491Z"}
{"level":"info","message":"🔎 ML response payload:","predicted_fare":15.28,"timestamp":"2025-05-05T04:16:29.057Z"}
{"level":"info","message":"📤 Published ride request RIDE-1746418589055-l102pcd00 to Kafka","timestamp":"2025-05-05T04:16:29.131Z"}
{"level":"info","message":"🔎 ML response payload:","predicted_fare":32.53,"timestamp":"2025-05-05T04:16:29.699Z"}
{"level":"info","message":"📤 Published ride request RIDE-1746418589697-j639pi8gf to Kafka","timestamp":"2025-05-05T04:16:29.774Z"}
{"level":"info","message":"🔎 ML response payload:","predicted_fare":66.54,"timestamp":"2025-05-05T04:16:30.344Z"}
{"level":"info","message":"📤 Published ride request RIDE-1746418590342-qjfg3qoaj to Kafka","timestamp":"2025-05-05T04:16:30.419Z"}
{"level":"info","message":"🔎 ML response payload:","predicted_fare":109.89,"timestamp":"2025-05-05T04:16:31.008Z"}
{"level":"info","message":"📤 Published ride request RIDE-1746418591006-ouzxjpe4x to Kafka","timestamp":"2025-05-05T04:16:31.083Z"}
{"level":"info","message":"🔎 ML response payload:","predicted_fare":27.93,"timestamp":"2025-05-05T04:16:31.646Z"}
{"level":"info","message":"📤 Published ride request RIDE-1746418591644-7jfxtjtq3 to Kafka","timestamp":"2025-05-05T04:16:31.721Z"}
{"level":"info","message":"🔎 ML response payload:","predicted_fare":48.76,"timestamp":"2025-05-05T04:16:32.290Z"}
{"level":"info","message":"📤 Published ride request RIDE-1746418592287-naz4dopuq to Kafka","timestamp":"2025-05-05T04:16:32.365Z"}
{"level":"info","message":"🔎 ML response payload:","predicted_fare":53.74,"timestamp":"2025-05-05T04:16:32.947Z"}
{"level":"info","message":"📤 Published ride request RIDE-1746418592945-l68az9fda to Kafka","timestamp":"2025-05-05T04:16:33.022Z"}
{"level":"info","message":"🔎 ML response payload:","predicted_fare":37.58,"timestamp":"2025-05-05T04:16:33.607Z"}
{"level":"info","message":"📤 Published ride request RIDE-1746418593605-7u7oitngc to Kafka","timestamp":"2025-05-05T04:16:33.682Z"}
{"level":"info","message":"🔎 ML response payload:","predicted_fare":24.34,"timestamp":"2025-05-05T04:16:34.245Z"}
{"level":"info","message":"📤 Published ride request RIDE-1746418594243-t4itqpgaf to Kafka","timestamp":"2025-05-05T04:16:34.319Z"}
{"level":"info","message":"🔎 ML response payload:","predicted_fare":33.1,"timestamp":"2025-05-05T04:16:34.903Z"}
{"level":"info","message":"📤 Published ride request RIDE-1746418594901-7hlmue463 to Kafka","timestamp":"2025-05-05T04:16:34.978Z"}
{"level":"info","message":"🔎 ML response payload:","predicted_fare":43,"timestamp":"2025-05-05T04:16:35.549Z"}
{"level":"info","message":"📤 Published ride request RIDE-1746418595547-kx803c9vf to Kafka","timestamp":"2025-05-05T04:16:35.626Z"}
{"level":"info","message":"🔎 ML response payload:","predicted_fare":45.33,"timestamp":"2025-05-05T04:16:36.191Z"}
{"level":"info","message":"📤 Published ride request RIDE-1746418596189-pcaiqnmjh to Kafka","timestamp":"2025-05-05T04:16:36.265Z"}
{"level":"info","message":"🔎 ML response payload:","predicted_fare":16.82,"timestamp":"2025-05-05T04:16:36.838Z"}
{"level":"info","message":"📤 Published ride request RIDE-1746418596836-0vz05xz6l to Kafka","timestamp":"2025-05-05T04:16:36.912Z"}
{"level":"info","message":"🔎 ML response payload:","predicted_fare":11.56,"timestamp":"2025-05-05T04:16:37.497Z"}
{"level":"info","message":"📤 Published ride request RIDE-1746418597495-h67vmhkct to Kafka","timestamp":"2025-05-05T04:16:37.572Z"}
{"level":"info","message":"🔎 ML response payload:","predicted_fare":11.41,"timestamp":"2025-05-05T04:16:38.143Z"}
{"level":"info","message":"📤 Published ride request RIDE-1746418598141-f41vvhxgd to Kafka","timestamp":"2025-05-05T04:16:38.217Z"}
{"level":"info","message":"🔎 ML response payload:","predicted_fare":24.58,"timestamp":"2025-05-05T04:16:38.787Z"}
{"level":"info","message":"📤 Published ride request RIDE-1746418598785-fjfgfm29d to Kafka","timestamp":"2025-05-05T04:16:38.862Z"}
{"level":"info","message":"🔎 ML response payload:","predicted_fare":41.17,"timestamp":"2025-05-05T04:16:39.434Z"}
{"level":"info","message":"📤 Published ride request RIDE-1746418599432-jmeoacho2 to Kafka","timestamp":"2025-05-05T04:16:39.509Z"}
{"level":"info","message":"🔎 ML response payload:","predicted_fare":29.74,"timestamp":"2025-05-05T04:16:40.083Z"}
{"level":"info","message":"📤 Published ride request RIDE-1746418600081-9ibwxau9h to Kafka","timestamp":"2025-05-05T04:16:40.157Z"}
{"level":"info","message":"🔎 ML response payload:","predicted_fare":78.15,"timestamp":"2025-05-05T04:16:40.719Z"}
{"level":"info","message":"📤 Published ride request RIDE-1746418600717-hi6r3qtwk to Kafka","timestamp":"2025-05-05T04:16:40.794Z"}
{"level":"info","message":"🔎 ML response payload:","predicted_fare":36.45,"timestamp":"2025-05-05T04:16:41.374Z"}
{"level":"info","message":"📤 Published ride request RIDE-1746418601372-hz95rdh0t to Kafka","timestamp":"2025-05-05T04:16:41.449Z"}
{"level":"info","message":"🔎 ML response payload:","predicted_fare":29.2,"timestamp":"2025-05-05T04:16:42.025Z"}
{"level":"info","message":"📤 Published ride request RIDE-1746418602023-3b0fz9chl to Kafka","timestamp":"2025-05-05T04:16:42.100Z"}
{"level":"info","message":"🔎 ML response payload:","predicted_fare":39.3,"timestamp":"2025-05-05T04:16:42.677Z"}
{"level":"info","message":"📤 Published ride request RIDE-1746418602676-ym3zlkrvs to Kafka","timestamp":"2025-05-05T04:16:42.752Z"}
{"level":"info","message":"🔎 ML response payload:","predicted_fare":65.17,"timestamp":"2025-05-05T04:16:43.349Z"}
{"level":"info","message":"📤 Published ride request RIDE-1746418603347-ahywnw7po to Kafka","timestamp":"2025-05-05T04:16:43.424Z"}
{"level":"info","message":"🔎 ML response payload:","predicted_fare":24.64,"timestamp":"2025-05-05T04:16:43.980Z"}
{"level":"info","message":"📤 Published ride request RIDE-1746418603978-w6qo4k26w to Kafka","timestamp":"2025-05-05T04:16:44.055Z"}
{"level":"info","message":"🔎 ML response payload:","predicted_fare":40.16,"timestamp":"2025-05-05T04:16:44.643Z"}
{"level":"info","message":"📤 Published ride request RIDE-1746418604641-u5019qniz to Kafka","timestamp":"2025-05-05T04:16:44.720Z"}
{"level":"info","message":"🔎 ML response payload:","predicted_fare":38.1,"timestamp":"2025-05-05T04:16:45.286Z"}
{"level":"info","message":"📤 Published ride request RIDE-1746418605284-fs5xjyqiu to Kafka","timestamp":"2025-05-05T04:16:45.361Z"}
{"level":"info","message":"🔎 ML response payload:","predicted_fare":17.41,"timestamp":"2025-05-05T04:16:45.934Z"}
{"level":"info","message":"📤 Published ride request RIDE-1746418605932-eqn6thl2v to Kafka","timestamp":"2025-05-05T04:16:46.009Z"}
{"level":"info","message":"🔎 ML response payload:","predicted_fare":7.57,"timestamp":"2025-05-05T04:16:46.587Z"}
{"level":"info","message":"📤 Published ride request RIDE-1746418606585-iq3g2gbs2 to Kafka","timestamp":"2025-05-05T04:16:46.662Z"}
{"level":"info","message":"🔎 ML response payload:","predicted_fare":19.85,"timestamp":"2025-05-05T04:16:47.234Z"}
{"level":"info","message":"📤 Published ride request RIDE-1746418607232-pcv5txsf0 to Kafka","timestamp":"2025-05-05T04:16:47.309Z"}
{"level":"info","message":"🔎 ML response payload:","predicted_fare":24.98,"timestamp":"2025-05-05T04:16:47.941Z"}
{"level":"info","message":"📤 Published ride request RIDE-1746418607933-27bslri96 to Kafka","timestamp":"2025-05-05T04:16:48.018Z"}
{"level":"info","message":"🔎 ML response payload:","predicted_fare":18.01,"timestamp":"2025-05-05T04:16:48.651Z"}
{"level":"info","message":"📤 Published ride request RIDE-1746418608649-3m9oqt97o to Kafka","timestamp":"2025-05-05T04:16:48.727Z"}
{"level":"info","message":"🔎 ML response payload:","predicted_fare":82.38,"timestamp":"2025-05-05T04:16:49.410Z"}
{"level":"info","message":"📤 Published ride request RIDE-1746418609408-lfxth67xc to Kafka","timestamp":"2025-05-05T04:16:49.484Z"}
{"level":"info","message":"🔎 ML response payload:","predicted_fare":25.14,"timestamp":"2025-05-05T04:16:50.110Z"}
{"level":"info","message":"📤 Published ride request RIDE-1746418610108-4b55wh4jh to Kafka","timestamp":"2025-05-05T04:16:50.185Z"}
{"level":"info","message":"🔎 ML response payload:","predicted_fare":0.28,"timestamp":"2025-05-05T04:16:50.777Z"}
{"level":"info","message":"📤 Published ride request RIDE-1746418610775-9xnp5dy5z to Kafka","timestamp":"2025-05-05T04:16:50.852Z"}
{"level":"info","message":"🔎 ML response payload:","predicted_fare":26.94,"timestamp":"2025-05-05T04:16:51.436Z"}
{"level":"info","message":"📤 Published ride request RIDE-1746418611434-0ym5h03si to Kafka","timestamp":"2025-05-05T04:16:51.511Z"}
{"level":"info","message":"🔎 ML response payload:","predicted_fare":36.22,"timestamp":"2025-05-05T04:16:52.093Z"}
{"level":"info","message":"📤 Published ride request RIDE-1746418612091-zhtaypbdl to Kafka","timestamp":"2025-05-05T04:16:52.167Z"}
{"level":"info","message":"🔎 ML response payload:","predicted_fare":40.08,"timestamp":"2025-05-05T04:16:52.755Z"}
{"level":"info","message":"📤 Published ride request RIDE-1746418612753-v1f7sqfsh to Kafka","timestamp":"2025-05-05T04:16:52.831Z"}
{"level":"info","message":"🔎 ML response payload:","predicted_fare":25.9,"timestamp":"2025-05-05T04:16:53.406Z"}
{"level":"info","message":"📤 Published ride request RIDE-1746418613404-5co5myxjp to Kafka","timestamp":"2025-05-05T04:16:53.481Z"}
{"level":"info","message":"🔎 ML response payload:","predicted_fare":45.66,"timestamp":"2025-05-05T04:16:54.062Z"}
{"level":"info","message":"📤 Published ride request RIDE-1746418614060-99f4wzvre to Kafka","timestamp":"2025-05-05T04:16:54.136Z"}
{"level":"info","message":"🔎 ML response payload:","predicted_fare":22.62,"timestamp":"2025-05-05T04:16:54.715Z"}
{"level":"info","message":"📤 Published ride request RIDE-1746418614713-3r6cae8q6 to Kafka","timestamp":"2025-05-05T04:16:54.795Z"}
{"level":"info","message":"🔎 ML response payload:","predicted_fare":35.6,"timestamp":"2025-05-05T04:16:55.389Z"}
{"level":"info","message":"📤 Published ride request RIDE-1746418615388-swt33h11f to Kafka","timestamp":"2025-05-05T04:16:55.464Z"}
{"level":"info","message":"🔎 ML response payload:","predicted_fare":23.27,"timestamp":"2025-05-05T04:16:56.043Z"}
{"level":"info","message":"📤 Published ride request RIDE-1746418616041-15pdja0wa to Kafka","timestamp":"2025-05-05T04:16:56.117Z"}
{"level":"info","message":"🔎 ML response payload:","predicted_fare":-5.15,"timestamp":"2025-05-05T04:16:56.683Z"}
{"level":"info","message":"📤 Published ride request RIDE-1746418616681-u6lxqqgkg to Kafka","timestamp":"2025-05-05T04:16:56.758Z"}
{"level":"info","message":"🔎 ML response payload:","predicted_fare":36.31,"timestamp":"2025-05-05T04:16:57.334Z"}
{"level":"info","message":"📤 Published ride request RIDE-1746418617332-ujiadyyz6 to Kafka","timestamp":"2025-05-05T04:16:57.409Z"}
{"level":"info","message":"🔎 ML response payload:","predicted_fare":13.16,"timestamp":"2025-05-05T04:16:57.984Z"}
{"level":"info","message":"📤 Published ride request RIDE-1746418617982-ixiaoqem0 to Kafka","timestamp":"2025-05-05T04:16:58.058Z"}
{"level":"info","message":"🔎 ML response payload:","predicted_fare":24.72,"timestamp":"2025-05-05T04:16:58.637Z"}
{"level":"info","message":"📤 Published ride request RIDE-1746418618635-o1zgtqz5z to Kafka","timestamp":"2025-05-05T04:16:58.712Z"}
{"level":"info","message":"🔎 ML response payload:","predicted_fare":13.66,"timestamp":"2025-05-05T04:16:59.276Z"}
{"level":"info","message":"📤 Published ride request RIDE-1746418619274-82agxxmct to Kafka","timestamp":"2025-05-05T04:16:59.374Z"}
{"level":"info","message":"🔎 ML response payload:","predicted_fare":75.91,"timestamp":"2025-05-05T04:16:59.922Z"}
{"level":"info","message":"📤 Published ride request RIDE-1746418619919-adp77wdz2 to Kafka","timestamp":"2025-05-05T04:16:59.996Z"}
{"level":"info","message":"🔎 ML response payload:","predicted_fare":45.96,"timestamp":"2025-05-05T04:17:00.576Z"}
{"level":"info","message":"📤 Published ride request RIDE-1746418620574-9snuc63sr to Kafka","timestamp":"2025-05-05T04:17:00.650Z"}
{"level":"info","message":"🔎 ML response payload:","predicted_fare":68.94,"timestamp":"2025-05-05T04:17:01.235Z"}
{"level":"info","message":"📤 Published ride request RIDE-1746418621234-sndecbb36 to Kafka","timestamp":"2025-05-05T04:17:01.311Z"}
{"level":"info","message":"🔎 ML response payload:","predicted_fare":17.17,"timestamp":"2025-05-05T04:17:01.881Z"}
{"level":"info","message":"📤 Published ride request RIDE-1746418621879-w8ctlxn3z to Kafka","timestamp":"2025-05-05T04:17:01.956Z"}
{"level":"info","message":"🔎 ML response payload:","predicted_fare":32.58,"timestamp":"2025-05-05T04:17:02.532Z"}
{"level":"info","message":"📤 Published ride request RIDE-1746418622530-kpjabhgx3 to Kafka","timestamp":"2025-05-05T04:17:02.607Z"}
{"level":"info","message":"🔎 ML response payload:","predicted_fare":34.7,"timestamp":"2025-05-05T04:17:03.207Z"}
{"level":"info","message":"📤 Published ride request RIDE-1746418623205-hwrvai86r to Kafka","timestamp":"2025-05-05T04:17:03.281Z"}
{"level":"info","message":"🔎 ML response payload:","predicted_fare":29.63,"timestamp":"2025-05-05T04:17:03.848Z"}
{"level":"info","message":"📤 Published ride request RIDE-1746418623846-wja2aulkd to Kafka","timestamp":"2025-05-05T04:17:03.923Z"}
{"level":"info","message":"🔎 ML response payload:","predicted_fare":11.36,"timestamp":"2025-05-05T04:17:04.516Z"}
{"level":"info","message":"📤 Published ride request RIDE-1746418624514-px5nnb7at to Kafka","timestamp":"2025-05-05T04:17:04.591Z"}
{"level":"info","message":"🔎 ML response payload:","predicted_fare":18.37,"timestamp":"2025-05-05T04:17:05.149Z"}
{"level":"info","message":"📤 Published ride request RIDE-1746418625147-10xkgcltj to Kafka","timestamp":"2025-05-05T04:17:05.224Z"}
{"level":"info","message":"🔎 ML response payload:","predicted_fare":26.37,"timestamp":"2025-05-05T04:17:05.810Z"}
{"level":"info","message":"📤 Published ride request RIDE-1746418625808-o9t5orpog to Kafka","timestamp":"2025-05-05T04:17:05.884Z"}
{"level":"info","message":"🔎 ML response payload:","predicted_fare":31.85,"timestamp":"2025-05-05T04:17:06.359Z"}
{"level":"info","message":"📤 Published ride request RIDE-1746418626357-ajrui1tsv to Kafka","timestamp":"2025-05-05T04:17:06.433Z"}
{"level":"info","message":"🔎 ML response payload:","predicted_fare":39.62,"timestamp":"2025-05-05T04:17:06.791Z"}
{"level":"info","message":"📤 Published ride request RIDE-1746418626789-w7pcdh0zi to Kafka","timestamp":"2025-05-05T04:17:06.866Z"}
{"level":"info","message":"🔎 ML response payload:","predicted_fare":17.81,"timestamp":"2025-05-05T04:17:07.224Z"}
{"level":"info","message":"📤 Published ride request RIDE-1746418627222-iatqnqkky to Kafka","timestamp":"2025-05-05T04:17:07.299Z"}
{"level":"info","message":"🔎 ML response payload:","predicted_fare":8.49,"timestamp":"2025-05-05T04:17:07.668Z"}
{"level":"info","message":"📤 Published ride request RIDE-1746418627666-6owulslwe to Kafka","timestamp":"2025-05-05T04:17:07.743Z"}
{"level":"info","message":"🔎 ML response payload:","predicted_fare":24.91,"timestamp":"2025-05-05T04:17:08.107Z"}
{"level":"info","message":"📤 Published ride request RIDE-1746418628105-a8oghkwfh to Kafka","timestamp":"2025-05-05T04:17:08.184Z"}
{"level":"info","message":"🔎 ML response payload:","predicted_fare":51.64,"timestamp":"2025-05-05T04:17:08.441Z"}
{"level":"info","message":"📤 Published ride request RIDE-1746418628438-cr8eq182q to Kafka","timestamp":"2025-05-05T04:17:08.516Z"}
{"level":"info","message":"🔎 ML response payload:","predicted_fare":59.77,"timestamp":"2025-05-05T04:17:08.666Z"}
{"level":"info","message":"📤 Published ride request RIDE-1746418628664-zjundqhqa to Kafka","timestamp":"2025-05-05T04:17:08.740Z"}
{"level":"info","message":"🔎 ML response payload:","predicted_fare":4.91,"timestamp":"2025-05-05T07:17:40.169Z"}
{"level":"info","message":"📤 Published ride request RIDE-1746429460113-v3ydihd04 to Kafka","timestamp":"2025-05-05T07:17:40.770Z"}
{"level":"info","message":"🔎 ML response payload:","predicted_fare":38.05,"timestamp":"2025-05-05T07:17:43.700Z"}
{"level":"info","message":"🔎 ML response payload:","predicted_fare":99.69,"timestamp":"2025-05-05T07:17:43.705Z"}
{"level":"info","message":"🔎 ML response payload:","predicted_fare":22.09,"timestamp":"2025-05-05T07:17:43.707Z"}
{"level":"info","message":"🔎 ML response payload:","predicted_fare":37.22,"timestamp":"2025-05-05T07:17:43.708Z"}
{"level":"info","message":"📤 Published ride request RIDE-1746429463692-h5t6soae4 to Kafka","timestamp":"2025-05-05T07:17:43.780Z"}
{"level":"info","message":"📤 Published ride request RIDE-1746429463694-lkerx8umf to Kafka","timestamp":"2025-05-05T07:17:43.854Z"}
{"level":"info","message":"📤 Published ride request RIDE-1746429463695-hqser77uz to Kafka","timestamp":"2025-05-05T07:17:44.201Z"}
{"level":"info","message":"📤 Published ride request RIDE-1746429463693-zyto88l5r to Kafka","timestamp":"2025-05-05T07:17:44.225Z"}
{"level":"info","message":"🔎 ML response payload:","predicted_fare":44.38,"timestamp":"2025-05-05T07:18:20.787Z"}
{"level":"info","message":"📤 Published ride request RIDE-1746429500781-4qva97cds to Kafka","timestamp":"2025-05-05T07:18:20.873Z"}
{"level":"info","message":"🔎 ML response payload:","predicted_fare":22.26,"timestamp":"2025-05-05T07:18:23.695Z"}
{"level":"info","message":"🔎 ML response payload:","predicted_fare":46.23,"timestamp":"2025-05-05T07:18:23.696Z"}
{"level":"info","message":"🔎 ML response payload:","predicted_fare":50.3,"timestamp":"2025-05-05T07:18:23.697Z"}
{"level":"info","message":"📤 Published ride request RIDE-1746429503692-1yj9mq227 to Kafka","timestamp":"2025-05-05T07:18:23.778Z"}
{"level":"info","message":"📤 Published ride request RIDE-1746429503691-b3c7zzeew to Kafka","timestamp":"2025-05-05T07:18:23.780Z"}
{"level":"info","message":"📤 Published ride request RIDE-1746429503693-sg3xod9x4 to Kafka","timestamp":"2025-05-05T07:18:23.783Z"}
{"level":"info","message":"🔎 ML response payload:","predicted_fare":29.51,"timestamp":"2025-05-05T07:19:30.041Z"}
{"level":"info","message":"📤 Published ride request RIDE-1746429570034-dt9waa6mn to Kafka","timestamp":"2025-05-05T07:19:30.129Z"}
{"level":"info","message":"🔎 ML response payload:","predicted_fare":39.18,"timestamp":"2025-05-05T07:19:33.086Z"}
{"level":"info","message":"🔎 ML response payload:","predicted_fare":14.47,"timestamp":"2025-05-05T07:19:33.088Z"}
{"level":"info","message":"🔎 ML response payload:","predicted_fare":32.45,"timestamp":"2025-05-05T07:19:33.089Z"}
{"level":"info","message":"📤 Published ride request RIDE-1746429573083-f8i11pavj to Kafka","timestamp":"2025-05-05T07:19:33.174Z"}
{"level":"info","message":"📤 Published ride request RIDE-1746429573084-0cvrmj379 to Kafka","timestamp":"2025-05-05T07:19:33.176Z"}
{"level":"info","message":"📤 Published ride request RIDE-1746429573084-l9il42pao to Kafka","timestamp":"2025-05-05T07:19:33.187Z"}
{"level":"info","message":"🔎 ML response payload:","predicted_fare":19.1,"timestamp":"2025-05-05T07:19:41.477Z"}
{"level":"info","message":"🔎 ML response payload:","predicted_fare":113.13,"timestamp":"2025-05-05T07:19:41.481Z"}
{"level":"info","message":"🔎 ML response payload:","predicted_fare":40.46,"timestamp":"2025-05-05T07:19:41.493Z"}
{"level":"info","message":"🔎 ML response payload:","predicted_fare":26.68,"timestamp":"2025-05-05T07:19:41.496Z"}
{"level":"info","message":"🔎 ML response payload:","predicted_fare":79.52,"timestamp":"2025-05-05T07:19:41.497Z"}
{"level":"info","message":"🔎 ML response payload:","predicted_fare":40.6,"timestamp":"2025-05-05T07:19:41.499Z"}
{"level":"info","message":"🔎 ML response payload:","predicted_fare":13.5,"timestamp":"2025-05-05T07:19:41.500Z"}
{"level":"info","message":"🔎 ML response payload:","predicted_fare":29.48,"timestamp":"2025-05-05T07:19:41.501Z"}
{"level":"info","message":"🔎 ML response payload:","predicted_fare":29.49,"timestamp":"2025-05-05T07:19:41.501Z"}
{"level":"info","message":"🔎 ML response payload:","predicted_fare":86.55,"timestamp":"2025-05-05T07:19:41.502Z"}
{"level":"info","message":"📤 Published ride request RIDE-1746429581436-cceqzrmiu to Kafka","timestamp":"2025-05-05T07:19:41.575Z"}
{"level":"info","message":"📤 Published ride request RIDE-1746429581447-6mgjrq1e4 to Kafka","timestamp":"2025-05-05T07:19:41.589Z"}
{"level":"info","message":"📤 Published ride request RIDE-1746429581484-06938g6na to Kafka","timestamp":"2025-05-05T07:19:41.591Z"}
{"level":"info","message":"📤 Published ride request RIDE-1746429581490-cicarr9ja to Kafka","timestamp":"2025-05-05T07:19:41.664Z"}
{"level":"info","message":"📤 Published ride request RIDE-1746429581489-7b1f0ftd4 to Kafka","timestamp":"2025-05-05T07:19:41.665Z"}
{"level":"info","message":"📤 Published ride request RIDE-1746429581488-xc4vv5tk2 to Kafka","timestamp":"2025-05-05T07:19:41.666Z"}
{"level":"info","message":"📤 Published ride request RIDE-1746429581491-t2fnwoyad to Kafka","timestamp":"2025-05-05T07:19:41.738Z"}
{"level":"info","message":"📤 Published ride request RIDE-1746429581490-2oyuaukt4 to Kafka","timestamp":"2025-05-05T07:19:41.739Z"}
{"level":"info","message":"📤 Published ride request RIDE-1746429581487-a1bjdgjie to Kafka","timestamp":"2025-05-05T07:19:41.989Z"}
{"level":"info","message":"📤 Published ride request RIDE-1746429581486-d3218vo4u to Kafka","timestamp":"2025-05-05T07:19:41.991Z"}
{"level":"info","message":"🔎 ML response payload:","predicted_fare":34.53,"timestamp":"2025-05-05T07:19:58.755Z"}
{"level":"info","message":"🔎 ML response payload:","predicted_fare":15.03,"timestamp":"2025-05-05T07:19:58.759Z"}
{"level":"info","message":"🔎 ML response payload:","predicted_fare":46.63,"timestamp":"2025-05-05T07:19:58.761Z"}
{"level":"info","message":"🔎 ML response payload:","predicted_fare":45.28,"timestamp":"2025-05-05T07:19:58.762Z"}
{"level":"info","message":"🔎 ML response payload:","predicted_fare":71.31,"timestamp":"2025-05-05T07:19:58.765Z"}
{"level":"info","message":"🔎 ML response payload:","predicted_fare":15.57,"timestamp":"2025-05-05T07:19:58.766Z"}
{"level":"info","message":"🔎 ML response payload:","predicted_fare":14.27,"timestamp":"2025-05-05T07:19:58.767Z"}
{"level":"info","message":"🔎 ML response payload:","predicted_fare":12.35,"timestamp":"2025-05-05T07:19:58.768Z"}
{"level":"info","message":"🔎 ML response payload:","predicted_fare":30.33,"timestamp":"2025-05-05T07:19:58.768Z"}
{"level":"info","message":"🔎 ML response payload:","predicted_fare":21.49,"timestamp":"2025-05-05T07:19:58.769Z"}
{"level":"info","message":"🔎 ML response payload:","predicted_fare":15.67,"timestamp":"2025-05-05T07:19:58.770Z"}
{"level":"info","message":"🔎 ML response payload:","predicted_fare":22.05,"timestamp":"2025-05-05T07:19:58.772Z"}
{"level":"info","message":"🔎 ML response payload:","predicted_fare":44,"timestamp":"2025-05-05T07:19:58.772Z"}
{"level":"info","message":"🔎 ML response payload:","predicted_fare":7.29,"timestamp":"2025-05-05T07:19:58.773Z"}
{"level":"info","message":"🔎 ML response payload:","predicted_fare":44.29,"timestamp":"2025-05-05T07:19:58.775Z"}
{"level":"info","message":"🔎 ML response payload:","predicted_fare":9.67,"timestamp":"2025-05-05T07:19:58.775Z"}
{"level":"info","message":"🔎 ML response payload:","predicted_fare":68.48,"timestamp":"2025-05-05T07:19:58.776Z"}
{"level":"info","message":"🔎 ML response payload:","predicted_fare":24.19,"timestamp":"2025-05-05T07:19:58.776Z"}
{"level":"info","message":"🔎 ML response payload:","predicted_fare":14.63,"timestamp":"2025-05-05T07:19:58.776Z"}
{"level":"info","message":"🔎 ML response payload:","predicted_fare":31.73,"timestamp":"2025-05-05T07:19:58.777Z"}
{"level":"info","message":"🔎 ML response payload:","predicted_fare":12.67,"timestamp":"2025-05-05T07:19:58.777Z"}
{"level":"info","message":"🔎 ML response payload:","predicted_fare":41.48,"timestamp":"2025-05-05T07:19:58.778Z"}
{"level":"info","message":"🔎 ML response payload:","predicted_fare":19.96,"timestamp":"2025-05-05T07:19:58.778Z"}
{"level":"info","message":"🔎 ML response payload:","predicted_fare":13.4,"timestamp":"2025-05-05T07:19:58.779Z"}
{"level":"info","message":"🔎 ML response payload:","predicted_fare":54.98,"timestamp":"2025-05-05T07:19:58.779Z"}
{"level":"info","message":"🔎 ML response payload:","predicted_fare":22.19,"timestamp":"2025-05-05T07:19:58.779Z"}
{"level":"info","message":"🔎 ML response payload:","predicted_fare":17.65,"timestamp":"2025-05-05T07:19:58.779Z"}
{"level":"info","message":"🔎 ML response payload:","predicted_fare":29.56,"timestamp":"2025-05-05T07:19:58.780Z"}
{"level":"info","message":"📤 Published ride request RIDE-1746429598738-ivwwvd81g to Kafka","timestamp":"2025-05-05T07:19:58.846Z"}
{"level":"info","message":"📤 Published ride request RIDE-1746429598739-dpgmvxeyr to Kafka","timestamp":"2025-05-05T07:19:58.848Z"}
{"level":"info","message":"📤 Published ride request RIDE-1746429598740-aopkh615z to Kafka","timestamp":"2025-05-05T07:19:58.853Z"}
{"level":"info","message":"📤 Published ride request RIDE-1746429598741-tch82vonr to Kafka","timestamp":"2025-05-05T07:19:58.856Z"}
{"level":"info","message":"📤 Published ride request RIDE-1746429598741-stmfzpsv2 to Kafka","timestamp":"2025-05-05T07:19:58.857Z"}
{"level":"info","message":"📤 Published ride request RIDE-1746429598742-5g4dtzhru to Kafka","timestamp":"2025-05-05T07:19:58.911Z"}
{"level":"info","message":"📤 Published ride request RIDE-1746429598743-7oevt0jnw to Kafka","timestamp":"2025-05-05T07:19:58.913Z"}
{"level":"info","message":"📤 Published ride request RIDE-1746429598744-ceoanguvz to Kafka","timestamp":"2025-05-05T07:19:58.917Z"}
{"level":"info","message":"📤 Published ride request RIDE-1746429598743-rczql3htb to Kafka","timestamp":"2025-05-05T07:19:58.919Z"}
{"level":"info","message":"📤 Published ride request RIDE-1746429598744-31by3y9sd to Kafka","timestamp":"2025-05-05T07:19:58.923Z"}
{"level":"info","message":"📤 Published ride request RIDE-1746429598748-2h8jyqkrz to Kafka","timestamp":"2025-05-05T07:19:58.987Z"}
{"level":"info","message":"📤 Published ride request RIDE-1746429598746-tc5v3ylf1 to Kafka","timestamp":"2025-05-05T07:19:58.995Z"}
{"level":"info","message":"📤 Published ride request RIDE-1746429598745-f5mml9l0a to Kafka","timestamp":"2025-05-05T07:19:58.996Z"}
{"level":"info","message":"📤 Published ride request RIDE-1746429598747-gzs8yk687 to Kafka","timestamp":"2025-05-05T07:19:58.999Z"}
{"level":"info","message":"📤 Published ride request RIDE-1746429598749-sfpptrypm to Kafka","timestamp":"2025-05-05T07:19:59.001Z"}
{"level":"info","message":"📤 Published ride request RIDE-1746429598746-tv3imt8mp to Kafka","timestamp":"2025-05-05T07:19:59.062Z"}
{"level":"info","message":"📤 Published ride request RIDE-1746429598750-0sjpvfrex to Kafka","timestamp":"2025-05-05T07:19:59.064Z"}
{"level":"info","message":"📤 Published ride request RIDE-1746429598749-gqls6h1eh to Kafka","timestamp":"2025-05-05T07:19:59.067Z"}
{"level":"info","message":"📤 Published ride request RIDE-1746429598750-bdeg269xl to Kafka","timestamp":"2025-05-05T07:19:59.070Z"}
{"level":"info","message":"📤 Published ride request RIDE-1746429598757-0b31ixbws to Kafka","timestamp":"2025-05-05T07:19:59.073Z"}
{"level":"info","message":"📤 Published ride request RIDE-1746429598753-8yr7pk9t4 to Kafka","timestamp":"2025-05-05T07:19:59.141Z"}
{"level":"info","message":"📤 Published ride request RIDE-1746429598752-23jve8mxg to Kafka","timestamp":"2025-05-05T07:19:59.143Z"}
{"level":"info","message":"📤 Published ride request RIDE-1746429598751-l1lrd1xic to Kafka","timestamp":"2025-05-05T07:19:59.145Z"}
{"level":"info","message":"📤 Published ride request RIDE-1746429598747-yqwqyq8ex to Kafka","timestamp":"2025-05-05T07:19:59.147Z"}
{"level":"info","message":"📤 Published ride request RIDE-1746429598755-08uag5w0m to Kafka","timestamp":"2025-05-05T07:19:59.149Z"}
{"level":"info","message":"📤 Published ride request RIDE-1746429598754-m8mm1cqgx to Kafka","timestamp":"2025-05-05T07:19:59.217Z"}
{"level":"info","message":"📤 Published ride request RIDE-1746429598742-zpvhkq90m to Kafka","timestamp":"2025-05-05T07:19:59.254Z"}
{"level":"info","message":"📤 Published ride request RIDE-1746429598742-40wzgp6kw to Kafka","timestamp":"2025-05-05T07:19:59.261Z"}
{"level":"info","message":"🔎 ML response payload:","predicted_fare":19.78,"timestamp":"2025-05-05T07:20:10.540Z"}
{"level":"info","message":"🔎 ML response payload:","predicted_fare":23.85,"timestamp":"2025-05-05T07:20:10.541Z"}
{"level":"info","message":"📤 Published ride request RIDE-1746429610536-41ga78ia0 to Kafka","timestamp":"2025-05-05T07:20:10.621Z"}
{"level":"info","message":"📤 Published ride request RIDE-1746429610537-jpcorhnwe to Kafka","timestamp":"2025-05-05T07:20:10.622Z"}
{"level":"info","message":"🔎 ML response payload:","predicted_fare":12.13,"timestamp":"2025-05-05T07:20:12.709Z"}
{"level":"info","message":"🔎 ML response payload:","predicted_fare":24.17,"timestamp":"2025-05-05T07:20:12.738Z"}
{"level":"info","message":"🔎 ML response payload:","predicted_fare":33.73,"timestamp":"2025-05-05T07:20:12.741Z"}
{"level":"info","message":"🔎 ML response payload:","predicted_fare":15.72,"timestamp":"2025-05-05T07:20:12.743Z"}
{"level":"info","message":"🔎 ML response payload:","predicted_fare":28.1,"timestamp":"2025-05-05T07:20:12.746Z"}
{"level":"info","message":"🔎 ML response payload:","predicted_fare":22.71,"timestamp":"2025-05-05T07:20:12.750Z"}
{"level":"info","message":"🔎 ML response payload:","predicted_fare":46.59,"timestamp":"2025-05-05T07:20:12.751Z"}
{"level":"info","message":"🔎 ML response payload:","predicted_fare":30.6,"timestamp":"2025-05-05T07:20:12.754Z"}
{"level":"info","message":"🔎 ML response payload:","predicted_fare":13.11,"timestamp":"2025-05-05T07:20:12.755Z"}
{"level":"info","message":"🔎 ML response payload:","predicted_fare":9.58,"timestamp":"2025-05-05T07:20:12.756Z"}
{"level":"info","message":"🔎 ML response payload:","predicted_fare":38.79,"timestamp":"2025-05-05T07:20:12.758Z"}
{"level":"info","message":"🔎 ML response payload:","predicted_fare":10.77,"timestamp":"2025-05-05T07:20:12.758Z"}
{"level":"info","message":"🔎 ML response payload:","predicted_fare":79.43,"timestamp":"2025-05-05T07:20:12.759Z"}
{"level":"info","message":"🔎 ML response payload:","predicted_fare":13.33,"timestamp":"2025-05-05T07:20:12.762Z"}
{"level":"info","message":"🔎 ML response payload:","predicted_fare":41.49,"timestamp":"2025-05-05T07:20:12.762Z"}
{"level":"info","message":"🔎 ML response payload:","predicted_fare":38.4,"timestamp":"2025-05-05T07:20:12.765Z"}
{"level":"info","message":"🔎 ML response payload:","predicted_fare":28.09,"timestamp":"2025-05-05T07:20:12.765Z"}
{"level":"info","message":"🔎 ML response payload:","predicted_fare":117,"timestamp":"2025-05-05T07:20:12.767Z"}
{"level":"info","message":"🔎 ML response payload:","predicted_fare":7.82,"timestamp":"2025-05-05T07:20:12.767Z"}
{"level":"info","message":"🔎 ML response payload:","predicted_fare":54.3,"timestamp":"2025-05-05T07:20:12.768Z"}
{"level":"info","message":"🔎 ML response payload:","predicted_fare":23.05,"timestamp":"2025-05-05T07:20:12.769Z"}
{"level":"info","message":"🔎 ML response payload:","predicted_fare":14.77,"timestamp":"2025-05-05T07:20:12.771Z"}
{"level":"info","message":"🔎 ML response payload:","predicted_fare":35.85,"timestamp":"2025-05-05T07:20:12.771Z"}
{"level":"info","message":"🔎 ML response payload:","predicted_fare":38.58,"timestamp":"2025-05-05T07:20:12.772Z"}
{"level":"info","message":"🔎 ML response payload:","predicted_fare":87.68,"timestamp":"2025-05-05T07:20:12.774Z"}
{"level":"info","message":"🔎 ML response payload:","predicted_fare":22.84,"timestamp":"2025-05-05T07:20:12.775Z"}
{"level":"info","message":"🔎 ML response payload:","predicted_fare":31.43,"timestamp":"2025-05-05T07:20:12.775Z"}
{"level":"info","message":"🔎 ML response payload:","predicted_fare":22.08,"timestamp":"2025-05-05T07:20:12.775Z"}
{"level":"info","message":"🔎 ML response payload:","predicted_fare":30.84,"timestamp":"2025-05-05T07:20:12.776Z"}
{"level":"info","message":"🔎 ML response payload:","predicted_fare":32.41,"timestamp":"2025-05-05T07:20:12.778Z"}
{"level":"info","message":"🔎 ML response payload:","predicted_fare":50.77,"timestamp":"2025-05-05T07:20:12.778Z"}
{"level":"info","message":"🔎 ML response payload:","predicted_fare":47.02,"timestamp":"2025-05-05T07:20:12.779Z"}
{"level":"info","message":"🔎 ML response payload:","predicted_fare":35.39,"timestamp":"2025-05-05T07:20:12.780Z"}
{"level":"info","message":"🔎 ML response payload:","predicted_fare":35.87,"timestamp":"2025-05-05T07:20:12.780Z"}
{"level":"info","message":"🔎 ML response payload:","predicted_fare":56.34,"timestamp":"2025-05-05T07:20:12.782Z"}
{"level":"info","message":"🔎 ML response payload:","predicted_fare":7.96,"timestamp":"2025-05-05T07:20:12.782Z"}
{"level":"info","message":"🔎 ML response payload:","predicted_fare":44.66,"timestamp":"2025-05-05T07:20:12.782Z"}
{"level":"info","message":"🔎 ML response payload:","predicted_fare":27.78,"timestamp":"2025-05-05T07:20:12.782Z"}
{"level":"info","message":"🔎 ML response payload:","predicted_fare":32.92,"timestamp":"2025-05-05T07:20:12.783Z"}
{"level":"info","message":"🔎 ML response payload:","predicted_fare":102.23,"timestamp":"2025-05-05T07:20:12.783Z"}
{"level":"info","message":"📤 Published ride request RIDE-1746429612704-s2tcaqnkq to Kafka","timestamp":"2025-05-05T07:20:12.794Z"}
{"level":"info","message":"📤 Published ride request RIDE-1746429612721-jhmmwcl06 to Kafka","timestamp":"2025-05-05T07:20:12.817Z"}
{"level":"info","message":"📤 Published ride request RIDE-1746429612730-ko9fvs8mx to Kafka","timestamp":"2025-05-05T07:20:12.847Z"}
{"level":"info","message":"📤 Published ride request RIDE-1746429612731-cp8pezjsl to Kafka","timestamp":"2025-05-05T07:20:12.866Z"}
{"level":"info","message":"📤 Published ride request RIDE-1746429612734-uc3fqf9e8 to Kafka","timestamp":"2025-05-05T07:20:12.867Z"}
{"level":"info","message":"📤 Published ride request RIDE-1746429612735-r5i5k2rnz to Kafka","timestamp":"2025-05-05T07:20:12.869Z"}
{"level":"info","message":"📤 Published ride request RIDE-1746429612732-1wnubhuk6 to Kafka","timestamp":"2025-05-05T07:20:12.871Z"}
{"level":"info","message":"📤 Published ride request RIDE-1746429612734-lnasdcf93 to Kafka","timestamp":"2025-05-05T07:20:12.873Z"}
{"level":"info","message":"📤 Published ride request RIDE-1746429612746-ttff55kde to Kafka","timestamp":"2025-05-05T07:20:12.931Z"}
{"level":"info","message":"📤 Published ride request RIDE-1746429612735-mol3mee10 to Kafka","timestamp":"2025-05-05T07:20:12.938Z"}
{"level":"info","message":"📤 Published ride request RIDE-1746429612757-00hc2aped to Kafka","timestamp":"2025-05-05T07:20:12.950Z"}
{"level":"info","message":"📤 Published ride request RIDE-1746429612743-420gj0o0j to Kafka","timestamp":"2025-05-05T07:20:12.953Z"}
{"level":"info","message":"📤 Published ride request RIDE-1746429612748-7jkukml37 to Kafka","timestamp":"2025-05-05T07:20:12.954Z"}
{"level":"info","message":"📤 Published ride request RIDE-1746429612753-z0l1g8z1o to Kafka","timestamp":"2025-05-05T07:20:12.955Z"}
{"level":"info","message":"📤 Published ride request RIDE-1746429612761-g9j4o409b to Kafka","timestamp":"2025-05-05T07:20:12.955Z"}
{"level":"info","message":"🔎 ML response payload:","predicted_fare":51.15,"timestamp":"2025-05-05T07:20:12.985Z"}
{"level":"info","message":"🔎 ML response payload:","predicted_fare":35.1,"timestamp":"2025-05-05T07:20:12.986Z"}
{"level":"info","message":"🔎 ML response payload:","predicted_fare":23.18,"timestamp":"2025-05-05T07:20:12.986Z"}
{"level":"info","message":"🔎 ML response payload:","predicted_fare":9.09,"timestamp":"2025-05-05T07:20:12.989Z"}
{"level":"info","message":"🔎 ML response payload:","predicted_fare":11.53,"timestamp":"2025-05-05T07:20:12.990Z"}
{"level":"info","message":"🔎 ML response payload:","predicted_fare":8.97,"timestamp":"2025-05-05T07:20:12.991Z"}
{"level":"info","message":"🔎 ML response payload:","predicted_fare":22.62,"timestamp":"2025-05-05T07:20:12.991Z"}
{"level":"info","message":"🔎 ML response payload:","predicted_fare":30.04,"timestamp":"2025-05-05T07:20:12.994Z"}
{"level":"info","message":"🔎 ML response payload:","predicted_fare":38.97,"timestamp":"2025-05-05T07:20:12.994Z"}
{"level":"info","message":"🔎 ML response payload:","predicted_fare":22.03,"timestamp":"2025-05-05T07:20:12.995Z"}
{"level":"info","message":"🔎 ML response payload:","predicted_fare":22.01,"timestamp":"2025-05-05T07:20:12.995Z"}
{"level":"info","message":"🔎 ML response payload:","predicted_fare":20.85,"timestamp":"2025-05-05T07:20:12.995Z"}
{"level":"info","message":"🔎 ML response payload:","predicted_fare":28.22,"timestamp":"2025-05-05T07:20:12.995Z"}
{"level":"info","message":"🔎 ML response payload:","predicted_fare":16.85,"timestamp":"2025-05-05T07:20:12.996Z"}
{"level":"info","message":"📤 Published ride request RIDE-1746429612763-h848yikd1 to Kafka","timestamp":"2025-05-05T07:20:13.007Z"}
{"level":"info","message":"📤 Published ride request RIDE-1746429612759-luqxae3x2 to Kafka","timestamp":"2025-05-05T07:20:13.008Z"}
{"level":"info","message":"📤 Published ride request RIDE-1746429612768-3rg924eoi to Kafka","timestamp":"2025-05-05T07:20:13.021Z"}
{"level":"info","message":"📤 Published ride request RIDE-1746429612765-upga3iuoy to Kafka","timestamp":"2025-05-05T07:20:13.023Z"}
{"level":"info","message":"📤 Published ride request RIDE-1746429612763-k0ugzk3lz to Kafka","timestamp":"2025-05-05T07:20:13.024Z"}
{"level":"info","message":"📤 Published ride request RIDE-1746429612766-15sg8vzc4 to Kafka","timestamp":"2025-05-05T07:20:13.027Z"}
{"level":"info","message":"📤 Published ride request RIDE-1746429612764-nyuujawpe to Kafka","timestamp":"2025-05-05T07:20:13.031Z"}
{"level":"info","message":"📤 Published ride request RIDE-1746429612764-xm1tbnih0 to Kafka","timestamp":"2025-05-05T07:20:13.078Z"}
{"level":"info","message":"📤 Published ride request RIDE-1746429612770-umx8r4ipz to Kafka","timestamp":"2025-05-05T07:20:13.079Z"}
{"level":"info","message":"📤 Published ride request RIDE-1746429612765-47cw9h67e to Kafka","timestamp":"2025-05-05T07:20:13.099Z"}
{"level":"info","message":"📤 Published ride request RIDE-1746429612764-w8fjrexdh to Kafka","timestamp":"2025-05-05T07:20:13.101Z"}
{"level":"info","message":"📤 Published ride request RIDE-1746429612769-xzm9rx7ww to Kafka","timestamp":"2025-05-05T07:20:13.103Z"}
{"level":"info","message":"📤 Published ride request RIDE-1746429612771-qen8c2ev3 to Kafka","timestamp":"2025-05-05T07:20:13.105Z"}
{"level":"info","message":"📤 Published ride request RIDE-1746429612774-4utpo761m to Kafka","timestamp":"2025-05-05T07:20:13.107Z"}
{"level":"info","message":"📤 Published ride request RIDE-1746429612776-f42u2lec3 to Kafka","timestamp":"2025-05-05T07:20:13.153Z"}
{"level":"info","message":"📤 Published ride request RIDE-1746429612772-167ds1234 to Kafka","timestamp":"2025-05-05T07:20:13.155Z"}
{"level":"info","message":"📤 Published ride request RIDE-1746429612769-sve34yewk to Kafka","timestamp":"2025-05-05T07:20:13.176Z"}
{"level":"info","message":"📤 Published ride request RIDE-1746429612770-v7vfjyrnf to Kafka","timestamp":"2025-05-05T07:20:13.179Z"}
{"level":"info","message":"📤 Published ride request RIDE-1746429612773-o60u86njj to Kafka","timestamp":"2025-05-05T07:20:13.182Z"}
{"level":"info","message":"📤 Published ride request RIDE-1746429612772-t859g5yuh to Kafka","timestamp":"2025-05-05T07:20:13.185Z"}
{"level":"info","message":"📤 Published ride request RIDE-1746429612776-yzl23y0em to Kafka","timestamp":"2025-05-05T07:20:13.188Z"}
{"level":"info","message":"📤 Published ride request RIDE-1746429612773-36sn5vvkq to Kafka","timestamp":"2025-05-05T07:20:13.227Z"}
{"level":"info","message":"📤 Published ride request RIDE-1746429612777-neiqs0vbw to Kafka","timestamp":"2025-05-05T07:20:13.230Z"}
{"level":"info","message":"📤 Published ride request RIDE-1746429612980-gu0tw3s3i to Kafka","timestamp":"2025-05-05T07:20:13.249Z"}
{"level":"info","message":"📤 Published ride request RIDE-1746429612982-9hpklzitp to Kafka","timestamp":"2025-05-05T07:20:13.252Z"}
{"level":"info","message":"📤 Published ride request RIDE-1746429612982-18bsubecd to Kafka","timestamp":"2025-05-05T07:20:13.254Z"}
{"level":"info","message":"📤 Published ride request RIDE-1746429612987-ktx9rnbob to Kafka","timestamp":"2025-05-05T07:20:13.257Z"}
{"level":"info","message":"📤 Published ride request RIDE-1746429612983-pjjb3zr4o to Kafka","timestamp":"2025-05-05T07:20:13.259Z"}
{"level":"info","message":"📤 Published ride request RIDE-1746429612733-gid71l5ww to Kafka","timestamp":"2025-05-05T07:20:13.293Z"}
{"level":"info","message":"📤 Published ride request RIDE-1746429612732-axgbjj8gj to Kafka","timestamp":"2025-05-05T07:20:13.295Z"}
{"level":"info","message":"📤 Published ride request RIDE-1746429612990-t0qfsphpg to Kafka","timestamp":"2025-05-05T07:20:13.305Z"}
{"level":"info","message":"📤 Published ride request RIDE-1746429612985-485hiem86 to Kafka","timestamp":"2025-05-05T07:20:13.306Z"}
{"level":"info","message":"📤 Published ride request RIDE-1746429612984-e0wir1ret to Kafka","timestamp":"2025-05-05T07:20:13.327Z"}
{"level":"info","message":"📤 Published ride request RIDE-1746429612987-9vzyj7b07 to Kafka","timestamp":"2025-05-05T07:20:13.329Z"}
{"level":"info","message":"📤 Published ride request RIDE-1746429612987-c3jcqokls to Kafka","timestamp":"2025-05-05T07:20:13.332Z"}
{"level":"info","message":"📤 Published ride request RIDE-1746429612988-sdibxszkh to Kafka","timestamp":"2025-05-05T07:20:13.334Z"}
{"level":"info","message":"📤 Published ride request RIDE-1746429612989-dtwiearbc to Kafka","timestamp":"2025-05-05T07:20:13.335Z"}
{"level":"info","message":"🔎 ML response payload:","predicted_fare":40.1,"timestamp":"2025-05-05T07:20:13.685Z"}
{"level":"info","message":"🔎 ML response payload:","predicted_fare":40.96,"timestamp":"2025-05-05T07:20:13.686Z"}
{"level":"info","message":"📤 Published ride request RIDE-1746429612983-013j5id2k to Kafka","timestamp":"2025-05-05T07:20:13.710Z"}
{"level":"info","message":"📤 Published ride request RIDE-1746429612983-za1bb68pw to Kafka","timestamp":"2025-05-05T07:20:13.713Z"}
{"level":"info","message":"📤 Published ride request RIDE-1746429613683-y9fcqjmdi to Kafka","timestamp":"2025-05-05T07:20:13.765Z"}
{"level":"info","message":"📤 Published ride request RIDE-1746429613683-ijdf9j8zp to Kafka","timestamp":"2025-05-05T07:20:13.767Z"}
{"level":"info","message":"🔎 ML response payload:","predicted_fare":45.16,"timestamp":"2025-05-05T07:46:26.835Z"}
{"level":"info","message":"📤 Published ride request RIDE-1746431186801-a47tf8wdw to Kafka","timestamp":"2025-05-05T07:46:26.965Z"}
{"level":"info","message":"🔎 ML response payload:","predicted_fare":55.47,"timestamp":"2025-05-05T07:46:29.714Z"}
{"level":"info","message":"🔎 ML response payload:","predicted_fare":53.58,"timestamp":"2025-05-05T07:46:29.715Z"}
{"level":"info","message":"🔎 ML response payload:","predicted_fare":17.15,"timestamp":"2025-05-05T07:46:29.715Z"}
{"level":"info","message":"📤 Published ride request RIDE-1746431189709-53vvondy6 to Kafka","timestamp":"2025-05-05T07:46:29.794Z"}
{"level":"info","message":"📤 Published ride request RIDE-1746431189711-kb2va0jda to Kafka","timestamp":"2025-05-05T07:46:29.796Z"}
{"level":"info","message":"📤 Published ride request RIDE-1746431189710-iobj78sjh to Kafka","timestamp":"2025-05-05T07:46:29.798Z"}
{"level":"info","message":"🔎 ML response payload:","predicted_fare":25.36,"timestamp":"2025-05-05T07:46:38.585Z"}
{"level":"info","message":"🔎 ML response payload:","predicted_fare":14.05,"timestamp":"2025-05-05T07:46:38.587Z"}
{"level":"info","message":"🔎 ML response payload:","predicted_fare":23.22,"timestamp":"2025-05-05T07:46:38.587Z"}
{"level":"info","message":"🔎 ML response payload:","predicted_fare":13.54,"timestamp":"2025-05-05T07:46:38.588Z"}
{"level":"info","message":"🔎 ML response payload:","predicted_fare":36.65,"timestamp":"2025-05-05T07:46:38.588Z"}
{"level":"info","message":"🔎 ML response payload:","predicted_fare":3.98,"timestamp":"2025-05-05T07:46:38.590Z"}
{"level":"info","message":"🔎 ML response payload:","predicted_fare":35.58,"timestamp":"2025-05-05T07:46:38.591Z"}
{"level":"info","message":"🔎 ML response payload:","predicted_fare":42.92,"timestamp":"2025-05-05T07:46:38.592Z"}
{"level":"info","message":"🔎 ML response payload:","predicted_fare":26.6,"timestamp":"2025-05-05T07:46:38.592Z"}
{"level":"info","message":"🔎 ML response payload:","predicted_fare":31.95,"timestamp":"2025-05-05T07:46:38.592Z"}
{"level":"info","message":"📤 Published ride request RIDE-1746431198576-upaslh5ya to Kafka","timestamp":"2025-05-05T07:46:38.672Z"}
{"level":"info","message":"📤 Published ride request RIDE-1746431198577-sckhb8umv to Kafka","timestamp":"2025-05-05T07:46:38.673Z"}
{"level":"info","message":"📤 Published ride request RIDE-1746431198577-ipv9tmcoc to Kafka","timestamp":"2025-05-05T07:46:38.677Z"}
{"level":"info","message":"📤 Published ride request RIDE-1746431198578-qvcolh8bj to Kafka","timestamp":"2025-05-05T07:46:38.680Z"}
{"level":"info","message":"📤 Published ride request RIDE-1746431198578-0rx2h3eqz to Kafka","timestamp":"2025-05-05T07:46:38.683Z"}
{"level":"info","message":"📤 Published ride request RIDE-1746431198579-z9ui6d8yt to Kafka","timestamp":"2025-05-05T07:46:38.684Z"}
{"level":"info","message":"📤 Published ride request RIDE-1746431198578-wtbeaecwu to Kafka","timestamp":"2025-05-05T07:46:38.687Z"}
{"level":"info","message":"📤 Published ride request RIDE-1746431198579-z0mmihike to Kafka","timestamp":"2025-05-05T07:46:38.688Z"}
{"level":"info","message":"📤 Published ride request RIDE-1746431198580-jb67r6hqb to Kafka","timestamp":"2025-05-05T07:46:38.689Z"}
{"level":"info","message":"📤 Published ride request RIDE-1746431198579-g2kx0m5dv to Kafka","timestamp":"2025-05-05T07:46:38.690Z"}
{"level":"info","message":"🔎 ML response payload:","predicted_fare":22.49,"timestamp":"2025-05-05T07:46:56.406Z"}
{"level":"info","message":"🔎 ML response payload:","predicted_fare":17.9,"timestamp":"2025-05-05T07:46:56.407Z"}
{"level":"info","message":"🔎 ML response payload:","predicted_fare":46.83,"timestamp":"2025-05-05T07:46:56.409Z"}
{"level":"info","message":"🔎 ML response payload:","predicted_fare":53.95,"timestamp":"2025-05-05T07:46:56.409Z"}
{"level":"info","message":"🔎 ML response payload:","predicted_fare":52.66,"timestamp":"2025-05-05T07:46:56.411Z"}
{"level":"info","message":"🔎 ML response payload:","predicted_fare":18.16,"timestamp":"2025-05-05T07:46:56.412Z"}
{"level":"info","message":"🔎 ML response payload:","predicted_fare":63.96,"timestamp":"2025-05-05T07:46:56.413Z"}
{"level":"info","message":"🔎 ML response payload:","predicted_fare":29.45,"timestamp":"2025-05-05T07:46:56.414Z"}
{"level":"info","message":"🔎 ML response payload:","predicted_fare":29.31,"timestamp":"2025-05-05T07:46:56.414Z"}
{"level":"info","message":"🔎 ML response payload:","predicted_fare":28.09,"timestamp":"2025-05-05T07:46:56.415Z"}
{"level":"info","message":"🔎 ML response payload:","predicted_fare":4.19,"timestamp":"2025-05-05T07:46:56.417Z"}
{"level":"info","message":"🔎 ML response payload:","predicted_fare":22.45,"timestamp":"2025-05-05T07:46:56.418Z"}
{"level":"info","message":"🔎 ML response payload:","predicted_fare":24.72,"timestamp":"2025-05-05T07:46:56.423Z"}
{"level":"info","message":"🔎 ML response payload:","predicted_fare":29.38,"timestamp":"2025-05-05T07:46:56.424Z"}
{"level":"info","message":"🔎 ML response payload:","predicted_fare":25.59,"timestamp":"2025-05-05T07:46:56.425Z"}
{"level":"info","message":"🔎 ML response payload:","predicted_fare":20.12,"timestamp":"2025-05-05T07:46:56.427Z"}
{"level":"info","message":"🔎 ML response payload:","predicted_fare":42.45,"timestamp":"2025-05-05T07:46:56.431Z"}
{"level":"info","message":"🔎 ML response payload:","predicted_fare":85.96,"timestamp":"2025-05-05T07:46:56.431Z"}
{"level":"info","message":"🔎 ML response payload:","predicted_fare":25.17,"timestamp":"2025-05-05T07:46:56.435Z"}
{"level":"info","message":"🔎 ML response payload:","predicted_fare":38.72,"timestamp":"2025-05-05T07:46:56.436Z"}
{"level":"info","message":"🔎 ML response payload:","predicted_fare":22.02,"timestamp":"2025-05-05T07:46:56.438Z"}
{"level":"info","message":"🔎 ML response payload:","predicted_fare":64.92,"timestamp":"2025-05-05T07:46:56.438Z"}
{"level":"info","message":"🔎 ML response payload:","predicted_fare":50.84,"timestamp":"2025-05-05T07:46:56.440Z"}
{"level":"info","message":"🔎 ML response payload:","predicted_fare":35.44,"timestamp":"2025-05-05T07:46:56.442Z"}
{"level":"info","message":"🔎 ML response payload:","predicted_fare":5.88,"timestamp":"2025-05-05T07:46:56.442Z"}
{"level":"info","message":"🔎 ML response payload:","predicted_fare":29.91,"timestamp":"2025-05-05T07:46:56.443Z"}
{"level":"info","message":"🔎 ML response payload:","predicted_fare":37.84,"timestamp":"2025-05-05T07:46:56.443Z"}
{"level":"info","message":"🔎 ML response payload:","predicted_fare":19.6,"timestamp":"2025-05-05T07:46:56.444Z"}
{"level":"info","message":"🔎 ML response payload:","predicted_fare":34.89,"timestamp":"2025-05-05T07:46:56.444Z"}
{"level":"info","message":"📤 Published ride request RIDE-1746431216389-c0ih4rlij to Kafka","timestamp":"2025-05-05T07:46:56.488Z"}
{"level":"info","message":"📤 Published ride request RIDE-1746431216393-z25jp41qi to Kafka","timestamp":"2025-05-05T07:46:56.489Z"}
{"level":"info","message":"📤 Published ride request RIDE-1746431216394-qffljie6m to Kafka","timestamp":"2025-05-05T07:46:56.490Z"}
{"level":"info","message":"📤 Published ride request RIDE-1746431216394-oymprzvuu to Kafka","timestamp":"2025-05-05T07:46:56.492Z"}
{"level":"info","message":"📤 Published ride request RIDE-1746431216395-0i55kka8q to Kafka","timestamp":"2025-05-05T07:46:56.502Z"}
{"level":"info","message":"📤 Published ride request RIDE-1746431216397-6ayxefdh7 to Kafka","timestamp":"2025-05-05T07:46:56.503Z"}
{"level":"info","message":"📤 Published ride request RIDE-1746431216396-12ni1sjd0 to Kafka","timestamp":"2025-05-05T07:46:56.503Z"}
{"level":"info","message":"📤 Published ride request RIDE-1746431216408-h0xd94ksj to Kafka","timestamp":"2025-05-05T07:46:56.505Z"}
{"level":"info","message":"📤 Published ride request RIDE-1746431216401-1j4eeec5g to Kafka","timestamp":"2025-05-05T07:46:56.505Z"}
{"level":"info","message":"📤 Published ride request RIDE-1746431216410-2fvpfhwql to Kafka","timestamp":"2025-05-05T07:46:56.506Z"}
{"level":"info","message":"📤 Published ride request RIDE-1746431216413-dpdc6ig4z to Kafka","timestamp":"2025-05-05T07:46:56.506Z"}
{"level":"info","message":"📤 Published ride request RIDE-1746431216402-1tl6g3gxw to Kafka","timestamp":"2025-05-05T07:46:56.561Z"}
{"level":"info","message":"📤 Published ride request RIDE-1746431216402-umzovgg60 to Kafka","timestamp":"2025-05-05T07:46:56.562Z"}
{"level":"info","message":"📤 Published ride request RIDE-1746431216405-pi5021jdm to Kafka","timestamp":"2025-05-05T07:46:56.563Z"}
{"level":"info","message":"📤 Published ride request RIDE-1746431216416-dj3re0525 to Kafka","timestamp":"2025-05-05T07:46:56.565Z"}
{"level":"info","message":"📤 Published ride request RIDE-1746431216427-xrt488lii to Kafka","timestamp":"2025-05-05T07:46:56.567Z"}
{"level":"info","message":"📤 Published ride request RIDE-1746431216417-5imfgamq9 to Kafka","timestamp":"2025-05-05T07:46:56.568Z"}
{"level":"info","message":"📤 Published ride request RIDE-1746431216420-a4l5xukjo to Kafka","timestamp":"2025-05-05T07:46:56.576Z"}
{"level":"info","message":"📤 Published ride request RIDE-1746431216426-9zv2tuqwy to Kafka","timestamp":"2025-05-05T07:46:56.577Z"}
{"level":"info","message":"📤 Published ride request RIDE-1746431216433-mwezbocr9 to Kafka","timestamp":"2025-05-05T07:46:56.579Z"}
{"level":"info","message":"📤 Published ride request RIDE-1746431216421-rgy0wjfof to Kafka","timestamp":"2025-05-05T07:46:56.580Z"}
{"level":"info","message":"📤 Published ride request RIDE-1746431216437-13z95hier to Kafka","timestamp":"2025-05-05T07:46:56.581Z"}
{"level":"info","message":"📤 Published ride request RIDE-1746431216431-7ddogpwo8 to Kafka","timestamp":"2025-05-05T07:46:56.635Z"}
{"level":"info","message":"📤 Published ride request RIDE-1746431216430-txenvpz6p to Kafka","timestamp":"2025-05-05T07:46:56.637Z"}
{"level":"info","message":"📤 Published ride request RIDE-1746431216422-jruzr4dq6 to Kafka","timestamp":"2025-05-05T07:46:56.638Z"}
{"level":"info","message":"📤 Published ride request RIDE-1746431216429-4pqz1mf29 to Kafka","timestamp":"2025-05-05T07:46:56.642Z"}
{"level":"info","message":"📤 Published ride request RIDE-1746431216439-odxhi2k1p to Kafka","timestamp":"2025-05-05T07:46:56.643Z"}
{"level":"info","message":"📤 Published ride request RIDE-1746431216415-v8uk5qtul to Kafka","timestamp":"2025-05-05T07:46:56.920Z"}
{"level":"info","message":"📤 Published ride request RIDE-1746431216404-c86fxaws6 to Kafka","timestamp":"2025-05-05T07:46:56.940Z"}
{"level":"info","message":"🔎 ML response payload:","predicted_fare":40.03,"timestamp":"2025-05-05T07:47:07.271Z"}
{"level":"info","message":"📤 Published ride request RIDE-1746431227268-gi4euwam4 to Kafka","timestamp":"2025-05-05T07:47:07.352Z"}
{"level":"info","message":"🔎 ML response payload:","predicted_fare":38.64,"timestamp":"2025-05-05T07:47:09.466Z"}
{"level":"info","message":"🔎 ML response payload:","predicted_fare":13.65,"timestamp":"2025-05-05T07:47:09.470Z"}
{"level":"info","message":"🔎 ML response payload:","predicted_fare":39.31,"timestamp":"2025-05-05T07:47:09.472Z"}
{"level":"info","message":"🔎 ML response payload:","predicted_fare":52.24,"timestamp":"2025-05-05T07:47:09.473Z"}
{"level":"info","message":"🔎 ML response payload:","predicted_fare":5.99,"timestamp":"2025-05-05T07:47:09.474Z"}
{"level":"info","message":"🔎 ML response payload:","predicted_fare":79.61,"timestamp":"2025-05-05T07:47:09.475Z"}
{"level":"info","message":"🔎 ML response payload:","predicted_fare":31.06,"timestamp":"2025-05-05T07:47:09.476Z"}
{"level":"info","message":"🔎 ML response payload:","predicted_fare":10.84,"timestamp":"2025-05-05T07:47:09.476Z"}
{"level":"info","message":"🔎 ML response payload:","predicted_fare":89.09,"timestamp":"2025-05-05T07:47:09.476Z"}
{"level":"info","message":"🔎 ML response payload:","predicted_fare":17.93,"timestamp":"2025-05-05T07:47:09.478Z"}
{"level":"info","message":"🔎 ML response payload:","predicted_fare":28.62,"timestamp":"2025-05-05T07:47:09.479Z"}
{"level":"info","message":"🔎 ML response payload:","predicted_fare":6.29,"timestamp":"2025-05-05T07:47:09.480Z"}
{"level":"info","message":"🔎 ML response payload:","predicted_fare":22.13,"timestamp":"2025-05-05T07:47:09.480Z"}
{"level":"info","message":"🔎 ML response payload:","predicted_fare":30.21,"timestamp":"2025-05-05T07:47:09.481Z"}
{"level":"info","message":"🔎 ML response payload:","predicted_fare":9.24,"timestamp":"2025-05-05T07:47:09.481Z"}
{"level":"info","message":"🔎 ML response payload:","predicted_fare":36.27,"timestamp":"2025-05-05T07:47:09.483Z"}
{"level":"info","message":"🔎 ML response payload:","predicted_fare":34.07,"timestamp":"2025-05-05T07:47:09.484Z"}
{"level":"info","message":"🔎 ML response payload:","predicted_fare":70.2,"timestamp":"2025-05-05T07:47:09.486Z"}
{"level":"info","message":"🔎 ML response payload:","predicted_fare":11.46,"timestamp":"2025-05-05T07:47:09.487Z"}
{"level":"info","message":"🔎 ML response payload:","predicted_fare":55.94,"timestamp":"2025-05-05T07:47:09.487Z"}
{"level":"info","message":"🔎 ML response payload:","predicted_fare":94.61,"timestamp":"2025-05-05T07:47:09.488Z"}
{"level":"info","message":"🔎 ML response payload:","predicted_fare":24.19,"timestamp":"2025-05-05T07:47:09.488Z"}
{"level":"info","message":"🔎 ML response payload:","predicted_fare":15.19,"timestamp":"2025-05-05T07:47:09.489Z"}
{"level":"info","message":"🔎 ML response payload:","predicted_fare":17.39,"timestamp":"2025-05-05T07:47:09.492Z"}
{"level":"info","message":"🔎 ML response payload:","predicted_fare":32.64,"timestamp":"2025-05-05T07:47:09.493Z"}
{"level":"info","message":"🔎 ML response payload:","predicted_fare":73.75,"timestamp":"2025-05-05T07:47:09.493Z"}
{"level":"info","message":"🔎 ML response payload:","predicted_fare":38.92,"timestamp":"2025-05-05T07:47:09.494Z"}
{"level":"info","message":"🔎 ML response payload:","predicted_fare":50.67,"timestamp":"2025-05-05T07:47:09.495Z"}
{"level":"info","message":"🔎 ML response payload:","predicted_fare":46.4,"timestamp":"2025-05-05T07:47:09.499Z"}
{"level":"info","message":"🔎 ML response payload:","predicted_fare":55.8,"timestamp":"2025-05-05T07:47:09.502Z"}
{"level":"info","message":"🔎 ML response payload:","predicted_fare":31.08,"timestamp":"2025-05-05T07:47:09.503Z"}
{"level":"info","message":"🔎 ML response payload:","predicted_fare":25.54,"timestamp":"2025-05-05T07:47:09.504Z"}
{"level":"info","message":"🔎 ML response payload:","predicted_fare":25.21,"timestamp":"2025-05-05T07:47:09.504Z"}
{"level":"info","message":"🔎 ML response payload:","predicted_fare":52.75,"timestamp":"2025-05-05T07:47:09.505Z"}
{"level":"info","message":"🔎 ML response payload:","predicted_fare":18.87,"timestamp":"2025-05-05T07:47:09.505Z"}
{"level":"info","message":"🔎 ML response payload:","predicted_fare":50.06,"timestamp":"2025-05-05T07:47:09.505Z"}
{"level":"info","message":"🔎 ML response payload:","predicted_fare":41.22,"timestamp":"2025-05-05T07:47:09.505Z"}
{"level":"info","message":"🔎 ML response payload:","predicted_fare":57.98,"timestamp":"2025-05-05T07:47:09.506Z"}
{"level":"info","message":"🔎 ML response payload:","predicted_fare":39.08,"timestamp":"2025-05-05T07:47:09.507Z"}
{"level":"info","message":"🔎 ML response payload:","predicted_fare":47.94,"timestamp":"2025-05-05T07:47:09.507Z"}
{"level":"info","message":"🔎 ML response payload:","predicted_fare":22.11,"timestamp":"2025-05-05T07:47:09.507Z"}
{"level":"info","message":"🔎 ML response payload:","predicted_fare":22.28,"timestamp":"2025-05-05T07:47:09.508Z"}
{"level":"info","message":"📤 Published ride request RIDE-1746431229458-7rcfz00ws to Kafka","timestamp":"2025-05-05T07:47:09.550Z"}
{"level":"info","message":"📤 Published ride request RIDE-1746431229458-i23otc50r to Kafka","timestamp":"2025-05-05T07:47:09.551Z"}
{"level":"info","message":"📤 Published ride request RIDE-1746431229457-jz45h6rfe to Kafka","timestamp":"2025-05-05T07:47:09.553Z"}
{"level":"info","message":"📤 Published ride request RIDE-1746431229459-ddof2bfyg to Kafka","timestamp":"2025-05-05T07:47:09.554Z"}
{"level":"info","message":"📤 Published ride request RIDE-1746431229462-yqtcgab6r to Kafka","timestamp":"2025-05-05T07:47:09.556Z"}
{"level":"info","message":"📤 Published ride request RIDE-1746431229460-rj891iidu to Kafka","timestamp":"2025-05-05T07:47:09.558Z"}
{"level":"info","message":"📤 Published ride request RIDE-1746431229460-aeo315rs0 to Kafka","timestamp":"2025-05-05T07:47:09.559Z"}
{"level":"info","message":"📤 Published ride request RIDE-1746431229461-5z6o2io2m to Kafka","timestamp":"2025-05-05T07:47:09.561Z"}
{"level":"info","message":"📤 Published ride request RIDE-1746431229467-hgjo359ch to Kafka","timestamp":"2025-05-05T07:47:09.563Z"}
{"level":"info","message":"📤 Published ride request RIDE-1746431229465-vgw2zw9ce to Kafka","timestamp":"2025-05-05T07:47:09.564Z"}
{"level":"info","message":"📤 Published ride request RIDE-1746431229463-8qxe96duf to Kafka","timestamp":"2025-05-05T07:47:09.566Z"}
{"level":"info","message":"📤 Published ride request RIDE-1746431229468-f49o4nsxq to Kafka","timestamp":"2025-05-05T07:47:09.567Z"}
{"level":"info","message":"📤 Published ride request RIDE-1746431229461-d7du4phoi to Kafka","timestamp":"2025-05-05T07:47:09.568Z"}
{"level":"info","message":"📤 Published ride request RIDE-1746431229471-43yjc85vv to Kafka","timestamp":"2025-05-05T07:47:09.624Z"}
{"level":"info","message":"📤 Published ride request RIDE-1746431229480-y3lu2k36i to Kafka","timestamp":"2025-05-05T07:47:09.626Z"}
{"level":"info","message":"📤 Published ride request RIDE-1746431229473-tdzgwm7p1 to Kafka","timestamp":"2025-05-05T07:47:09.627Z"}
{"level":"info","message":"📤 Published ride request RIDE-1746431229470-u3bgp12du to Kafka","timestamp":"2025-05-05T07:47:09.629Z"}
{"level":"info","message":"📤 Published ride request RIDE-1746431229475-haaggm0vf to Kafka","timestamp":"2025-05-05T07:47:09.631Z"}
{"level":"info","message":"📤 Published ride request RIDE-1746431229482-upcy1xmof to Kafka","timestamp":"2025-05-05T07:47:09.635Z"}
{"level":"info","message":"📤 Published ride request RIDE-1746431229469-lebnodydg to Kafka","timestamp":"2025-05-05T07:47:09.636Z"}
{"level":"info","message":"📤 Published ride request RIDE-1746431229483-7kz18hpmm to Kafka","timestamp":"2025-05-05T07:47:09.637Z"}
{"level":"info","message":"📤 Published ride request RIDE-1746431229477-qwv7w3nn7 to Kafka","timestamp":"2025-05-05T07:47:09.638Z"}
{"level":"info","message":"📤 Published ride request RIDE-1746431229488-i9cejvs6h to Kafka","timestamp":"2025-05-05T07:47:09.644Z"}
{"level":"info","message":"📤 Published ride request RIDE-1746431229489-xh7chfzyd to Kafka","timestamp":"2025-05-05T07:47:09.645Z"}
{"level":"info","message":"📤 Published ride request RIDE-1746431229490-nxvh6ify1 to Kafka","timestamp":"2025-05-05T07:47:09.645Z"}
{"level":"info","message":"📤 Published ride request RIDE-1746431229485-o5ggrhpxu to Kafka","timestamp":"2025-05-05T07:47:09.646Z"}
{"level":"info","message":"🔎 ML response payload:","predicted_fare":30.35,"timestamp":"2025-05-05T07:47:09.695Z"}
{"level":"info","message":"🔎 ML response payload:","predicted_fare":13.37,"timestamp":"2025-05-05T07:47:09.697Z"}
{"level":"info","message":"🔎 ML response payload:","predicted_fare":23.92,"timestamp":"2025-05-05T07:47:09.698Z"}
{"level":"info","message":"🔎 ML response payload:","predicted_fare":16.42,"timestamp":"2025-05-05T07:47:09.701Z"}
{"level":"info","message":"🔎 ML response payload:","predicted_fare":37.98,"timestamp":"2025-05-05T07:47:09.701Z"}
{"level":"info","message":"📤 Published ride request RIDE-1746431229486-m6kvwruwy to Kafka","timestamp":"2025-05-05T07:47:09.702Z"}
{"level":"info","message":"📤 Published ride request RIDE-1746431229493-q915jlw9q to Kafka","timestamp":"2025-05-05T07:47:09.704Z"}
{"level":"info","message":"🔎 ML response payload:","predicted_fare":10.96,"timestamp":"2025-05-05T07:47:09.705Z"}
{"level":"info","message":"🔎 ML response payload:","predicted_fare":13.13,"timestamp":"2025-05-05T07:47:09.705Z"}
{"level":"info","message":"🔎 ML response payload:","predicted_fare":36.03,"timestamp":"2025-05-05T07:47:09.706Z"}
{"level":"info","message":"🔎 ML response payload:","predicted_fare":6.68,"timestamp":"2025-05-05T07:47:09.707Z"}
{"level":"info","message":"🔎 ML response payload:","predicted_fare":67.6,"timestamp":"2025-05-05T07:47:09.707Z"}
{"level":"info","message":"📤 Published ride request RIDE-1746431229490-got79fstk to Kafka","timestamp":"2025-05-05T07:47:09.708Z"}
{"level":"info","message":"🔎 ML response payload:","predicted_fare":29.3,"timestamp":"2025-05-05T07:47:09.708Z"}
{"level":"info","message":"📤 Published ride request RIDE-1746431229486-f2zldhufm to Kafka","timestamp":"2025-05-05T07:47:09.709Z"}
{"level":"info","message":"🔎 ML response payload:","predicted_fare":14.41,"timestamp":"2025-05-05T07:47:09.710Z"}
{"level":"info","message":"📤 Published ride request RIDE-1746431229490-tp23hgoh0 to Kafka","timestamp":"2025-05-05T07:47:09.714Z"}
{"level":"info","message":"📤 Published ride request RIDE-1746431229494-5tfgwxkn7 to Kafka","timestamp":"2025-05-05T07:47:09.716Z"}
{"level":"info","message":"📤 Published ride request RIDE-1746431229491-ht9k5hixy to Kafka","timestamp":"2025-05-05T07:47:09.717Z"}
{"level":"info","message":"📤 Published ride request RIDE-1746431229494-uxkgzoll9 to Kafka","timestamp":"2025-05-05T07:47:09.719Z"}
{"level":"info","message":"📤 Published ride request RIDE-1746431229491-kqj09i9h2 to Kafka","timestamp":"2025-05-05T07:47:09.719Z"}
{"level":"info","message":"📤 Published ride request RIDE-1746431229495-ysi1f5i1n to Kafka","timestamp":"2025-05-05T07:47:09.722Z"}
{"level":"info","message":"📤 Published ride request RIDE-1746431229498-eo0r5j9xo to Kafka","timestamp":"2025-05-05T07:47:09.722Z"}
{"level":"info","message":"📤 Published ride request RIDE-1746431229491-3672lb9en to Kafka","timestamp":"2025-05-05T07:47:09.723Z"}
{"level":"info","message":"📤 Published ride request RIDE-1746431229498-z32iiugd7 to Kafka","timestamp":"2025-05-05T07:47:09.725Z"}
{"level":"info","message":"📤 Published ride request RIDE-1746431229497-9okelajmu to Kafka","timestamp":"2025-05-05T07:47:09.773Z"}
{"level":"info","message":"📤 Published ride request RIDE-1746431229692-x05pgb6ty to Kafka","timestamp":"2025-05-05T07:47:09.775Z"}
{"level":"info","message":"📤 Published ride request RIDE-1746431229695-2qsnf0zd6 to Kafka","timestamp":"2025-05-05T07:47:09.781Z"}
{"level":"info","message":"📤 Published ride request RIDE-1746431229698-7dfzpp6fv to Kafka","timestamp":"2025-05-05T07:47:09.784Z"}
{"level":"info","message":"📤 Published ride request RIDE-1746431229697-tyukdkvc3 to Kafka","timestamp":"2025-05-05T07:47:09.787Z"}
{"level":"info","message":"📤 Published ride request RIDE-1746431229693-zw4zgnmdg to Kafka","timestamp":"2025-05-05T07:47:09.788Z"}
{"level":"info","message":"📤 Published ride request RIDE-1746431229699-n6nm7fiqm to Kafka","timestamp":"2025-05-05T07:47:09.789Z"}
{"level":"info","message":"📤 Published ride request RIDE-1746431229699-g9irsdbgp to Kafka","timestamp":"2025-05-05T07:47:09.792Z"}
{"level":"info","message":"📤 Published ride request RIDE-1746431229699-gytzpzaa3 to Kafka","timestamp":"2025-05-05T07:47:09.792Z"}
{"level":"info","message":"📤 Published ride request RIDE-1746431229701-5r11vrdai to Kafka","timestamp":"2025-05-05T07:47:09.798Z"}
{"level":"info","message":"📤 Published ride request RIDE-1746431229702-764yb190b to Kafka","timestamp":"2025-05-05T07:47:09.800Z"}
{"level":"info","message":"📤 Published ride request RIDE-1746431229700-lesc0uo0d to Kafka","timestamp":"2025-05-05T07:47:09.801Z"}
{"level":"info","message":"📤 Published ride request RIDE-1746431229700-zy83rajd5 to Kafka","timestamp":"2025-05-05T07:47:09.803Z"}
{"level":"info","message":"📤 Published ride request RIDE-1746431229474-mf51hfdq5 to Kafka","timestamp":"2025-05-05T07:47:09.971Z"}
{"level":"info","message":"📤 Published ride request RIDE-1746431229469-oh87v0is0 to Kafka","timestamp":"2025-05-05T07:47:09.976Z"}
{"level":"info","message":"🔎 ML response payload:","predicted_fare":52.23,"timestamp":"2025-05-05T07:47:10.219Z"}
{"level":"info","message":"🔎 ML response payload:","predicted_fare":32.37,"timestamp":"2025-05-05T07:47:10.220Z"}
{"level":"info","message":"📤 Published ride request RIDE-1746431230217-q81b1iety to Kafka","timestamp":"2025-05-05T07:47:10.297Z"}
{"level":"info","message":"📤 Published ride request RIDE-1746431230217-srgzbmdqx to Kafka","timestamp":"2025-05-05T07:47:10.304Z"}
{"level":"info","message":"🔎 ML response payload:","predicted_fare":22.16,"timestamp":"2025-05-05T07:53:54.535Z"}
{"level":"info","message":"📤 Published ride request RIDE-1746431634523-9yai9ensm to Kafka","timestamp":"2025-05-05T07:53:54.658Z"}
{"level":"info","message":"🔎 ML response payload:","predicted_fare":27.59,"timestamp":"2025-05-05T07:53:55.205Z"}
{"level":"info","message":"🔎 ML response payload:","predicted_fare":43.47,"timestamp":"2025-05-05T07:53:55.247Z"}
{"level":"info","message":"🔎 ML response payload:","predicted_fare":30.7,"timestamp":"2025-05-05T07:53:55.247Z"}
{"level":"info","message":"📤 Published ride request RIDE-1746431635203-btm0ub2ic to Kafka","timestamp":"2025-05-05T07:53:55.288Z"}
{"level":"info","message":"📤 Published ride request RIDE-1746431635244-edryky7cv to Kafka","timestamp":"2025-05-05T07:53:55.326Z"}
{"level":"info","message":"📤 Published ride request RIDE-1746431635245-3tv75m3mk to Kafka","timestamp":"2025-05-05T07:53:55.329Z"}
{"level":"info","message":"🔎 ML response payload:","predicted_fare":17.49,"timestamp":"2025-05-05T07:53:56.944Z"}
{"level":"info","message":"📤 Published ride request RIDE-1746431636942-g8c0cx7aa to Kafka","timestamp":"2025-05-05T07:53:57.027Z"}
{"level":"info","message":"🔎 ML response payload:","predicted_fare":68.17,"timestamp":"2025-05-05T07:53:57.042Z"}
{"level":"info","message":"🔎 ML response payload:","predicted_fare":21,"timestamp":"2025-05-05T07:53:57.043Z"}
{"level":"info","message":"🔎 ML response payload:","predicted_fare":19.26,"timestamp":"2025-05-05T07:53:57.044Z"}
{"level":"info","message":"🔎 ML response payload:","predicted_fare":34.25,"timestamp":"2025-05-05T07:53:57.044Z"}
{"level":"info","message":"🔎 ML response payload:","predicted_fare":16.68,"timestamp":"2025-05-05T07:53:57.046Z"}
{"level":"info","message":"🔎 ML response payload:","predicted_fare":48.44,"timestamp":"2025-05-05T07:53:57.046Z"}
{"level":"info","message":"🔎 ML response payload:","predicted_fare":44.93,"timestamp":"2025-05-05T07:53:57.047Z"}
{"level":"info","message":"📤 Published ride request RIDE-1746431637040-73g6sbbhd to Kafka","timestamp":"2025-05-05T07:53:57.122Z"}
{"level":"info","message":"📤 Published ride request RIDE-1746431637039-ns8vlksie to Kafka","timestamp":"2025-05-05T07:53:57.129Z"}
{"level":"info","message":"📤 Published ride request RIDE-1746431637039-eys78vtun to Kafka","timestamp":"2025-05-05T07:53:57.130Z"}
{"level":"info","message":"📤 Published ride request RIDE-1746431637040-toj9ezykg to Kafka","timestamp":"2025-05-05T07:53:57.132Z"}
{"level":"info","message":"📤 Published ride request RIDE-1746431637040-27ilsjcbo to Kafka","timestamp":"2025-05-05T07:53:57.134Z"}
{"level":"info","message":"📤 Published ride request RIDE-1746431637041-wvx3d0tk6 to Kafka","timestamp":"2025-05-05T07:53:57.135Z"}
{"level":"info","message":"📤 Published ride request RIDE-1746431637040-2ef9pslq7 to Kafka","timestamp":"2025-05-05T07:53:57.135Z"}
{"level":"info","message":"🔎 ML response payload:","predicted_fare":29.65,"timestamp":"2025-05-05T07:54:00.764Z"}
{"level":"info","message":"📤 Published ride request RIDE-1746431640762-ztgriiswe to Kafka","timestamp":"2025-05-05T07:54:00.843Z"}
{"level":"info","message":"🔎 ML response payload:","predicted_fare":16.08,"timestamp":"2025-05-05T07:54:01.035Z"}
{"level":"info","message":"🔎 ML response payload:","predicted_fare":34.31,"timestamp":"2025-05-05T07:54:01.036Z"}
{"level":"info","message":"🔎 ML response payload:","predicted_fare":25.29,"timestamp":"2025-05-05T07:54:01.040Z"}
{"level":"info","message":"🔎 ML response payload:","predicted_fare":34.56,"timestamp":"2025-05-05T07:54:01.041Z"}
{"level":"info","message":"🔎 ML response payload:","predicted_fare":27.08,"timestamp":"2025-05-05T07:54:01.042Z"}
{"level":"info","message":"🔎 ML response payload:","predicted_fare":18.26,"timestamp":"2025-05-05T07:54:01.044Z"}
{"level":"info","message":"🔎 ML response payload:","predicted_fare":31.08,"timestamp":"2025-05-05T07:54:01.045Z"}
{"level":"info","message":"🔎 ML response payload:","predicted_fare":20.55,"timestamp":"2025-05-05T07:54:01.045Z"}
{"level":"info","message":"🔎 ML response payload:","predicted_fare":28.98,"timestamp":"2025-05-05T07:54:01.047Z"}
{"level":"info","message":"🔎 ML response payload:","predicted_fare":17.93,"timestamp":"2025-05-05T07:54:01.048Z"}
{"level":"info","message":"🔎 ML response payload:","predicted_fare":24.25,"timestamp":"2025-05-05T07:54:01.049Z"}
{"level":"info","message":"🔎 ML response payload:","predicted_fare":49.42,"timestamp":"2025-05-05T07:54:01.049Z"}
{"level":"info","message":"🔎 ML response payload:","predicted_fare":9.48,"timestamp":"2025-05-05T07:54:01.050Z"}
{"level":"info","message":"🔎 ML response payload:","predicted_fare":21.93,"timestamp":"2025-05-05T07:54:01.050Z"}
{"level":"info","message":"🔎 ML response payload:","predicted_fare":42.41,"timestamp":"2025-05-05T07:54:01.051Z"}
{"level":"info","message":"🔎 ML response payload:","predicted_fare":15.65,"timestamp":"2025-05-05T07:54:01.051Z"}
{"level":"info","message":"🔎 ML response payload:","predicted_fare":9.99,"timestamp":"2025-05-05T07:54:01.052Z"}
{"level":"info","message":"📤 Published ride request RIDE-1746431641031-1cct92qsf to Kafka","timestamp":"2025-05-05T07:54:01.112Z"}
{"level":"info","message":"📤 Published ride request RIDE-1746431641032-t5d9sr80h to Kafka","timestamp":"2025-05-05T07:54:01.115Z"}
{"level":"info","message":"📤 Published ride request RIDE-1746431641033-kw5d6mv0s to Kafka","timestamp":"2025-05-05T07:54:01.118Z"}
{"level":"info","message":"📤 Published ride request RIDE-1746431641032-vjxkgdk55 to Kafka","timestamp":"2025-05-05T07:54:01.119Z"}
{"level":"info","message":"📤 Published ride request RIDE-1746431641038-dhyki9oi5 to Kafka","timestamp":"2025-05-05T07:54:01.141Z"}
{"level":"info","message":"📤 Published ride request RIDE-1746431641034-megdsw0ye to Kafka","timestamp":"2025-05-05T07:54:01.142Z"}
{"level":"info","message":"📤 Published ride request RIDE-1746431641045-1xevuo7qg to Kafka","timestamp":"2025-05-05T07:54:01.143Z"}
{"level":"info","message":"📤 Published ride request RIDE-1746431641037-pedz8pnzk to Kafka","timestamp":"2025-05-05T07:54:01.145Z"}
{"level":"info","message":"📤 Published ride request RIDE-1746431641042-7avll8k5f to Kafka","timestamp":"2025-05-05T07:54:01.147Z"}
{"level":"info","message":"📤 Published ride request RIDE-1746431641039-4q4ojexmr to Kafka","timestamp":"2025-05-05T07:54:01.148Z"}
{"level":"info","message":"📤 Published ride request RIDE-1746431641036-2i01fygzc to Kafka","timestamp":"2025-05-05T07:54:01.150Z"}
{"level":"info","message":"📤 Published ride request RIDE-1746431641042-xwj185uat to Kafka","timestamp":"2025-05-05T07:54:01.152Z"}
{"level":"info","message":"📤 Published ride request RIDE-1746431641034-vl9dy7m4j to Kafka","timestamp":"2025-05-05T07:54:01.153Z"}
{"level":"info","message":"📤 Published ride request RIDE-1746431641038-7y4ydmz5s to Kafka","timestamp":"2025-05-05T07:54:01.155Z"}
{"level":"info","message":"📤 Published ride request RIDE-1746431641040-etovj1ym1 to Kafka","timestamp":"2025-05-05T07:54:01.156Z"}
{"level":"info","message":"📤 Published ride request RIDE-1746431641044-t6cqxy4em to Kafka","timestamp":"2025-05-05T07:54:01.564Z"}
{"level":"info","message":"📤 Published ride request RIDE-1746431641046-qvs6c0k1a to Kafka","timestamp":"2025-05-05T07:54:01.577Z"}
{"level":"info","message":"🔎 ML response payload:","predicted_fare":48.81,"timestamp":"2025-05-05T07:54:09.207Z"}
{"level":"info","message":"📤 Published ride request RIDE-1746431649204-9d74zpjcy to Kafka","timestamp":"2025-05-05T07:54:09.288Z"}
{"level":"info","message":"🔎 ML response payload:","predicted_fare":68.86,"timestamp":"2025-05-05T07:54:09.869Z"}
{"level":"info","message":"🔎 ML response payload:","predicted_fare":20.08,"timestamp":"2025-05-05T07:54:09.873Z"}
{"level":"info","message":"🔎 ML response payload:","predicted_fare":12.78,"timestamp":"2025-05-05T07:54:09.880Z"}
{"level":"info","message":"🔎 ML response payload:","predicted_fare":5.23,"timestamp":"2025-05-05T07:54:09.882Z"}
{"level":"info","message":"🔎 ML response payload:","predicted_fare":16.19,"timestamp":"2025-05-05T07:54:09.883Z"}
{"level":"info","message":"🔎 ML response payload:","predicted_fare":40.14,"timestamp":"2025-05-05T07:54:09.885Z"}
{"level":"info","message":"🔎 ML response payload:","predicted_fare":24.29,"timestamp":"2025-05-05T07:54:09.886Z"}
{"level":"info","message":"🔎 ML response payload:","predicted_fare":43.87,"timestamp":"2025-05-05T07:54:09.887Z"}
{"level":"info","message":"🔎 ML response payload:","predicted_fare":22.06,"timestamp":"2025-05-05T07:54:09.888Z"}
{"level":"info","message":"🔎 ML response payload:","predicted_fare":39.95,"timestamp":"2025-05-05T07:54:09.889Z"}
{"level":"info","message":"🔎 ML response payload:","predicted_fare":26.2,"timestamp":"2025-05-05T07:54:09.890Z"}
{"level":"info","message":"🔎 ML response payload:","predicted_fare":29.9,"timestamp":"2025-05-05T07:54:09.891Z"}
{"level":"info","message":"🔎 ML response payload:","predicted_fare":23.98,"timestamp":"2025-05-05T07:54:09.892Z"}
{"level":"info","message":"🔎 ML response payload:","predicted_fare":62.09,"timestamp":"2025-05-05T07:54:09.894Z"}
{"level":"info","message":"🔎 ML response payload:","predicted_fare":82.11,"timestamp":"2025-05-05T07:54:09.897Z"}
{"level":"info","message":"🔎 ML response payload:","predicted_fare":24.47,"timestamp":"2025-05-05T07:54:09.898Z"}
{"level":"info","message":"🔎 ML response payload:","predicted_fare":34.2,"timestamp":"2025-05-05T07:54:09.898Z"}
{"level":"info","message":"🔎 ML response payload:","predicted_fare":29.34,"timestamp":"2025-05-05T07:54:09.902Z"}
{"level":"info","message":"🔎 ML response payload:","predicted_fare":21.11,"timestamp":"2025-05-05T07:54:09.903Z"}
{"level":"info","message":"🔎 ML response payload:","predicted_fare":3.4,"timestamp":"2025-05-05T07:54:09.904Z"}
{"level":"info","message":"🔎 ML response payload:","predicted_fare":41.96,"timestamp":"2025-05-05T07:54:09.905Z"}
{"level":"info","message":"🔎 ML response payload:","predicted_fare":64.01,"timestamp":"2025-05-05T07:54:09.906Z"}
{"level":"info","message":"🔎 ML response payload:","predicted_fare":93.55,"timestamp":"2025-05-05T07:54:09.907Z"}
{"level":"info","message":"🔎 ML response payload:","predicted_fare":36.98,"timestamp":"2025-05-05T07:54:09.908Z"}
{"level":"info","message":"🔎 ML response payload:","predicted_fare":49.35,"timestamp":"2025-05-05T07:54:09.908Z"}
{"level":"info","message":"🔎 ML response payload:","predicted_fare":8.03,"timestamp":"2025-05-05T07:54:09.909Z"}
{"level":"info","message":"🔎 ML response payload:","predicted_fare":31.39,"timestamp":"2025-05-05T07:54:09.909Z"}
{"level":"info","message":"🔎 ML response payload:","predicted_fare":21.98,"timestamp":"2025-05-05T07:54:09.912Z"}
{"level":"info","message":"🔎 ML response payload:","predicted_fare":39.02,"timestamp":"2025-05-05T07:54:09.913Z"}
{"level":"info","message":"🔎 ML response payload:","predicted_fare":56.69,"timestamp":"2025-05-05T07:54:09.914Z"}
{"level":"info","message":"🔎 ML response payload:","predicted_fare":34.58,"timestamp":"2025-05-05T07:54:09.915Z"}
{"level":"info","message":"🔎 ML response payload:","predicted_fare":16.59,"timestamp":"2025-05-05T07:54:09.916Z"}
{"level":"info","message":"🔎 ML response payload:","predicted_fare":14.06,"timestamp":"2025-05-05T07:54:09.918Z"}
{"level":"info","message":"🔎 ML response payload:","predicted_fare":21.7,"timestamp":"2025-05-05T07:54:09.918Z"}
{"level":"info","message":"🔎 ML response payload:","predicted_fare":12.16,"timestamp":"2025-05-05T07:54:09.919Z"}
{"level":"info","message":"🔎 ML response payload:","predicted_fare":27.19,"timestamp":"2025-05-05T07:54:09.919Z"}
{"level":"info","message":"🔎 ML response payload:","predicted_fare":40.74,"timestamp":"2025-05-05T07:54:09.919Z"}
{"level":"info","message":"🔎 ML response payload:","predicted_fare":34.47,"timestamp":"2025-05-05T07:54:09.919Z"}
{"level":"info","message":"🔎 ML response payload:","predicted_fare":21.48,"timestamp":"2025-05-05T07:54:09.919Z"}
{"level":"info","message":"📤 Published ride request RIDE-1746431649865-oln2fwszd to Kafka","timestamp":"2025-05-05T07:54:09.948Z"}
{"level":"info","message":"📤 Published ride request RIDE-1746431649867-7dzwr77v4 to Kafka","timestamp":"2025-05-05T07:54:09.950Z"}
{"level":"info","message":"📤 Published ride request RIDE-1746431649874-wlulm1tgg to Kafka","timestamp":"2025-05-05T07:54:09.959Z"}
{"level":"info","message":"📤 Published ride request RIDE-1746431649871-3uu28n1kd to Kafka","timestamp":"2025-05-05T07:54:09.961Z"}
{"level":"info","message":"📤 Published ride request RIDE-1746431649872-69txi8yge to Kafka","timestamp":"2025-05-05T07:54:09.962Z"}
{"level":"info","message":"📤 Published ride request RIDE-1746431649874-1v0uq49o1 to Kafka","timestamp":"2025-05-05T07:54:09.964Z"}
{"level":"info","message":"📤 Published ride request RIDE-1746431649875-2wd4y9t3i to Kafka","timestamp":"2025-05-05T07:54:09.971Z"}
{"level":"info","message":"📤 Published ride request RIDE-1746431649875-bpho5w44p to Kafka","timestamp":"2025-05-05T07:54:09.972Z"}
{"level":"info","message":"📤 Published ride request RIDE-1746431649876-pqjkxz3fc to Kafka","timestamp":"2025-05-05T07:54:09.974Z"}
{"level":"info","message":"📤 Published ride request RIDE-1746431649879-egh0hs1l5 to Kafka","timestamp":"2025-05-05T07:54:09.974Z"}
{"level":"info","message":"📤 Published ride request RIDE-1746431649876-merek8bk5 to Kafka","timestamp":"2025-05-05T07:54:09.976Z"}
{"level":"info","message":"📤 Published ride request RIDE-1746431649882-waeex371r to Kafka","timestamp":"2025-05-05T07:54:09.976Z"}
{"level":"info","message":"📤 Published ride request RIDE-1746431649877-s8i9u05pw to Kafka","timestamp":"2025-05-05T07:54:09.979Z"}
{"level":"info","message":"📤 Published ride request RIDE-1746431649881-xfob5fdsw to Kafka","timestamp":"2025-05-05T07:54:09.979Z"}
{"level":"info","message":"📤 Published ride request RIDE-1746431649878-6456vznow to Kafka","timestamp":"2025-05-05T07:54:09.979Z"}
{"level":"info","message":"📤 Published ride request RIDE-1746431649884-p6ozvxt3l to Kafka","timestamp":"2025-05-05T07:54:09.980Z"}
{"level":"info","message":"📤 Published ride request RIDE-1746431649888-qcifolufi to Kafka","timestamp":"2025-05-05T07:54:09.981Z"}
{"level":"info","message":"📤 Published ride request RIDE-1746431649880-2232cestr to Kafka","timestamp":"2025-05-05T07:54:10.022Z"}
{"level":"info","message":"📤 Published ride request RIDE-1746431649887-hw5l7ayop to Kafka","timestamp":"2025-05-05T07:54:10.024Z"}
{"level":"info","message":"📤 Published ride request RIDE-1746431649904-d3qivv8i4 to Kafka","timestamp":"2025-05-05T07:54:10.034Z"}
{"level":"info","message":"📤 Published ride request RIDE-1746431649900-o3vlfgpst to Kafka","timestamp":"2025-05-05T07:54:10.034Z"}
{"level":"info","message":"📤 Published ride request RIDE-1746431649895-d7norn3vz to Kafka","timestamp":"2025-05-05T07:54:10.035Z"}
{"level":"info","message":"📤 Published ride request RIDE-1746431649891-tm3bn8pfc to Kafka","timestamp":"2025-05-05T07:54:10.036Z"}
{"level":"info","message":"📤 Published ride request RIDE-1746431649906-fe4ou7ejk to Kafka","timestamp":"2025-05-05T07:54:10.041Z"}
{"level":"info","message":"📤 Published ride request RIDE-1746431649906-fx6cxn049 to Kafka","timestamp":"2025-05-05T07:54:10.042Z"}
{"level":"info","message":"📤 Published ride request RIDE-1746431649909-rr8jak0g6 to Kafka","timestamp":"2025-05-05T07:54:10.046Z"}
{"level":"info","message":"📤 Published ride request RIDE-1746431649910-2eno6deow to Kafka","timestamp":"2025-05-05T07:54:10.046Z"}
{"level":"info","message":"📤 Published ride request RIDE-1746431649907-9bl006o22 to Kafka","timestamp":"2025-05-05T07:54:10.047Z"}
{"level":"info","message":"📤 Published ride request RIDE-1746431649910-h2uuae5as to Kafka","timestamp":"2025-05-05T07:54:10.048Z"}
{"level":"info","message":"📤 Published ride request RIDE-1746431649912-qbji6drd8 to Kafka","timestamp":"2025-05-05T07:54:10.048Z"}
{"level":"info","message":"📤 Published ride request RIDE-1746431649907-zs9wgzcpr to Kafka","timestamp":"2025-05-05T07:54:10.048Z"}
{"level":"info","message":"📤 Published ride request RIDE-1746431649913-ndm2qferw to Kafka","timestamp":"2025-05-05T07:54:10.052Z"}
{"level":"info","message":"📤 Published ride request RIDE-1746431649913-ce3rc5c00 to Kafka","timestamp":"2025-05-05T07:54:10.054Z"}
{"level":"info","message":"📤 Published ride request RIDE-1746431649908-d44swnep1 to Kafka","timestamp":"2025-05-05T07:54:10.068Z"}
{"level":"info","message":"📤 Published ride request RIDE-1746431649911-ijq5810yb to Kafka","timestamp":"2025-05-05T07:54:10.099Z"}
{"level":"info","message":"📤 Published ride request RIDE-1746431649911-acdrcj6j8 to Kafka","timestamp":"2025-05-05T07:54:10.100Z"}
{"level":"info","message":"📤 Published ride request RIDE-1746431649914-c5p6q9fkd to Kafka","timestamp":"2025-05-05T07:54:10.108Z"}
{"level":"info","message":"📤 Published ride request RIDE-1746431649884-tg9cpulth to Kafka","timestamp":"2025-05-05T07:54:10.416Z"}
{"level":"info","message":"📤 Published ride request RIDE-1746431649889-w0shar1qb to Kafka","timestamp":"2025-05-05T07:54:10.417Z"}
{"level":"info","message":"🔎 ML response payload:","predicted_fare":36.96,"timestamp":"2025-05-05T07:54:15.988Z"}
{"level":"info","message":"📤 Published ride request RIDE-1746431655985-lkmwpf7iv to Kafka","timestamp":"2025-05-05T07:54:16.094Z"}
{"level":"info","message":"🔎 ML response payload:","predicted_fare":28.74,"timestamp":"2025-05-05T07:54:16.504Z"}
{"level":"info","message":"🔎 ML response payload:","predicted_fare":79.86,"timestamp":"2025-05-05T07:54:16.505Z"}
{"level":"info","message":"🔎 ML response payload:","predicted_fare":31.49,"timestamp":"2025-05-05T07:54:16.509Z"}
{"level":"info","message":"🔎 ML response payload:","predicted_fare":101.79,"timestamp":"2025-05-05T07:54:16.512Z"}
{"level":"info","message":"🔎 ML response payload:","predicted_fare":26.84,"timestamp":"2025-05-05T07:54:16.514Z"}
{"level":"info","message":"🔎 ML response payload:","predicted_fare":25.9,"timestamp":"2025-05-05T07:54:16.515Z"}
{"level":"info","message":"🔎 ML response payload:","predicted_fare":61.88,"timestamp":"2025-05-05T07:54:16.516Z"}
{"level":"info","message":"🔎 ML response payload:","predicted_fare":15.56,"timestamp":"2025-05-05T07:54:16.516Z"}
{"level":"info","message":"🔎 ML response payload:","predicted_fare":34.31,"timestamp":"2025-05-05T07:54:16.516Z"}
{"level":"info","message":"🔎 ML response payload:","predicted_fare":32.75,"timestamp":"2025-05-05T07:54:16.517Z"}
{"level":"info","message":"🔎 ML response payload:","predicted_fare":16.38,"timestamp":"2025-05-05T07:54:16.518Z"}
{"level":"info","message":"🔎 ML response payload:","predicted_fare":29.36,"timestamp":"2025-05-05T07:54:16.520Z"}
{"level":"info","message":"🔎 ML response payload:","predicted_fare":9.47,"timestamp":"2025-05-05T07:54:16.521Z"}
{"level":"info","message":"🔎 ML response payload:","predicted_fare":33.68,"timestamp":"2025-05-05T07:54:16.522Z"}
{"level":"info","message":"🔎 ML response payload:","predicted_fare":143.5,"timestamp":"2025-05-05T07:54:16.522Z"}
{"level":"info","message":"🔎 ML response payload:","predicted_fare":9.49,"timestamp":"2025-05-05T07:54:16.523Z"}
{"level":"info","message":"🔎 ML response payload:","predicted_fare":20.1,"timestamp":"2025-05-05T07:54:16.524Z"}
{"level":"info","message":"🔎 ML response payload:","predicted_fare":23.73,"timestamp":"2025-05-05T07:54:16.524Z"}
{"level":"info","message":"🔎 ML response payload:","predicted_fare":35.62,"timestamp":"2025-05-05T07:54:16.525Z"}
{"level":"info","message":"🔎 ML response payload:","predicted_fare":34.38,"timestamp":"2025-05-05T07:54:16.525Z"}
{"level":"info","message":"🔎 ML response payload:","predicted_fare":18.56,"timestamp":"2025-05-05T07:54:16.526Z"}
{"level":"info","message":"🔎 ML response payload:","predicted_fare":21.31,"timestamp":"2025-05-05T07:54:16.527Z"}
{"level":"info","message":"🔎 ML response payload:","predicted_fare":9.86,"timestamp":"2025-05-05T07:54:16.528Z"}
{"level":"info","message":"🔎 ML response payload:","predicted_fare":26.52,"timestamp":"2025-05-05T07:54:16.528Z"}
{"level":"info","message":"🔎 ML response payload:","predicted_fare":16.37,"timestamp":"2025-05-05T07:54:16.529Z"}
{"level":"info","message":"🔎 ML response payload:","predicted_fare":17.1,"timestamp":"2025-05-05T07:54:16.530Z"}
{"level":"info","message":"🔎 ML response payload:","predicted_fare":36.01,"timestamp":"2025-05-05T07:54:16.530Z"}
{"level":"info","message":"🔎 ML response payload:","predicted_fare":14.96,"timestamp":"2025-05-05T07:54:16.530Z"}
{"level":"info","message":"🔎 ML response payload:","predicted_fare":51.57,"timestamp":"2025-05-05T07:54:16.531Z"}
{"level":"info","message":"📤 Published ride request RIDE-1746431656502-aqkv0wicf to Kafka","timestamp":"2025-05-05T07:54:16.589Z"}
{"level":"info","message":"📤 Published ride request RIDE-1746431656501-0w655j9l0 to Kafka","timestamp":"2025-05-05T07:54:16.591Z"}
{"level":"info","message":"📤 Published ride request RIDE-1746431656504-oaur6gvar to Kafka","timestamp":"2025-05-05T07:54:16.592Z"}
{"level":"info","message":"📤 Published ride request RIDE-1746431656506-wz0aw4kvu to Kafka","timestamp":"2025-05-05T07:54:16.594Z"}
{"level":"info","message":"📤 Published ride request RIDE-1746431656510-ygpq2jv9b to Kafka","timestamp":"2025-05-05T07:54:16.600Z"}
{"level":"info","message":"📤 Published ride request RIDE-1746431656507-9molrbyze to Kafka","timestamp":"2025-05-05T07:54:16.601Z"}
{"level":"info","message":"📤 Published ride request RIDE-1746431656513-f9wq1f3vx to Kafka","timestamp":"2025-05-05T07:54:16.602Z"}
{"level":"info","message":"📤 Published ride request RIDE-1746431656508-l2hm5vw9e to Kafka","timestamp":"2025-05-05T07:54:16.604Z"}
{"level":"info","message":"📤 Published ride request RIDE-1746431656507-lwq8y6xzk to Kafka","timestamp":"2025-05-05T07:54:16.605Z"}
{"level":"info","message":"📤 Published ride request RIDE-1746431656509-1idshw15a to Kafka","timestamp":"2025-05-05T07:54:16.608Z"}
{"level":"info","message":"📤 Published ride request RIDE-1746431656515-gpxc4yal3 to Kafka","timestamp":"2025-05-05T07:54:16.609Z"}
{"level":"info","message":"📤 Published ride request RIDE-1746431656511-825n6q341 to Kafka","timestamp":"2025-05-05T07:54:16.610Z"}
{"level":"info","message":"📤 Published ride request RIDE-1746431656510-imd2l2roi to Kafka","timestamp":"2025-05-05T07:54:16.611Z"}
{"level":"info","message":"📤 Published ride request RIDE-1746431656512-hqnsli3q5 to Kafka","timestamp":"2025-05-05T07:54:16.611Z"}
{"level":"info","message":"📤 Published ride request RIDE-1746431656519-azdny7wc4 to Kafka","timestamp":"2025-05-05T07:54:16.612Z"}
{"level":"info","message":"📤 Published ride request RIDE-1746431656511-abm1l512i to Kafka","timestamp":"2025-05-05T07:54:16.612Z"}
{"level":"info","message":"📤 Published ride request RIDE-1746431656517-9ngyasafy to Kafka","timestamp":"2025-05-05T07:54:16.612Z"}
{"level":"info","message":"📤 Published ride request RIDE-1746431656512-1awtv84y2 to Kafka","timestamp":"2025-05-05T07:54:16.613Z"}
{"level":"info","message":"📤 Published ride request RIDE-1746431656517-3oidxcgv6 to Kafka","timestamp":"2025-05-05T07:54:16.613Z"}
{"level":"info","message":"📤 Published ride request RIDE-1746431656523-kpb3yn6gp to Kafka","timestamp":"2025-05-05T07:54:16.660Z"}
{"level":"info","message":"📤 Published ride request RIDE-1746431656515-s1gruwfqn to Kafka","timestamp":"2025-05-05T07:54:16.662Z"}
{"level":"info","message":"📤 Published ride request RIDE-1746431656524-vrmiuejzz to Kafka","timestamp":"2025-05-05T07:54:16.667Z"}
{"level":"info","message":"📤 Published ride request RIDE-1746431656525-eum0opxjh to Kafka","timestamp":"2025-05-05T07:54:16.668Z"}
{"level":"info","message":"📤 Published ride request RIDE-1746431656526-ac30u444y to Kafka","timestamp":"2025-05-05T07:54:16.674Z"}
{"level":"info","message":"📤 Published ride request RIDE-1746431656523-oejog79jc to Kafka","timestamp":"2025-05-05T07:54:16.675Z"}
{"level":"info","message":"📤 Published ride request RIDE-1746431656519-gulbp8x9d to Kafka","timestamp":"2025-05-05T07:54:16.677Z"}
{"level":"info","message":"📤 Published ride request RIDE-1746431656528-bblihgakn to Kafka","timestamp":"2025-05-05T07:54:16.679Z"}
{"level":"info","message":"📤 Published ride request RIDE-1746431656513-v0ksw7h0y to Kafka","timestamp":"2025-05-05T07:54:17.032Z"}
{"level":"info","message":"📤 Published ride request RIDE-1746431656521-h9falubk2 to Kafka","timestamp":"2025-05-05T07:54:17.033Z"}
{"level":"info","message":"🔎 ML response payload:","predicted_fare":22.25,"timestamp":"2025-05-05T08:31:14.215Z"}
{"level":"info","message":"📤 Published ride request RIDE-1746433874185-7crsh5lvf to Kafka","timestamp":"2025-05-05T08:31:14.337Z"}
{"level":"info","message":"🔎 ML response payload:","predicted_fare":28.78,"timestamp":"2025-05-05T08:31:14.505Z"}
{"level":"info","message":"📤 Published ride request RIDE-1746433874503-1w8ox3zfy to Kafka","timestamp":"2025-05-05T08:31:14.582Z"}
{"level":"info","message":"🔎 ML response payload:","predicted_fare":20.53,"timestamp":"2025-05-05T08:31:15.460Z"}
{"level":"info","message":"🔎 ML response payload:","predicted_fare":76.64,"timestamp":"2025-05-05T08:31:15.460Z"}
{"level":"info","message":"🔎 ML response payload:","predicted_fare":27.52,"timestamp":"2025-05-05T08:31:15.461Z"}
{"level":"info","message":"🔎 ML response payload:","predicted_fare":22.98,"timestamp":"2025-05-05T08:31:15.462Z"}
{"level":"info","message":"📤 Published ride request RIDE-1746433875456-b70u3ku4v to Kafka","timestamp":"2025-05-05T08:31:15.538Z"}
{"level":"info","message":"📤 Published ride request RIDE-1746433875456-4wchtszi7 to Kafka","timestamp":"2025-05-05T08:31:15.539Z"}
{"level":"info","message":"📤 Published ride request RIDE-1746433875457-2adxjb433 to Kafka","timestamp":"2025-05-05T08:31:15.540Z"}
{"level":"info","message":"📤 Published ride request RIDE-1746433875457-q545f5r9g to Kafka","timestamp":"2025-05-05T08:31:15.545Z"}
{"level":"info","message":"🔎 ML response payload:","predicted_fare":18.14,"timestamp":"2025-05-05T08:31:16.110Z"}
{"level":"info","message":"🔎 ML response payload:","predicted_fare":21.82,"timestamp":"2025-05-05T08:31:16.111Z"}
{"level":"info","message":"🔎 ML response payload:","predicted_fare":59.36,"timestamp":"2025-05-05T08:31:16.128Z"}
{"level":"info","message":"📤 Published ride request RIDE-1746433876108-aqcmlw2qi to Kafka","timestamp":"2025-05-05T08:31:16.192Z"}
{"level":"info","message":"📤 Published ride request RIDE-1746433876108-5zhdlakkj to Kafka","timestamp":"2025-05-05T08:31:16.193Z"}
{"level":"info","message":"📤 Published ride request RIDE-1746433876126-13c8s3c0o to Kafka","timestamp":"2025-05-05T08:31:16.207Z"}
{"level":"info","message":"🔎 ML response payload:","predicted_fare":21.07,"timestamp":"2025-05-05T08:31:17.838Z"}
{"level":"info","message":"📤 Published ride request RIDE-1746433877835-fwhyb6s12 to Kafka","timestamp":"2025-05-05T08:31:17.918Z"}
{"level":"info","message":"🔎 ML response payload:","predicted_fare":37.33,"timestamp":"2025-05-05T08:31:28.562Z"}
{"level":"info","message":"📤 Published ride request RIDE-1746433888559-vlh7abxht to Kafka","timestamp":"2025-05-05T08:31:28.642Z"}
{"level":"info","message":"🔎 ML response payload:","predicted_fare":12.45,"timestamp":"2025-05-05T08:31:29.265Z"}
{"level":"info","message":"🔎 ML response payload:","predicted_fare":10.9,"timestamp":"2025-05-05T08:31:29.266Z"}
{"level":"info","message":"🔎 ML response payload:","predicted_fare":28.9,"timestamp":"2025-05-05T08:31:29.276Z"}
{"level":"info","message":"📤 Published ride request RIDE-1746433889263-7f6xen4gc to Kafka","timestamp":"2025-05-05T08:31:29.347Z"}
{"level":"info","message":"📤 Published ride request RIDE-1746433889263-9qj83lx48 to Kafka","timestamp":"2025-05-05T08:31:29.351Z"}
{"level":"info","message":"📤 Published ride request RIDE-1746433889275-hsin9wwu8 to Kafka","timestamp":"2025-05-05T08:31:29.354Z"}
{"level":"info","message":"🔎 ML response payload:","predicted_fare":39.6,"timestamp":"2025-05-05T08:31:31.061Z"}
{"level":"info","message":"🔎 ML response payload:","predicted_fare":14.55,"timestamp":"2025-05-05T08:31:31.062Z"}
{"level":"info","message":"🔎 ML response payload:","predicted_fare":43.32,"timestamp":"2025-05-05T08:31:31.062Z"}
{"level":"info","message":"🔎 ML response payload:","predicted_fare":42.8,"timestamp":"2025-05-05T08:31:31.063Z"}
{"level":"info","message":"🔎 ML response payload:","predicted_fare":27.65,"timestamp":"2025-05-05T08:31:31.063Z"}
{"level":"info","message":"🔎 ML response payload:","predicted_fare":22.37,"timestamp":"2025-05-05T08:31:31.063Z"}
{"level":"info","message":"🔎 ML response payload:","predicted_fare":6.46,"timestamp":"2025-05-05T08:31:31.064Z"}
{"level":"info","message":"📤 Published ride request RIDE-1746433891054-hw4oahujw to Kafka","timestamp":"2025-05-05T08:31:31.144Z"}
{"level":"info","message":"📤 Published ride request RIDE-1746433891054-g69m60b2x to Kafka","timestamp":"2025-05-05T08:31:31.146Z"}
{"level":"info","message":"📤 Published ride request RIDE-1746433891053-p3mdgp1vv to Kafka","timestamp":"2025-05-05T08:31:31.147Z"}
{"level":"info","message":"📤 Published ride request RIDE-1746433891055-3y1qukabx to Kafka","timestamp":"2025-05-05T08:31:31.148Z"}
{"level":"info","message":"📤 Published ride request RIDE-1746433891055-llbp8f6oj to Kafka","timestamp":"2025-05-05T08:31:31.150Z"}
{"level":"info","message":"📤 Published ride request RIDE-1746433891056-ggtywmub9 to Kafka","timestamp":"2025-05-05T08:31:31.152Z"}
{"level":"info","message":"📤 Published ride request RIDE-1746433891056-cdhvcxj1b to Kafka","timestamp":"2025-05-05T08:31:31.154Z"}
{"level":"info","message":"🔎 ML response payload:","predicted_fare":32.77,"timestamp":"2025-05-05T08:31:31.175Z"}
{"level":"info","message":"📤 Published ride request RIDE-1746433891173-d1qork45q to Kafka","timestamp":"2025-05-05T08:31:31.256Z"}
{"level":"info","message":"🔎 ML response payload:","predicted_fare":36.35,"timestamp":"2025-05-05T08:31:34.905Z"}
{"level":"info","message":"📤 Published ride request RIDE-1746433894903-gg0io6tkg to Kafka","timestamp":"2025-05-05T08:31:35.012Z"}
{"level":"info","message":"🔎 ML response payload:","predicted_fare":25.91,"timestamp":"2025-05-05T08:31:35.227Z"}
{"level":"info","message":"🔎 ML response payload:","predicted_fare":13.95,"timestamp":"2025-05-05T08:31:35.246Z"}
{"level":"info","message":"🔎 ML response payload:","predicted_fare":24.5,"timestamp":"2025-05-05T08:31:35.248Z"}
{"level":"info","message":"🔎 ML response payload:","predicted_fare":3.04,"timestamp":"2025-05-05T08:31:35.282Z"}
{"level":"info","message":"🔎 ML response payload:","predicted_fare":22.09,"timestamp":"2025-05-05T08:31:35.284Z"}
{"level":"info","message":"🔎 ML response payload:","predicted_fare":39.22,"timestamp":"2025-05-05T08:31:35.285Z"}
{"level":"info","message":"🔎 ML response payload:","predicted_fare":48.38,"timestamp":"2025-05-05T08:31:35.288Z"}
{"level":"info","message":"🔎 ML response payload:","predicted_fare":22.2,"timestamp":"2025-05-05T08:31:35.288Z"}
{"level":"info","message":"🔎 ML response payload:","predicted_fare":30.95,"timestamp":"2025-05-05T08:31:35.289Z"}
{"level":"info","message":"🔎 ML response payload:","predicted_fare":40.43,"timestamp":"2025-05-05T08:31:35.289Z"}
{"level":"info","message":"🔎 ML response payload:","predicted_fare":24.13,"timestamp":"2025-05-05T08:31:35.291Z"}
{"level":"info","message":"🔎 ML response payload:","predicted_fare":34.33,"timestamp":"2025-05-05T08:31:35.292Z"}
{"level":"info","message":"🔎 ML response payload:","predicted_fare":55.56,"timestamp":"2025-05-05T08:31:35.292Z"}
{"level":"info","message":"🔎 ML response payload:","predicted_fare":11.86,"timestamp":"2025-05-05T08:31:35.293Z"}
{"level":"info","message":"🔎 ML response payload:","predicted_fare":98.24,"timestamp":"2025-05-05T08:31:35.293Z"}
{"level":"info","message":"🔎 ML response payload:","predicted_fare":26.4,"timestamp":"2025-05-05T08:31:35.293Z"}
{"level":"info","message":"🔎 ML response payload:","predicted_fare":-0.73,"timestamp":"2025-05-05T08:31:35.294Z"}
{"level":"info","message":"📤 Published ride request RIDE-1746433895225-lbokjd8dv to Kafka","timestamp":"2025-05-05T08:31:35.308Z"}
{"level":"info","message":"📤 Published ride request RIDE-1746433895242-c2pkwz0ba to Kafka","timestamp":"2025-05-05T08:31:35.324Z"}
{"level":"info","message":"📤 Published ride request RIDE-1746433895243-rqilkdahr to Kafka","timestamp":"2025-05-05T08:31:35.326Z"}
{"level":"info","message":"📤 Published ride request RIDE-1746433895278-ftpkktc4o to Kafka","timestamp":"2025-05-05T08:31:35.362Z"}
{"level":"info","message":"📤 Published ride request RIDE-1746433895279-qtp8h9397 to Kafka","timestamp":"2025-05-05T08:31:35.365Z"}
{"level":"info","message":"📤 Published ride request RIDE-1746433895277-mlq0h91xq to Kafka","timestamp":"2025-05-05T08:31:35.367Z"}
{"level":"info","message":"📤 Published ride request RIDE-1746433895279-ar5yi15oi to Kafka","timestamp":"2025-05-05T08:31:35.368Z"}
{"level":"info","message":"📤 Published ride request RIDE-1746433895280-fjiqwqgld to Kafka","timestamp":"2025-05-05T08:31:35.371Z"}
{"level":"info","message":"📤 Published ride request RIDE-1746433895279-61wfagsec to Kafka","timestamp":"2025-05-05T08:31:35.378Z"}
{"level":"info","message":"📤 Published ride request RIDE-1746433895280-q5j1u0mq7 to Kafka","timestamp":"2025-05-05T08:31:35.378Z"}
{"level":"info","message":"📤 Published ride request RIDE-1746433895280-z8evvyk4r to Kafka","timestamp":"2025-05-05T08:31:35.444Z"}
{"level":"info","message":"📤 Published ride request RIDE-1746433895284-5yz2ti15t to Kafka","timestamp":"2025-05-05T08:31:35.445Z"}
{"level":"info","message":"📤 Published ride request RIDE-1746433895281-zmplzcebq to Kafka","timestamp":"2025-05-05T08:31:35.446Z"}
{"level":"info","message":"📤 Published ride request RIDE-1746433895283-5fgu5zf2t to Kafka","timestamp":"2025-05-05T08:31:35.446Z"}
{"level":"info","message":"📤 Published ride request RIDE-1746433895285-161g96p03 to Kafka","timestamp":"2025-05-05T08:31:35.446Z"}
{"level":"info","message":"📤 Published ride request RIDE-1746433895280-kub3k2ao3 to Kafka","timestamp":"2025-05-05T08:31:35.448Z"}
{"level":"info","message":"📤 Published ride request RIDE-1746433895282-vqwa3dfmw to Kafka","timestamp":"2025-05-05T08:31:35.449Z"}
{"level":"info","message":"🔎 ML response payload:","predicted_fare":88.85,"timestamp":"2025-05-05T08:31:37.621Z"}
{"level":"info","message":"📤 Published ride request RIDE-1746433897619-3hjp08p5y to Kafka","timestamp":"2025-05-05T08:31:37.700Z"}
{"level":"info","message":"🔎 ML response payload:","predicted_fare":28.21,"timestamp":"2025-05-05T08:31:40.839Z"}
{"level":"info","message":"🔎 ML response payload:","predicted_fare":-1.77,"timestamp":"2025-05-05T08:31:40.843Z"}
{"level":"info","message":"🔎 ML response payload:","predicted_fare":6.94,"timestamp":"2025-05-05T08:31:40.844Z"}
{"level":"info","message":"🔎 ML response payload:","predicted_fare":55.58,"timestamp":"2025-05-05T08:31:40.845Z"}
{"level":"info","message":"🔎 ML response payload:","predicted_fare":9.45,"timestamp":"2025-05-05T08:31:40.847Z"}
{"level":"info","message":"🔎 ML response payload:","predicted_fare":40.21,"timestamp":"2025-05-05T08:31:40.849Z"}
{"level":"info","message":"🔎 ML response payload:","predicted_fare":25.7,"timestamp":"2025-05-05T08:31:40.850Z"}
{"level":"info","message":"🔎 ML response payload:","predicted_fare":9.2,"timestamp":"2025-05-05T08:31:40.850Z"}
{"level":"info","message":"🔎 ML response payload:","predicted_fare":66.43,"timestamp":"2025-05-05T08:31:40.851Z"}
{"level":"info","message":"🔎 ML response payload:","predicted_fare":8.95,"timestamp":"2025-05-05T08:31:40.851Z"}
{"level":"info","message":"📤 Published ride request RIDE-1746433900835-3olvngq36 to Kafka","timestamp":"2025-05-05T08:31:40.916Z"}
{"level":"info","message":"📤 Published ride request RIDE-1746433900837-i0y8ozmxz to Kafka","timestamp":"2025-05-05T08:31:40.921Z"}
{"level":"info","message":"📤 Published ride request RIDE-1746433900836-39boou0jw to Kafka","timestamp":"2025-05-05T08:31:40.922Z"}
{"level":"info","message":"📤 Published ride request RIDE-1746433900836-z6j6whzwg to Kafka","timestamp":"2025-05-05T08:31:40.924Z"}
{"level":"info","message":"📤 Published ride request RIDE-1746433900836-2elkdq42e to Kafka","timestamp":"2025-05-05T08:31:40.925Z"}
{"level":"info","message":"📤 Published ride request RIDE-1746433900837-325kfjl3k to Kafka","timestamp":"2025-05-05T08:31:40.932Z"}
{"level":"info","message":"📤 Published ride request RIDE-1746433900837-tf7tjhzak to Kafka","timestamp":"2025-05-05T08:31:40.933Z"}
{"level":"info","message":"📤 Published ride request RIDE-1746433900838-9rld5em85 to Kafka","timestamp":"2025-05-05T08:31:40.934Z"}
{"level":"info","message":"📤 Published ride request RIDE-1746433900839-zxw7en5di to Kafka","timestamp":"2025-05-05T08:31:40.936Z"}
{"level":"info","message":"📤 Published ride request RIDE-1746433900839-8qbskcst5 to Kafka","timestamp":"2025-05-05T08:31:40.937Z"}
{"level":"info","message":"🔎 ML response payload:","predicted_fare":54.6,"timestamp":"2025-05-05T08:31:44.419Z"}
{"level":"info","message":"🔎 ML response payload:","predicted_fare":64.66,"timestamp":"2025-05-05T08:31:44.421Z"}
{"level":"info","message":"🔎 ML response payload:","predicted_fare":22.57,"timestamp":"2025-05-05T08:31:44.425Z"}
{"level":"info","message":"🔎 ML response payload:","predicted_fare":73.06,"timestamp":"2025-05-05T08:31:44.425Z"}
{"level":"info","message":"🔎 ML response payload:","predicted_fare":17.34,"timestamp":"2025-05-05T08:31:44.428Z"}
{"level":"info","message":"🔎 ML response payload:","predicted_fare":24.53,"timestamp":"2025-05-05T08:31:44.430Z"}
{"level":"info","message":"🔎 ML response payload:","predicted_fare":94.31,"timestamp":"2025-05-05T08:31:44.430Z"}
{"level":"info","message":"🔎 ML response payload:","predicted_fare":27.21,"timestamp":"2025-05-05T08:31:44.431Z"}
{"level":"info","message":"🔎 ML response payload:","predicted_fare":35.41,"timestamp":"2025-05-05T08:31:44.432Z"}
{"level":"info","message":"🔎 ML response payload:","predicted_fare":30.52,"timestamp":"2025-05-05T08:31:44.434Z"}
{"level":"info","message":"🔎 ML response payload:","predicted_fare":25.39,"timestamp":"2025-05-05T08:31:44.436Z"}
{"level":"info","message":"🔎 ML response payload:","predicted_fare":31.21,"timestamp":"2025-05-05T08:31:44.439Z"}
{"level":"info","message":"🔎 ML response payload:","predicted_fare":10.84,"timestamp":"2025-05-05T08:31:44.440Z"}
{"level":"info","message":"🔎 ML response payload:","predicted_fare":37.8,"timestamp":"2025-05-05T08:31:44.444Z"}
{"level":"info","message":"🔎 ML response payload:","predicted_fare":81.54,"timestamp":"2025-05-05T08:31:44.447Z"}
{"level":"info","message":"🔎 ML response payload:","predicted_fare":36.74,"timestamp":"2025-05-05T08:31:44.450Z"}
{"level":"info","message":"🔎 ML response payload:","predicted_fare":27.49,"timestamp":"2025-05-05T08:31:44.454Z"}
{"level":"info","message":"🔎 ML response payload:","predicted_fare":25.64,"timestamp":"2025-05-05T08:31:44.455Z"}
{"level":"info","message":"🔎 ML response payload:","predicted_fare":47.65,"timestamp":"2025-05-05T08:31:44.456Z"}
{"level":"info","message":"🔎 ML response payload:","predicted_fare":8.74,"timestamp":"2025-05-05T08:31:44.458Z"}
{"level":"info","message":"🔎 ML response payload:","predicted_fare":20.51,"timestamp":"2025-05-05T08:31:44.460Z"}
{"level":"info","message":"🔎 ML response payload:","predicted_fare":39.42,"timestamp":"2025-05-05T08:31:44.463Z"}
{"level":"info","message":"🔎 ML response payload:","predicted_fare":20,"timestamp":"2025-05-05T08:31:44.468Z"}
{"level":"info","message":"🔎 ML response payload:","predicted_fare":33.37,"timestamp":"2025-05-05T08:31:44.470Z"}
{"level":"info","message":"🔎 ML response payload:","predicted_fare":26.87,"timestamp":"2025-05-05T08:31:44.471Z"}
{"level":"info","message":"🔎 ML response payload:","predicted_fare":23.57,"timestamp":"2025-05-05T08:31:44.472Z"}
{"level":"info","message":"🔎 ML response payload:","predicted_fare":34.09,"timestamp":"2025-05-05T08:31:44.472Z"}
{"level":"info","message":"📤 Published ride request RIDE-1746433904415-xt8b9lo8v to Kafka","timestamp":"2025-05-05T08:31:44.504Z"}
{"level":"info","message":"📤 Published ride request RIDE-1746433904416-8reqsbvnp to Kafka","timestamp":"2025-05-05T08:31:44.505Z"}
{"level":"info","message":"🔎 ML response payload:","predicted_fare":11.16,"timestamp":"2025-05-05T08:31:44.507Z"}
{"level":"info","message":"🔎 ML response payload:","predicted_fare":8.32,"timestamp":"2025-05-05T08:31:44.508Z"}
{"level":"info","message":"🔎 ML response payload:","predicted_fare":57.1,"timestamp":"2025-05-05T08:31:44.508Z"}
{"level":"info","message":"📤 Published ride request RIDE-1746433904422-kzot30gl0 to Kafka","timestamp":"2025-05-05T08:31:44.509Z"}
{"level":"info","message":"📤 Published ride request RIDE-1746433904423-vzwd7xg39 to Kafka","timestamp":"2025-05-05T08:31:44.511Z"}
{"level":"info","message":"📤 Published ride request RIDE-1746433904423-43rraa0rg to Kafka","timestamp":"2025-05-05T08:31:44.514Z"}
{"level":"info","message":"📤 Published ride request RIDE-1746433904423-ym6rsmmr5 to Kafka","timestamp":"2025-05-05T08:31:44.515Z"}
{"level":"info","message":"📤 Published ride request RIDE-1746433904423-3xqrku03q to Kafka","timestamp":"2025-05-05T08:31:44.517Z"}
{"level":"info","message":"📤 Published ride request RIDE-1746433904425-4bcfaix09 to Kafka","timestamp":"2025-05-05T08:31:44.518Z"}
{"level":"info","message":"📤 Published ride request RIDE-1746433904426-b4ba4py3g to Kafka","timestamp":"2025-05-05T08:31:44.520Z"}
{"level":"info","message":"📤 Published ride request RIDE-1746433904426-ndxuojmrb to Kafka","timestamp":"2025-05-05T08:31:44.522Z"}
{"level":"info","message":"📤 Published ride request RIDE-1746433904431-t206w9pem to Kafka","timestamp":"2025-05-05T08:31:44.522Z"}
{"level":"info","message":"📤 Published ride request RIDE-1746433904424-qqbk488yg to Kafka","timestamp":"2025-05-05T08:31:44.525Z"}
{"level":"info","message":"📤 Published ride request RIDE-1746433904424-q1ean4l8a to Kafka","timestamp":"2025-05-05T08:31:44.526Z"}
{"level":"info","message":"📤 Published ride request RIDE-1746433904435-bjnf9v3ge to Kafka","timestamp":"2025-05-05T08:31:44.527Z"}
{"level":"info","message":"📤 Published ride request RIDE-1746433904433-3w5q3dz3w to Kafka","timestamp":"2025-05-05T08:31:44.529Z"}
{"level":"info","message":"📤 Published ride request RIDE-1746433904429-soummb5g5 to Kafka","timestamp":"2025-05-05T08:31:44.532Z"}
{"level":"info","message":"📤 Published ride request RIDE-1746433904427-jg0tpy6r4 to Kafka","timestamp":"2025-05-05T08:31:44.533Z"}
{"level":"info","message":"📤 Published ride request RIDE-1746433904427-15yicz3ik to Kafka","timestamp":"2025-05-05T08:31:44.533Z"}
{"level":"info","message":"📤 Published ride request RIDE-1746433904444-z4kpw7qkd to Kafka","timestamp":"2025-05-05T08:31:44.535Z"}
{"level":"info","message":"📤 Published ride request RIDE-1746433904427-li11uakcq to Kafka","timestamp":"2025-05-05T08:31:44.542Z"}
{"level":"info","message":"📤 Published ride request RIDE-1746433904449-iptwy58dp to Kafka","timestamp":"2025-05-05T08:31:44.545Z"}
{"level":"info","message":"📤 Published ride request RIDE-1746433904450-llr6g1qem to Kafka","timestamp":"2025-05-05T08:31:44.611Z"}
{"level":"info","message":"📤 Published ride request RIDE-1746433904461-jwnxn4ugh to Kafka","timestamp":"2025-05-05T08:31:44.611Z"}
{"level":"info","message":"📤 Published ride request RIDE-1746433904460-kdwjn7rkq to Kafka","timestamp":"2025-05-05T08:31:44.611Z"}
{"level":"info","message":"📤 Published ride request RIDE-1746433904462-09o95uuay to Kafka","timestamp":"2025-05-05T08:31:44.612Z"}
{"level":"info","message":"📤 Published ride request RIDE-1746433904453-ozltijel8 to Kafka","timestamp":"2025-05-05T08:31:44.613Z"}
{"level":"info","message":"📤 Published ride request RIDE-1746433904469-a4ok6ard7 to Kafka","timestamp":"2025-05-05T08:31:44.613Z"}
{"level":"info","message":"📤 Published ride request RIDE-1746433904469-rftbz8qyq to Kafka","timestamp":"2025-05-05T08:31:44.614Z"}
{"level":"info","message":"📤 Published ride request RIDE-1746433904455-93gjc6o3c to Kafka","timestamp":"2025-05-05T08:31:45.052Z"}
{"level":"info","message":"📤 Published ride request RIDE-1746433904439-k4sbzw2cv to Kafka","timestamp":"2025-05-05T08:31:45.053Z"}
{"level":"info","message":"🔎 ML response payload:","predicted_fare":23.97,"timestamp":"2025-05-05T08:31:47.639Z"}
{"level":"info","message":"📤 Published ride request RIDE-1746433907637-1zs4o10zw to Kafka","timestamp":"2025-05-05T08:31:47.717Z"}
{"level":"info","message":"🔎 ML response payload:","predicted_fare":28.93,"timestamp":"2025-05-05T08:31:50.381Z"}
{"level":"info","message":"📤 Published ride request RIDE-1746433910378-bh9aritus to Kafka","timestamp":"2025-05-05T08:31:50.459Z"}
{"level":"info","message":"🔎 ML response payload:","predicted_fare":33.94,"timestamp":"2025-05-05T08:31:50.895Z"}
{"level":"info","message":"🔎 ML response payload:","predicted_fare":44.74,"timestamp":"2025-05-05T08:31:50.899Z"}
{"level":"info","message":"🔎 ML response payload:","predicted_fare":36.8,"timestamp":"2025-05-05T08:31:50.901Z"}
{"level":"info","message":"🔎 ML response payload:","predicted_fare":6.13,"timestamp":"2025-05-05T08:31:50.902Z"}
{"level":"info","message":"🔎 ML response payload:","predicted_fare":17.49,"timestamp":"2025-05-05T08:31:50.902Z"}
{"level":"info","message":"🔎 ML response payload:","predicted_fare":75.68,"timestamp":"2025-05-05T08:31:50.902Z"}
{"level":"info","message":"🔎 ML response payload:","predicted_fare":37.14,"timestamp":"2025-05-05T08:31:50.903Z"}
{"level":"info","message":"🔎 ML response payload:","predicted_fare":55.53,"timestamp":"2025-05-05T08:31:50.909Z"}
{"level":"info","message":"🔎 ML response payload:","predicted_fare":33.79,"timestamp":"2025-05-05T08:31:50.910Z"}
{"level":"info","message":"🔎 ML response payload:","predicted_fare":25.21,"timestamp":"2025-05-05T08:31:50.914Z"}
{"level":"info","message":"🔎 ML response payload:","predicted_fare":12.02,"timestamp":"2025-05-05T08:31:50.915Z"}
{"level":"info","message":"🔎 ML response payload:","predicted_fare":84.76,"timestamp":"2025-05-05T08:31:50.916Z"}
{"level":"info","message":"🔎 ML response payload:","predicted_fare":56.86,"timestamp":"2025-05-05T08:31:50.917Z"}
{"level":"info","message":"🔎 ML response payload:","predicted_fare":22.16,"timestamp":"2025-05-05T08:31:50.917Z"}
{"level":"info","message":"🔎 ML response payload:","predicted_fare":18.17,"timestamp":"2025-05-05T08:31:50.918Z"}
{"level":"info","message":"🔎 ML response payload:","predicted_fare":35.44,"timestamp":"2025-05-05T08:31:50.920Z"}
{"level":"info","message":"🔎 ML response payload:","predicted_fare":32.14,"timestamp":"2025-05-05T08:31:50.923Z"}
{"level":"info","message":"🔎 ML response payload:","predicted_fare":35.58,"timestamp":"2025-05-05T08:31:50.923Z"}
{"level":"info","message":"🔎 ML response payload:","predicted_fare":51.81,"timestamp":"2025-05-05T08:31:50.924Z"}
{"level":"info","message":"🔎 ML response payload:","predicted_fare":23.99,"timestamp":"2025-05-05T08:31:50.924Z"}
{"level":"info","message":"🔎 ML response payload:","predicted_fare":-7.52,"timestamp":"2025-05-05T08:31:50.925Z"}
{"level":"info","message":"🔎 ML response payload:","predicted_fare":30.06,"timestamp":"2025-05-05T08:31:50.926Z"}
{"level":"info","message":"🔎 ML response payload:","predicted_fare":4.39,"timestamp":"2025-05-05T08:31:50.927Z"}
{"level":"info","message":"🔎 ML response payload:","predicted_fare":39.77,"timestamp":"2025-05-05T08:31:50.928Z"}
{"level":"info","message":"🔎 ML response payload:","predicted_fare":31.4,"timestamp":"2025-05-05T08:31:50.929Z"}
{"level":"info","message":"🔎 ML response payload:","predicted_fare":27.67,"timestamp":"2025-05-05T08:31:50.929Z"}
{"level":"info","message":"🔎 ML response payload:","predicted_fare":30.3,"timestamp":"2025-05-05T08:31:50.930Z"}
{"level":"info","message":"📤 Published ride request RIDE-1746433910890-eggd83uve to Kafka","timestamp":"2025-05-05T08:31:50.983Z"}
{"level":"info","message":"📤 Published ride request RIDE-1746433910873-8ej20xlxn to Kafka","timestamp":"2025-05-05T08:31:50.984Z"}
{"level":"info","message":"📤 Published ride request RIDE-1746433910872-7aqpwu7ng to Kafka","timestamp":"2025-05-05T08:31:50.986Z"}
{"level":"info","message":"📤 Published ride request RIDE-1746433910891-3fte2jror to Kafka","timestamp":"2025-05-05T08:31:50.987Z"}
{"level":"info","message":"📤 Published ride request RIDE-1746433910872-0q6jglupr to Kafka","timestamp":"2025-05-05T08:31:50.993Z"}
{"level":"info","message":"📤 Published ride request RIDE-1746433910889-2jsst1vo5 to Kafka","timestamp":"2025-05-05T08:31:50.994Z"}
{"level":"info","message":"📤 Published ride request RIDE-1746433910891-exj1qk0br to Kafka","timestamp":"2025-05-05T08:31:50.995Z"}
{"level":"info","message":"📤 Published ride request RIDE-1746433910905-dfy4fp5wq to Kafka","timestamp":"2025-05-05T08:31:50.997Z"}
{"level":"info","message":"📤 Published ride request RIDE-1746433910906-v6it88p8e to Kafka","timestamp":"2025-05-05T08:31:50.998Z"}
{"level":"info","message":"📤 Published ride request RIDE-1746433910905-f2zk6alxo to Kafka","timestamp":"2025-05-05T08:31:50.999Z"}
{"level":"info","message":"📤 Published ride request RIDE-1746433910906-oymm1yjdu to Kafka","timestamp":"2025-05-05T08:31:51.002Z"}
{"level":"info","message":"📤 Published ride request RIDE-1746433910907-a4j29rtse to Kafka","timestamp":"2025-05-05T08:31:51.004Z"}
{"level":"info","message":"📤 Published ride request RIDE-1746433910911-vx5ym5vcb to Kafka","timestamp":"2025-05-05T08:31:51.006Z"}
{"level":"info","message":"📤 Published ride request RIDE-1746433910908-976t9rbm9 to Kafka","timestamp":"2025-05-05T08:31:51.007Z"}
{"level":"info","message":"📤 Published ride request RIDE-1746433910910-bl92mt9d8 to Kafka","timestamp":"2025-05-05T08:31:51.007Z"}
{"level":"info","message":"📤 Published ride request RIDE-1746433910911-w6qz1jbiz to Kafka","timestamp":"2025-05-05T08:31:51.008Z"}
{"level":"info","message":"📤 Published ride request RIDE-1746433910909-jquv37wk4 to Kafka","timestamp":"2025-05-05T08:31:51.008Z"}
{"level":"info","message":"📤 Published ride request RIDE-1746433910917-hw5gt3apo to Kafka","timestamp":"2025-05-05T08:31:51.009Z"}
{"level":"info","message":"📤 Published ride request RIDE-1746433910908-rxmm0q16t to Kafka","timestamp":"2025-05-05T08:31:51.010Z"}
{"level":"info","message":"📤 Published ride request RIDE-1746433910916-s5nazux5u to Kafka","timestamp":"2025-05-05T08:31:51.011Z"}
{"level":"info","message":"📤 Published ride request RIDE-1746433910912-i20a8n4dd to Kafka","timestamp":"2025-05-05T08:31:51.011Z"}
{"level":"info","message":"📤 Published ride request RIDE-1746433910918-jis2f02lj to Kafka","timestamp":"2025-05-05T08:31:51.012Z"}
{"level":"info","message":"📤 Published ride request RIDE-1746433910913-b5c7olebe to Kafka","timestamp":"2025-05-05T08:31:51.013Z"}
{"level":"info","message":"📤 Published ride request RIDE-1746433910921-11955vqqm to Kafka","timestamp":"2025-05-05T08:31:51.062Z"}
{"level":"info","message":"📤 Published ride request RIDE-1746433910922-1cx748wil to Kafka","timestamp":"2025-05-05T08:31:51.063Z"}
{"level":"info","message":"📤 Published ride request RIDE-1746433910915-4eccf0m2l to Kafka","timestamp":"2025-05-05T08:31:51.422Z"}
{"level":"info","message":"📤 Published ride request RIDE-1746433910919-14hkddg0z to Kafka","timestamp":"2025-05-05T08:31:51.436Z"}
{"level":"info","message":"🔎 ML response payload:","predicted_fare":28.59,"timestamp":"2025-05-05T17:14:21.172Z"}
{"level":"info","message":"📤 Published ride request RIDE-1746465261120-tkczwf4qo to Kafka","timestamp":"2025-05-05T17:14:21.665Z"}
{"level":"info","message":"🔎 ML response payload:","predicted_fare":23.06,"timestamp":"2025-05-05T17:14:21.907Z"}
{"level":"info","message":"📤 Published ride request RIDE-1746465261904-ggb8zc1wi to Kafka","timestamp":"2025-05-05T17:14:21.997Z"}
{"level":"info","message":"🔎 ML response payload:","predicted_fare":44.59,"timestamp":"2025-05-05T17:14:22.509Z"}
{"level":"info","message":"🔎 ML response payload:","predicted_fare":31.49,"timestamp":"2025-05-05T17:14:22.516Z"}
{"level":"info","message":"📤 Published ride request RIDE-1746465262502-thf18a35i to Kafka","timestamp":"2025-05-05T17:14:22.595Z"}
{"level":"info","message":"📤 Published ride request RIDE-1746465262508-8wq5qh5gl to Kafka","timestamp":"2025-05-05T17:14:23.025Z"}
{"level":"info","message":"🔎 ML response payload:","predicted_fare":26.26,"timestamp":"2025-05-05T17:14:23.664Z"}
{"level":"info","message":"📤 Published ride request RIDE-1746465263661-sarc4mxad to Kafka","timestamp":"2025-05-05T17:14:23.750Z"}
{"level":"info","message":"🔎 ML response payload:","predicted_fare":44.58,"timestamp":"2025-05-05T17:14:24.231Z"}
{"level":"info","message":"📤 Published ride request RIDE-1746465264229-jxem0pzec to Kafka","timestamp":"2025-05-05T17:14:24.314Z"}
{"level":"info","message":"🔎 ML response payload:","predicted_fare":61.29,"timestamp":"2025-05-05T17:14:24.721Z"}
{"level":"info","message":"📤 Published ride request RIDE-1746465264718-mb2xcxft1 to Kafka","timestamp":"2025-05-05T17:14:24.806Z"}
{"level":"info","message":"🔎 ML response payload:","predicted_fare":22.89,"timestamp":"2025-05-05T17:14:25.308Z"}
{"level":"info","message":"📤 Published ride request RIDE-1746465265305-e2kso75j6 to Kafka","timestamp":"2025-05-05T17:14:25.399Z"}
{"level":"info","message":"🔎 ML response payload:","predicted_fare":39.27,"timestamp":"2025-05-05T17:15:38.329Z"}
{"level":"info","message":"📤 Published ride request RIDE-1746465338319-dav6u37js to Kafka","timestamp":"2025-05-05T17:15:38.430Z"}
{"level":"info","message":"🔎 ML response payload:","predicted_fare":31.73,"timestamp":"2025-05-05T17:15:42.509Z"}
{"level":"info","message":"🔎 ML response payload:","predicted_fare":34.07,"timestamp":"2025-05-05T17:15:42.531Z"}
{"level":"info","message":"📤 Published ride request RIDE-1746465342506-pg5o66ysa to Kafka","timestamp":"2025-05-05T17:15:42.602Z"}
{"level":"info","message":"📤 Published ride request RIDE-1746465342529-vqf4h4nab to Kafka","timestamp":"2025-05-05T17:15:42.622Z"}
{"level":"info","message":"🔎 ML response payload:","predicted_fare":129.69,"timestamp":"2025-05-05T17:15:43.979Z"}
{"level":"info","message":"📤 Published ride request RIDE-1746465343977-ak76omizr to Kafka","timestamp":"2025-05-05T17:15:44.065Z"}
{"level":"info","message":"🔎 ML response payload:","predicted_fare":38.01,"timestamp":"2025-05-05T17:15:44.844Z"}
{"level":"info","message":"📤 Published ride request RIDE-1746465344840-a98cdaf9w to Kafka","timestamp":"2025-05-05T17:15:44.939Z"}
{"level":"info","message":"🔎 ML response payload:","predicted_fare":33.47,"timestamp":"2025-05-05T17:15:45.927Z"}
{"level":"info","message":"📤 Published ride request RIDE-1746465345924-wluulr591 to Kafka","timestamp":"2025-05-05T17:15:46.015Z"}
{"level":"info","message":"🔎 ML response payload:","predicted_fare":15.65,"timestamp":"2025-05-05T17:15:47.186Z"}
{"level":"info","message":"📤 Published ride request RIDE-1746465347183-mglx6yztu to Kafka","timestamp":"2025-05-05T17:15:47.273Z"}
{"level":"info","message":"🔎 ML response payload:","predicted_fare":11.36,"timestamp":"2025-05-05T17:16:40.584Z"}
{"level":"info","message":"📤 Published ride request RIDE-1746465400576-1v0djtgms to Kafka","timestamp":"2025-05-05T17:16:40.711Z"}
{"level":"info","message":"🔎 ML response payload:","predicted_fare":15.6,"timestamp":"2025-05-05T17:16:40.961Z"}
{"level":"info","message":"📤 Published ride request RIDE-1746465400959-vayyb3kk9 to Kafka","timestamp":"2025-05-05T17:16:41.048Z"}
{"level":"info","message":"🔎 ML response payload:","predicted_fare":64.72,"timestamp":"2025-05-05T17:20:41.409Z"}
{"level":"info","message":"📤 Published ride request RIDE-1746465641401-5m3gtcj8y to Kafka","timestamp":"2025-05-05T17:20:41.523Z"}
{"level":"info","message":"🔎 ML response payload:","predicted_fare":28.33,"timestamp":"2025-05-05T17:20:42.089Z"}
{"level":"info","message":"🔎 ML response payload:","predicted_fare":46.3,"timestamp":"2025-05-05T17:20:42.108Z"}
{"level":"info","message":"🔎 ML response payload:","predicted_fare":58.87,"timestamp":"2025-05-05T17:20:42.109Z"}
{"level":"info","message":"📤 Published ride request RIDE-1746465642084-c201j5llw to Kafka","timestamp":"2025-05-05T17:20:42.172Z"}
{"level":"info","message":"📤 Published ride request RIDE-1746465642104-eqgkjl7ay to Kafka","timestamp":"2025-05-05T17:20:42.192Z"}
{"level":"info","message":"📤 Published ride request RIDE-1746465642105-yfwh5ob8h to Kafka","timestamp":"2025-05-05T17:20:42.643Z"}
{"level":"info","message":"🔎 ML response payload:","predicted_fare":35.37,"timestamp":"2025-05-05T17:20:43.516Z"}
{"level":"info","message":"📤 Published ride request RIDE-1746465643513-sn9p09vg4 to Kafka","timestamp":"2025-05-05T17:20:43.600Z"}
{"level":"info","message":"🔎 ML response payload:","predicted_fare":22.04,"timestamp":"2025-05-05T17:20:43.690Z"}
{"level":"info","message":"🔎 ML response payload:","predicted_fare":44.7,"timestamp":"2025-05-05T17:20:43.692Z"}
{"level":"info","message":"🔎 ML response payload:","predicted_fare":32.3,"timestamp":"2025-05-05T17:20:43.694Z"}
{"level":"info","message":"🔎 ML response payload:","predicted_fare":11.83,"timestamp":"2025-05-05T17:20:43.695Z"}
{"level":"info","message":"🔎 ML response payload:","predicted_fare":21.4,"timestamp":"2025-05-05T17:20:43.696Z"}
{"level":"info","message":"🔎 ML response payload:","predicted_fare":35.62,"timestamp":"2025-05-05T17:20:43.701Z"}
{"level":"info","message":"📤 Published ride request RIDE-1746465643673-wn13pwpjy to Kafka","timestamp":"2025-05-05T17:20:43.775Z"}
{"level":"info","message":"📤 Published ride request RIDE-1746465643676-8jzpnsj2m to Kafka","timestamp":"2025-05-05T17:20:43.779Z"}
{"level":"info","message":"📤 Published ride request RIDE-1746465643674-0q7kk5tar to Kafka","timestamp":"2025-05-05T17:20:43.784Z"}
{"level":"info","message":"📤 Published ride request RIDE-1746465643689-fdydf0l1x to Kafka","timestamp":"2025-05-05T17:20:43.855Z"}
{"level":"info","message":"📤 Published ride request RIDE-1746465643677-8gdb72uuz to Kafka","timestamp":"2025-05-05T17:20:44.204Z"}
{"level":"info","message":"📤 Published ride request RIDE-1746465643676-gfzkg1tyg to Kafka","timestamp":"2025-05-05T17:20:44.220Z"}
{"level":"info","message":"🔎 ML response payload:","predicted_fare":23.22,"timestamp":"2025-05-05T17:20:44.824Z"}
{"level":"info","message":"📤 Published ride request RIDE-1746465644822-ixysqm1ij to Kafka","timestamp":"2025-05-05T17:20:44.909Z"}
{"level":"info","message":"🔎 ML response payload:","predicted_fare":27.31,"timestamp":"2025-05-05T17:20:45.537Z"}
{"level":"info","message":"🔎 ML response payload:","predicted_fare":46.72,"timestamp":"2025-05-05T17:20:45.537Z"}
{"level":"info","message":"🔎 ML response payload:","predicted_fare":26.74,"timestamp":"2025-05-05T17:20:45.538Z"}
{"level":"info","message":"📤 Published ride request RIDE-1746465645535-3sxhwgtor to Kafka","timestamp":"2025-05-05T17:20:45.620Z"}
{"level":"info","message":"📤 Published ride request RIDE-1746465645535-gpeialkv4 to Kafka","timestamp":"2025-05-05T17:20:45.624Z"}
{"level":"info","message":"📤 Published ride request RIDE-1746465645535-rawr31kqv to Kafka","timestamp":"2025-05-05T17:20:45.626Z"}
{"level":"info","message":"🔎 ML response payload:","predicted_fare":36.03,"timestamp":"2025-05-05T17:20:46.576Z"}
{"level":"info","message":"🔎 ML response payload:","predicted_fare":87.76,"timestamp":"2025-05-05T17:20:46.577Z"}
{"level":"info","message":"📤 Published ride request RIDE-1746465646574-b84ew75zh to Kafka","timestamp":"2025-05-05T17:20:46.660Z"}
{"level":"info","message":"📤 Published ride request RIDE-1746465646575-kt3r9ikd0 to Kafka","timestamp":"2025-05-05T17:20:46.663Z"}
{"level":"info","message":"🔎 ML response payload:","predicted_fare":16.51,"timestamp":"2025-05-05T17:20:47.161Z"}
{"level":"info","message":"🔎 ML response payload:","predicted_fare":38.67,"timestamp":"2025-05-05T17:20:47.161Z"}
{"level":"info","message":"🔎 ML response payload:","predicted_fare":27.01,"timestamp":"2025-05-05T17:20:47.162Z"}
{"level":"info","message":"🔎 ML response payload:","predicted_fare":43.75,"timestamp":"2025-05-05T17:20:47.162Z"}
{"level":"info","message":"🔎 ML response payload:","predicted_fare":19.42,"timestamp":"2025-05-05T17:20:47.163Z"}
{"level":"info","message":"🔎 ML response payload:","predicted_fare":43.09,"timestamp":"2025-05-05T17:20:47.227Z"}
{"level":"info","message":"🔎 ML response payload:","predicted_fare":25.95,"timestamp":"2025-05-05T17:20:47.230Z"}
{"level":"info","message":"🔎 ML response payload:","predicted_fare":36.65,"timestamp":"2025-05-05T17:20:47.231Z"}
{"level":"info","message":"🔎 ML response payload:","predicted_fare":39.99,"timestamp":"2025-05-05T17:20:47.231Z"}
{"level":"info","message":"🔎 ML response payload:","predicted_fare":38.43,"timestamp":"2025-05-05T17:20:47.232Z"}
{"level":"info","message":"📤 Published ride request RIDE-1746465647157-iwufx3cyt to Kafka","timestamp":"2025-05-05T17:20:47.244Z"}
{"level":"info","message":"📤 Published ride request RIDE-1746465647157-ord7kzsat to Kafka","timestamp":"2025-05-05T17:20:47.248Z"}
{"level":"info","message":"📤 Published ride request RIDE-1746465647158-1wmu66f1w to Kafka","timestamp":"2025-05-05T17:20:47.250Z"}
{"level":"info","message":"📤 Published ride request RIDE-1746465647158-a65jdbwhf to Kafka","timestamp":"2025-05-05T17:20:47.252Z"}
{"level":"info","message":"📤 Published ride request RIDE-1746465647158-tv9l9emdh to Kafka","timestamp":"2025-05-05T17:20:47.255Z"}
{"level":"info","message":"📤 Published ride request RIDE-1746465647225-ws07wmrvv to Kafka","timestamp":"2025-05-05T17:20:47.324Z"}
{"level":"info","message":"📤 Published ride request RIDE-1746465647225-snrkrchh6 to Kafka","timestamp":"2025-05-05T17:20:47.326Z"}
{"level":"info","message":"📤 Published ride request RIDE-1746465647226-qqqklesmz to Kafka","timestamp":"2025-05-05T17:20:47.329Z"}
{"level":"info","message":"📤 Published ride request RIDE-1746465647225-grl7gt607 to Kafka","timestamp":"2025-05-05T17:20:47.742Z"}
{"level":"info","message":"📤 Published ride request RIDE-1746465647225-vfmgz875n to Kafka","timestamp":"2025-05-05T17:20:47.763Z"}
{"level":"info","message":"🔎 ML response payload:","predicted_fare":36.96,"timestamp":"2025-05-05T17:20:48.666Z"}
{"level":"info","message":"📤 Published ride request RIDE-1746465648663-v8e90b7y5 to Kafka","timestamp":"2025-05-05T17:20:48.750Z"}
{"level":"info","message":"🔎 ML response payload:","predicted_fare":51.97,"timestamp":"2025-05-05T17:20:49.640Z"}
{"level":"info","message":"🔎 ML response payload:","predicted_fare":26.96,"timestamp":"2025-05-05T17:20:49.640Z"}
{"level":"info","message":"🔎 ML response payload:","predicted_fare":23.43,"timestamp":"2025-05-05T17:20:49.641Z"}
{"level":"info","message":"🔎 ML response payload:","predicted_fare":20.31,"timestamp":"2025-05-05T17:20:49.641Z"}
{"level":"info","message":"📤 Published ride request RIDE-1746465649637-jm0pz1ia5 to Kafka","timestamp":"2025-05-05T17:20:49.724Z"}
{"level":"info","message":"📤 Published ride request RIDE-1746465649636-bpwx6g4lh to Kafka","timestamp":"2025-05-05T17:20:49.726Z"}
{"level":"info","message":"📤 Published ride request RIDE-1746465649637-1cmjrxpdy to Kafka","timestamp":"2025-05-05T17:20:49.729Z"}
{"level":"info","message":"📤 Published ride request RIDE-1746465649637-qcqxuv46g to Kafka","timestamp":"2025-05-05T17:20:49.731Z"}
{"level":"info","message":"🔎 ML response payload:","predicted_fare":66.33,"timestamp":"2025-05-05T17:20:50.593Z"}
{"level":"info","message":"🔎 ML response payload:","predicted_fare":34.31,"timestamp":"2025-05-05T17:20:50.593Z"}
{"level":"info","message":"🔎 ML response payload:","predicted_fare":13.81,"timestamp":"2025-05-05T17:20:50.594Z"}
{"level":"info","message":"🔎 ML response payload:","predicted_fare":28.73,"timestamp":"2025-05-05T17:20:50.595Z"}
{"level":"info","message":"📤 Published ride request RIDE-1746465650590-9fc5k706y to Kafka","timestamp":"2025-05-05T17:20:50.677Z"}
{"level":"info","message":"📤 Published ride request RIDE-1746465650591-lhvmdmo8z to Kafka","timestamp":"2025-05-05T17:20:50.681Z"}
{"level":"info","message":"📤 Published ride request RIDE-1746465650591-8wcjhvsyd to Kafka","timestamp":"2025-05-05T17:20:50.684Z"}
{"level":"info","message":"📤 Published ride request RIDE-1746465650591-zulkdi816 to Kafka","timestamp":"2025-05-05T17:20:50.686Z"}
{"level":"info","message":"🔎 ML response payload:","predicted_fare":14.77,"timestamp":"2025-05-05T17:20:51.926Z"}
{"level":"info","message":"🔎 ML response payload:","predicted_fare":25.14,"timestamp":"2025-05-05T17:20:51.928Z"}
{"level":"info","message":"🔎 ML response payload:","predicted_fare":33.16,"timestamp":"2025-05-05T17:20:51.929Z"}
{"level":"info","message":"🔎 ML response payload:","predicted_fare":31.95,"timestamp":"2025-05-05T17:20:51.930Z"}
{"level":"info","message":"🔎 ML response payload:","predicted_fare":23.57,"timestamp":"2025-05-05T17:20:51.931Z"}
{"level":"info","message":"📤 Published ride request RIDE-1746465651924-3mx55traq to Kafka","timestamp":"2025-05-05T17:20:52.010Z"}
{"level":"info","message":"📤 Published ride request RIDE-1746465651924-ffqynlgfi to Kafka","timestamp":"2025-05-05T17:20:52.012Z"}
{"level":"info","message":"📤 Published ride request RIDE-1746465651925-hj54rkh61 to Kafka","timestamp":"2025-05-05T17:20:52.013Z"}
{"level":"info","message":"📤 Published ride request RIDE-1746465651925-czsp0a6bf to Kafka","timestamp":"2025-05-05T17:20:52.015Z"}
{"level":"info","message":"📤 Published ride request RIDE-1746465651925-77fh1je94 to Kafka","timestamp":"2025-05-05T17:20:52.017Z"}
{"level":"info","message":"🔎 ML response payload:","predicted_fare":5.96,"timestamp":"2025-05-05T17:29:31.930Z"}
{"level":"info","message":"📤 Published ride request RIDE-1746466171917-u2lpthu53 to Kafka","timestamp":"2025-05-05T17:29:32.061Z"}
{"level":"info","message":"🔎 ML response payload:","predicted_fare":33.33,"timestamp":"2025-05-05T17:29:32.419Z"}
{"level":"info","message":"📤 Published ride request RIDE-1746466172417-nwh0azuqt to Kafka","timestamp":"2025-05-05T17:29:32.507Z"}
{"level":"info","message":"🔎 ML response payload:","predicted_fare":30.98,"timestamp":"2025-05-05T17:29:33.341Z"}
{"level":"info","message":"📤 Published ride request RIDE-1746466173338-4k9qn3suk to Kafka","timestamp":"2025-05-05T17:29:33.432Z"}
{"level":"info","message":"🔎 ML response payload:","predicted_fare":17.75,"timestamp":"2025-05-05T17:29:33.672Z"}
{"level":"info","message":"📤 Published ride request RIDE-1746466173669-dzwfgdyep to Kafka","timestamp":"2025-05-05T17:29:33.756Z"}
{"level":"info","message":"🔎 ML response payload:","predicted_fare":26.98,"timestamp":"2025-05-05T17:29:33.906Z"}
{"level":"info","message":"📤 Published ride request RIDE-1746466173903-ygfgblt01 to Kafka","timestamp":"2025-05-05T17:29:33.991Z"}
{"level":"info","message":"🔎 ML response payload:","predicted_fare":52.25,"timestamp":"2025-05-05T17:29:34.229Z"}
{"level":"info","message":"📤 Published ride request RIDE-1746466174226-pqimm9gnw to Kafka","timestamp":"2025-05-05T17:29:34.316Z"}
{"level":"info","message":"🔎 ML response payload:","predicted_fare":79.78,"timestamp":"2025-05-05T17:29:34.486Z"}
{"level":"info","message":"📤 Published ride request RIDE-1746466174484-w20g5x37g to Kafka","timestamp":"2025-05-05T17:29:34.569Z"}
{"level":"info","message":"🔎 ML response payload:","predicted_fare":45.18,"timestamp":"2025-05-05T17:29:36.812Z"}
{"level":"info","message":"🔎 ML response payload:","predicted_fare":14.85,"timestamp":"2025-05-05T17:29:36.813Z"}
{"level":"info","message":"📤 Published ride request RIDE-1746466176808-uz1azwfak to Kafka","timestamp":"2025-05-05T17:29:36.895Z"}
{"level":"info","message":"📤 Published ride request RIDE-1746466176809-qvibu97r6 to Kafka","timestamp":"2025-05-05T17:29:37.319Z"}
{"level":"info","message":"🔎 ML response payload:","predicted_fare":11.51,"timestamp":"2025-05-05T17:29:37.726Z"}
{"level":"info","message":"🔎 ML response payload:","predicted_fare":20.51,"timestamp":"2025-05-05T17:29:37.727Z"}
{"level":"info","message":"🔎 ML response payload:","predicted_fare":13,"timestamp":"2025-05-05T17:29:37.728Z"}
{"level":"info","message":"📤 Published ride request RIDE-1746466177720-g1u6t9dpn to Kafka","timestamp":"2025-05-05T17:29:37.809Z"}
{"level":"info","message":"📤 Published ride request RIDE-1746466177720-xcys2k3ao to Kafka","timestamp":"2025-05-05T17:29:37.810Z"}
{"level":"info","message":"📤 Published ride request RIDE-1746466177721-cz4md86mv to Kafka","timestamp":"2025-05-05T17:29:38.239Z"}
{"level":"info","message":"🔎 ML response payload:","predicted_fare":41.12,"timestamp":"2025-05-05T17:29:38.380Z"}
{"level":"info","message":"🔎 ML response payload:","predicted_fare":33.43,"timestamp":"2025-05-05T17:29:38.381Z"}
{"level":"info","message":"📤 Published ride request RIDE-1746466178378-syqyiqvsc to Kafka","timestamp":"2025-05-05T17:29:38.469Z"}
{"level":"info","message":"📤 Published ride request RIDE-1746466178378-2amzfhed9 to Kafka","timestamp":"2025-05-05T17:29:38.493Z"}
{"level":"info","message":"🔎 ML response payload:","predicted_fare":27.27,"timestamp":"2025-05-05T17:29:38.661Z"}
{"level":"info","message":"🔎 ML response payload:","predicted_fare":68.34,"timestamp":"2025-05-05T17:29:38.663Z"}
{"level":"info","message":"🔎 ML response payload:","predicted_fare":21.27,"timestamp":"2025-05-05T17:29:38.703Z"}
{"level":"info","message":"📤 Published ride request RIDE-1746466178659-677w3jmnd to Kafka","timestamp":"2025-05-05T17:29:38.745Z"}
{"level":"info","message":"📤 Published ride request RIDE-1746466178660-00p2yek2y to Kafka","timestamp":"2025-05-05T17:29:38.749Z"}
{"level":"info","message":"📤 Published ride request RIDE-1746466178700-wiiwjqq28 to Kafka","timestamp":"2025-05-05T17:29:38.786Z"}
{"level":"info","message":"🔎 ML response payload:","predicted_fare":12.18,"timestamp":"2025-05-05T17:30:50.872Z"}
{"level":"info","message":"📤 Published ride request RIDE-1746466250855-rdeecu7ca to Kafka","timestamp":"2025-05-05T17:30:51.017Z"}
{"level":"info","message":"🔎 ML response payload:","predicted_fare":47.84,"timestamp":"2025-05-05T17:30:51.286Z"}
{"level":"info","message":"📤 Published ride request RIDE-1746466251283-hp88cq118 to Kafka","timestamp":"2025-05-05T17:30:51.370Z"}
{"level":"info","message":"🔎 ML response payload:","predicted_fare":32.88,"timestamp":"2025-05-05T17:31:17.508Z"}
{"level":"info","message":"📤 Published ride request RIDE-1746466277500-zwtcv5jwh to Kafka","timestamp":"2025-05-05T17:31:17.618Z"}
{"level":"info","message":"🔎 ML response payload:","predicted_fare":58.14,"timestamp":"2025-05-05T17:31:17.898Z"}
{"level":"info","message":"📤 Published ride request RIDE-1746466277893-xt4t8bkda to Kafka","timestamp":"2025-05-05T17:31:17.982Z"}
{"level":"info","message":"🔎 ML response payload:","predicted_fare":28.3,"timestamp":"2025-05-05T17:31:18.277Z"}
{"level":"info","message":"📤 Published ride request RIDE-1746466278275-i6xv6yt7f to Kafka","timestamp":"2025-05-05T17:31:18.369Z"}
{"level":"info","message":"🔎 ML response payload:","predicted_fare":16.15,"timestamp":"2025-05-05T17:31:19.000Z"}
{"level":"info","message":"📤 Published ride request RIDE-1746466278998-j8am1it7g to Kafka","timestamp":"2025-05-05T17:31:19.087Z"}
{"level":"info","message":"🔎 ML response payload:","predicted_fare":52.83,"timestamp":"2025-05-05T17:31:19.298Z"}
{"level":"info","message":"📤 Published ride request RIDE-1746466279296-orrs5q05g to Kafka","timestamp":"2025-05-05T17:31:19.386Z"}
{"level":"info","message":"🔎 ML response payload:","predicted_fare":112.99,"timestamp":"2025-05-05T17:31:20.122Z"}
{"level":"info","message":"📤 Published ride request RIDE-1746466280120-wml8j280g to Kafka","timestamp":"2025-05-05T17:31:20.205Z"}
{"level":"info","message":"🔎 ML response payload:","predicted_fare":74.04,"timestamp":"2025-05-05T17:31:20.496Z"}
{"level":"info","message":"📤 Published ride request RIDE-1746466280492-h547tjvwi to Kafka","timestamp":"2025-05-05T17:31:20.581Z"}
{"level":"info","message":"🔎 ML response payload:","predicted_fare":16.97,"timestamp":"2025-05-05T17:35:38.712Z"}
{"level":"info","message":"📤 Published ride request RIDE-1746466538700-qncfzuf96 to Kafka","timestamp":"2025-05-05T17:35:38.838Z"}
{"level":"info","message":"🔎 ML response payload:","predicted_fare":24.55,"timestamp":"2025-05-05T17:35:39.095Z"}
{"level":"info","message":"📤 Published ride request RIDE-1746466539092-202pttf9p to Kafka","timestamp":"2025-05-05T17:35:39.178Z"}
{"level":"info","message":"🔎 ML response payload:","predicted_fare":11.23,"timestamp":"2025-05-05T17:35:39.903Z"}
{"level":"info","message":"📤 Published ride request RIDE-1746466539900-x834bfjtb to Kafka","timestamp":"2025-05-05T17:35:39.987Z"}
{"level":"info","message":"🔎 ML response payload:","predicted_fare":29.37,"timestamp":"2025-05-05T17:35:41.908Z"}
{"level":"info","message":"📤 Published ride request RIDE-1746466541906-osjbti5n6 to Kafka","timestamp":"2025-05-05T17:35:41.992Z"}
{"level":"info","message":"🔎 ML response payload:","predicted_fare":60.51,"timestamp":"2025-05-05T17:35:42.290Z"}
{"level":"info","message":"📤 Published ride request RIDE-1746466542287-obcuzak2x to Kafka","timestamp":"2025-05-05T17:35:42.373Z"}
{"level":"info","message":"🔎 ML response payload:","predicted_fare":24.7,"timestamp":"2025-05-05T18:14:08.509Z"}
{"level":"info","message":"📤 Published ride request RIDE-1746468848478-trdll3kig to Kafka","timestamp":"2025-05-05T18:14:09.087Z"}
{"level":"info","message":"🔎 ML response payload:","predicted_fare":11.93,"timestamp":"2025-05-05T18:14:09.153Z"}
{"level":"info","message":"🔎 ML response payload:","predicted_fare":35.18,"timestamp":"2025-05-05T18:14:09.215Z"}
{"level":"info","message":"🔎 ML response payload:","predicted_fare":28.93,"timestamp":"2025-05-05T18:14:09.218Z"}
{"level":"info","message":"📤 Published ride request RIDE-1746468849150-liaze9ifu to Kafka","timestamp":"2025-05-05T18:14:09.236Z"}
{"level":"info","message":"📤 Published ride request RIDE-1746468849210-ldsyfzgfz to Kafka","timestamp":"2025-05-05T18:14:09.756Z"}
{"level":"info","message":"📤 Published ride request RIDE-1746468849211-xpdktc0q9 to Kafka","timestamp":"2025-05-05T18:14:09.777Z"}
{"level":"info","message":"🔎 ML response payload:","predicted_fare":34.01,"timestamp":"2025-05-05T18:14:10.936Z"}
{"level":"info","message":"📤 Published ride request RIDE-1746468850932-29rhmuiun to Kafka","timestamp":"2025-05-05T18:14:11.027Z"}
{"level":"info","message":"🔎 ML response payload:","predicted_fare":69.28,"timestamp":"2025-05-05T18:14:11.209Z"}
{"level":"info","message":"🔎 ML response payload:","predicted_fare":27.85,"timestamp":"2025-05-05T18:14:11.211Z"}
{"level":"info","message":"🔎 ML response payload:","predicted_fare":80.16,"timestamp":"2025-05-05T18:14:11.213Z"}
{"level":"info","message":"🔎 ML response payload:","predicted_fare":35.21,"timestamp":"2025-05-05T18:14:11.215Z"}
{"level":"info","message":"🔎 ML response payload:","predicted_fare":56.95,"timestamp":"2025-05-05T18:14:11.216Z"}
{"level":"info","message":"🔎 ML response payload:","predicted_fare":59.13,"timestamp":"2025-05-05T18:14:11.217Z"}
{"level":"info","message":"🔎 ML response payload:","predicted_fare":16.62,"timestamp":"2025-05-05T18:14:11.217Z"}
{"level":"info","message":"📤 Published ride request RIDE-1746468851195-yiset2dys to Kafka","timestamp":"2025-05-05T18:14:11.295Z"}
{"level":"info","message":"📤 Published ride request RIDE-1746468851197-7112scl6i to Kafka","timestamp":"2025-05-05T18:14:11.299Z"}
{"level":"info","message":"📤 Published ride request RIDE-1746468851198-pcr432kll to Kafka","timestamp":"2025-05-05T18:14:11.302Z"}
{"level":"info","message":"📤 Published ride request RIDE-1746468851202-25pdyk1b1 to Kafka","timestamp":"2025-05-05T18:14:11.379Z"}
{"level":"info","message":"📤 Published ride request RIDE-1746468851204-g1s10fph5 to Kafka","timestamp":"2025-05-05T18:14:11.382Z"}
{"level":"info","message":"📤 Published ride request RIDE-1746468851201-7kbq4xbi7 to Kafka","timestamp":"2025-05-05T18:14:11.723Z"}
{"level":"info","message":"📤 Published ride request RIDE-1746468851200-uwtxj48n4 to Kafka","timestamp":"2025-05-05T18:14:11.726Z"}
{"level":"info","message":"🔎 ML response payload:","predicted_fare":29.81,"timestamp":"2025-05-05T18:14:14.259Z"}
{"level":"info","message":"📤 Published ride request RIDE-1746468854256-bhz0e94gy to Kafka","timestamp":"2025-05-05T18:14:14.352Z"}
{"level":"info","message":"🔎 ML response payload:","predicted_fare":28.78,"timestamp":"2025-05-05T18:14:15.313Z"}
{"level":"info","message":"🔎 ML response payload:","predicted_fare":50.14,"timestamp":"2025-05-05T18:14:15.315Z"}
{"level":"info","message":"🔎 ML response payload:","predicted_fare":157.82,"timestamp":"2025-05-05T18:14:15.320Z"}
{"level":"info","message":"🔎 ML response payload:","predicted_fare":26.15,"timestamp":"2025-05-05T18:14:15.321Z"}
{"level":"info","message":"🔎 ML response payload:","predicted_fare":14.87,"timestamp":"2025-05-05T18:14:15.323Z"}
{"level":"info","message":"🔎 ML response payload:","predicted_fare":20.35,"timestamp":"2025-05-05T18:14:15.325Z"}
{"level":"info","message":"🔎 ML response payload:","predicted_fare":21.25,"timestamp":"2025-05-05T18:14:15.326Z"}
{"level":"info","message":"🔎 ML response payload:","predicted_fare":27.38,"timestamp":"2025-05-05T18:14:15.327Z"}
{"level":"info","message":"🔎 ML response payload:","predicted_fare":6.08,"timestamp":"2025-05-05T18:14:15.328Z"}
{"level":"info","message":"🔎 ML response payload:","predicted_fare":56.41,"timestamp":"2025-05-05T18:14:15.329Z"}
{"level":"info","message":"📤 Published ride request RIDE-1746468855298-75jdlp3jx to Kafka","timestamp":"2025-05-05T18:14:15.403Z"}
{"level":"info","message":"📤 Published ride request RIDE-1746468855299-f6hza13ly to Kafka","timestamp":"2025-05-05T18:14:15.406Z"}
{"level":"info","message":"📤 Published ride request RIDE-1746468855306-4y4mgy2p4 to Kafka","timestamp":"2025-05-05T18:14:15.409Z"}
{"level":"info","message":"📤 Published ride request RIDE-1746468855308-a330xx88w to Kafka","timestamp":"2025-05-05T18:14:15.412Z"}
{"level":"info","message":"📤 Published ride request RIDE-1746468855316-khg9ksx40 to Kafka","timestamp":"2025-05-05T18:14:15.416Z"}
{"level":"info","message":"🔎 ML response payload:","predicted_fare":22.97,"timestamp":"2025-05-05T18:14:15.445Z"}
{"level":"info","message":"🔎 ML response payload:","predicted_fare":39.68,"timestamp":"2025-05-05T18:14:15.449Z"}
{"level":"info","message":"🔎 ML response payload:","predicted_fare":23.15,"timestamp":"2025-05-05T18:14:15.453Z"}
{"level":"info","message":"🔎 ML response payload:","predicted_fare":23.84,"timestamp":"2025-05-05T18:14:15.459Z"}
{"level":"info","message":"🔎 ML response payload:","predicted_fare":14.61,"timestamp":"2025-05-05T18:14:15.460Z"}
{"level":"info","message":"🔎 ML response payload:","predicted_fare":81.52,"timestamp":"2025-05-05T18:14:15.461Z"}
{"level":"info","message":"🔎 ML response payload:","predicted_fare":31.27,"timestamp":"2025-05-05T18:14:15.461Z"}
{"level":"info","message":"📤 Published ride request RIDE-1746468855313-iresk232p to Kafka","timestamp":"2025-05-05T18:14:15.476Z"}
{"level":"info","message":"📤 Published ride request RIDE-1746468855317-5airq8xqs to Kafka","timestamp":"2025-05-05T18:14:15.477Z"}
{"level":"info","message":"📤 Published ride request RIDE-1746468855318-vldst7w9c to Kafka","timestamp":"2025-05-05T18:14:15.496Z"}
{"level":"info","message":"📤 Published ride request RIDE-1746468855435-wz5bpa3nk to Kafka","timestamp":"2025-05-05T18:14:15.528Z"}
{"level":"info","message":"📤 Published ride request RIDE-1746468855437-2ecfon1ka to Kafka","timestamp":"2025-05-05T18:14:15.535Z"}
{"level":"info","message":"📤 Published ride request RIDE-1746468855438-0c1rlur7d to Kafka","timestamp":"2025-05-05T18:14:15.556Z"}
{"level":"info","message":"📤 Published ride request RIDE-1746468855442-u9yz71l7c to Kafka","timestamp":"2025-05-05T18:14:15.557Z"}
{"level":"info","message":"📤 Published ride request RIDE-1746468855443-fmbnb5hpp to Kafka","timestamp":"2025-05-05T18:14:15.574Z"}
{"level":"info","message":"📤 Published ride request RIDE-1746468855455-zwj80lyj8 to Kafka","timestamp":"2025-05-05T18:14:15.607Z"}
{"level":"info","message":"📤 Published ride request RIDE-1746468855444-zaaloe8mn to Kafka","timestamp":"2025-05-05T18:14:15.616Z"}
{"level":"info","message":"📤 Published ride request RIDE-1746468855312-1jcmn8jji to Kafka","timestamp":"2025-05-05T18:14:15.836Z"}
{"level":"info","message":"📤 Published ride request RIDE-1746468855311-zn8qo7te4 to Kafka","timestamp":"2025-05-05T18:14:15.850Z"}
{"level":"info","message":"🔎 ML response payload:","predicted_fare":14.32,"timestamp":"2025-05-05T18:14:18.172Z"}
{"level":"info","message":"📤 Published ride request RIDE-1746468858171-c57n42p2n to Kafka","timestamp":"2025-05-05T18:14:18.259Z"}
{"level":"info","message":"🔎 ML response payload:","predicted_fare":20.4,"timestamp":"2025-05-05T18:14:18.892Z"}
{"level":"info","message":"🔎 ML response payload:","predicted_fare":32.1,"timestamp":"2025-05-05T18:14:18.899Z"}
{"level":"info","message":"🔎 ML response payload:","predicted_fare":51.09,"timestamp":"2025-05-05T18:14:18.907Z"}
{"level":"info","message":"🔎 ML response payload:","predicted_fare":34.98,"timestamp":"2025-05-05T18:14:18.907Z"}
{"level":"info","message":"🔎 ML response payload:","predicted_fare":17.86,"timestamp":"2025-05-05T18:14:18.908Z"}
{"level":"info","message":"🔎 ML response payload:","predicted_fare":32.91,"timestamp":"2025-05-05T18:14:18.908Z"}
{"level":"info","message":"🔎 ML response payload:","predicted_fare":22.16,"timestamp":"2025-05-05T18:14:18.909Z"}
{"level":"info","message":"🔎 ML response payload:","predicted_fare":56.93,"timestamp":"2025-05-05T18:14:18.909Z"}
{"level":"info","message":"🔎 ML response payload:","predicted_fare":39.62,"timestamp":"2025-05-05T18:14:18.910Z"}
{"level":"info","message":"🔎 ML response payload:","predicted_fare":28.43,"timestamp":"2025-05-05T18:14:18.911Z"}
{"level":"info","message":"🔎 ML response payload:","predicted_fare":34.14,"timestamp":"2025-05-05T18:14:18.948Z"}
{"level":"info","message":"🔎 ML response payload:","predicted_fare":17.22,"timestamp":"2025-05-05T18:14:18.949Z"}
{"level":"info","message":"🔎 ML response payload:","predicted_fare":21.69,"timestamp":"2025-05-05T18:14:18.950Z"}
{"level":"info","message":"🔎 ML response payload:","predicted_fare":20.95,"timestamp":"2025-05-05T18:14:18.950Z"}
{"level":"info","message":"📤 Published ride request RIDE-1746468858884-7q5uxod98 to Kafka","timestamp":"2025-05-05T18:14:18.979Z"}
{"level":"info","message":"📤 Published ride request RIDE-1746468858889-bi1gsocxx to Kafka","timestamp":"2025-05-05T18:14:18.982Z"}
{"level":"info","message":"📤 Published ride request RIDE-1746468858890-74l0itaaj to Kafka","timestamp":"2025-05-05T18:14:18.995Z"}
{"level":"info","message":"📤 Published ride request RIDE-1746468858900-85z38fr3k to Kafka","timestamp":"2025-05-05T18:14:18.997Z"}
{"level":"info","message":"📤 Published ride request RIDE-1746468858897-13it694ir to Kafka","timestamp":"2025-05-05T18:14:19.000Z"}
{"level":"info","message":"📤 Published ride request RIDE-1746468858890-9zuexx8yr to Kafka","timestamp":"2025-05-05T18:14:19.002Z"}
{"level":"info","message":"📤 Published ride request RIDE-1746468858890-t0ait1sx2 to Kafka","timestamp":"2025-05-05T18:14:19.003Z"}
{"level":"info","message":"📤 Published ride request RIDE-1746468858898-1hw2arbmg to Kafka","timestamp":"2025-05-05T18:14:19.060Z"}
{"level":"info","message":"📤 Published ride request RIDE-1746468858945-wxmi163ow to Kafka","timestamp":"2025-05-05T18:14:19.065Z"}
{"level":"info","message":"📤 Published ride request RIDE-1746468858946-qmrwdx2os to Kafka","timestamp":"2025-05-05T18:14:19.075Z"}
{"level":"info","message":"📤 Published ride request RIDE-1746468858946-arxhor0a7 to Kafka","timestamp":"2025-05-05T18:14:19.076Z"}
{"level":"info","message":"📤 Published ride request RIDE-1746468858946-r1sefee2f to Kafka","timestamp":"2025-05-05T18:14:19.078Z"}
{"level":"info","message":"📤 Published ride request RIDE-1746468858895-9jrq997y6 to Kafka","timestamp":"2025-05-05T18:14:19.425Z"}
{"level":"info","message":"📤 Published ride request RIDE-1746468858897-ocbl4k8bz to Kafka","timestamp":"2025-05-05T18:14:19.426Z"}
{"level":"info","message":"🔎 ML response payload:","predicted_fare":50.63,"timestamp":"2025-05-05T18:14:22.320Z"}
{"level":"info","message":"📤 Published ride request RIDE-1746468862317-bjnmfzjpt to Kafka","timestamp":"2025-05-05T18:14:22.405Z"}
{"level":"info","message":"🔎 ML response payload:","predicted_fare":13.96,"timestamp":"2025-05-05T18:14:24.137Z"}
{"level":"info","message":"🔎 ML response payload:","predicted_fare":34.11,"timestamp":"2025-05-05T18:14:24.140Z"}
{"level":"info","message":"🔎 ML response payload:","predicted_fare":45.23,"timestamp":"2025-05-05T18:14:24.143Z"}
{"level":"info","message":"🔎 ML response payload:","predicted_fare":26.85,"timestamp":"2025-05-05T18:14:24.145Z"}
{"level":"info","message":"🔎 ML response payload:","predicted_fare":35.04,"timestamp":"2025-05-05T18:14:24.147Z"}
{"level":"info","message":"🔎 ML response payload:","predicted_fare":50.81,"timestamp":"2025-05-05T18:14:24.147Z"}
{"level":"info","message":"🔎 ML response payload:","predicted_fare":22.15,"timestamp":"2025-05-05T18:14:24.149Z"}
{"level":"info","message":"🔎 ML response payload:","predicted_fare":48.42,"timestamp":"2025-05-05T18:14:24.150Z"}
{"level":"info","message":"🔎 ML response payload:","predicted_fare":32.88,"timestamp":"2025-05-05T18:14:24.150Z"}
{"level":"info","message":"🔎 ML response payload:","predicted_fare":78.38,"timestamp":"2025-05-05T18:14:24.151Z"}
{"level":"info","message":"🔎 ML response payload:","predicted_fare":49.07,"timestamp":"2025-05-05T18:14:24.151Z"}
{"level":"info","message":"📤 Published ride request RIDE-1746468864134-a9jp040s2 to Kafka","timestamp":"2025-05-05T18:14:24.220Z"}
{"level":"info","message":"📤 Published ride request RIDE-1746468864135-h6t9ulgox to Kafka","timestamp":"2025-05-05T18:14:24.223Z"}
{"level":"info","message":"📤 Published ride request RIDE-1746468864138-4s8fz1b8t to Kafka","timestamp":"2025-05-05T18:14:24.225Z"}
{"level":"info","message":"📤 Published ride request RIDE-1746468864138-umqce91gq to Kafka","timestamp":"2025-05-05T18:14:24.227Z"}
{"level":"info","message":"📤 Published ride request RIDE-1746468864139-7scprd75l to Kafka","timestamp":"2025-05-05T18:14:24.230Z"}
{"level":"info","message":"📤 Published ride request RIDE-1746468864140-emt4ngi3w to Kafka","timestamp":"2025-05-05T18:14:24.234Z"}
{"level":"info","message":"📤 Published ride request RIDE-1746468864140-3mmr5xtpo to Kafka","timestamp":"2025-05-05T18:14:24.236Z"}
{"level":"info","message":"📤 Published ride request RIDE-1746468864139-k10ckdg6y to Kafka","timestamp":"2025-05-05T18:14:24.240Z"}
{"level":"info","message":"📤 Published ride request RIDE-1746468864140-fetblywjq to Kafka","timestamp":"2025-05-05T18:14:24.242Z"}
{"level":"info","message":"📤 Published ride request RIDE-1746468864140-sepm36uji to Kafka","timestamp":"2025-05-05T18:14:24.660Z"}
{"level":"info","message":"📤 Published ride request RIDE-1746468864139-igsmu3nvz to Kafka","timestamp":"2025-05-05T18:14:24.667Z"}
{"level":"info","message":"🔎 ML response payload:","predicted_fare":43.73,"timestamp":"2025-05-05T18:14:25.317Z"}
{"level":"info","message":"🔎 ML response payload:","predicted_fare":36.82,"timestamp":"2025-05-05T18:14:25.319Z"}
{"level":"info","message":"🔎 ML response payload:","predicted_fare":-6.26,"timestamp":"2025-05-05T18:14:25.321Z"}
{"level":"info","message":"🔎 ML response payload:","predicted_fare":59.35,"timestamp":"2025-05-05T18:14:25.323Z"}
{"level":"info","message":"🔎 ML response payload:","predicted_fare":76.04,"timestamp":"2025-05-05T18:14:25.327Z"}
{"level":"info","message":"🔎 ML response payload:","predicted_fare":31.96,"timestamp":"2025-05-05T18:14:25.341Z"}
{"level":"info","message":"🔎 ML response payload:","predicted_fare":50.74,"timestamp":"2025-05-05T18:14:25.342Z"}
{"level":"info","message":"🔎 ML response payload:","predicted_fare":61.54,"timestamp":"2025-05-05T18:14:25.342Z"}
{"level":"info","message":"🔎 ML response payload:","predicted_fare":32.65,"timestamp":"2025-05-05T18:14:25.342Z"}
{"level":"info","message":"📤 Published ride request RIDE-1746468865311-n5suo0zdl to Kafka","timestamp":"2025-05-05T18:14:25.401Z"}
{"level":"info","message":"📤 Published ride request RIDE-1746468865312-m6lyj9jj9 to Kafka","timestamp":"2025-05-05T18:14:25.403Z"}
{"level":"info","message":"📤 Published ride request RIDE-1746468865315-7y17i0txq to Kafka","timestamp":"2025-05-05T18:14:25.407Z"}
{"level":"info","message":"📤 Published ride request RIDE-1746468865313-cjrun8pg1 to Kafka","timestamp":"2025-05-05T18:14:25.410Z"}
{"level":"info","message":"📤 Published ride request RIDE-1746468865317-phmi326mg to Kafka","timestamp":"2025-05-05T18:14:25.414Z"}
{"level":"info","message":"📤 Published ride request RIDE-1746468865337-xrw4swu92 to Kafka","timestamp":"2025-05-05T18:14:25.425Z"}
{"level":"info","message":"📤 Published ride request RIDE-1746468865337-q50o0a4ux to Kafka","timestamp":"2025-05-05T18:14:25.427Z"}
{"level":"info","message":"📤 Published ride request RIDE-1746468865337-n8mpav96q to Kafka","timestamp":"2025-05-05T18:14:25.428Z"}
{"level":"info","message":"📤 Published ride request RIDE-1746468865337-e2q4c0ljd to Kafka","timestamp":"2025-05-05T18:14:25.429Z"}
{"level":"info","message":"🔎 ML response payload:","predicted_fare":24.4,"timestamp":"2025-05-05T18:14:25.963Z"}
{"level":"info","message":"🔎 ML response payload:","predicted_fare":28.09,"timestamp":"2025-05-05T18:14:25.964Z"}
{"level":"info","message":"🔎 ML response payload:","predicted_fare":21.44,"timestamp":"2025-05-05T18:14:25.965Z"}
{"level":"info","message":"🔎 ML response payload:","predicted_fare":40.93,"timestamp":"2025-05-05T18:14:25.966Z"}
{"level":"info","message":"🔎 ML response payload:","predicted_fare":24.27,"timestamp":"2025-05-05T18:14:25.966Z"}
{"level":"info","message":"🔎 ML response payload:","predicted_fare":51.25,"timestamp":"2025-05-05T18:14:25.966Z"}
{"level":"info","message":"🔎 ML response payload:","predicted_fare":15.03,"timestamp":"2025-05-05T18:14:25.967Z"}
{"level":"info","message":"📤 Published ride request RIDE-1746468865958-frffuk186 to Kafka","timestamp":"2025-05-05T18:14:26.049Z"}
{"level":"info","message":"📤 Published ride request RIDE-1746468865959-78o9offps to Kafka","timestamp":"2025-05-05T18:14:26.051Z"}
{"level":"info","message":"📤 Published ride request RIDE-1746468865959-97lsrdff0 to Kafka","timestamp":"2025-05-05T18:14:26.053Z"}
{"level":"info","message":"📤 Published ride request RIDE-1746468865959-go49giv4k to Kafka","timestamp":"2025-05-05T18:14:26.055Z"}
{"level":"info","message":"📤 Published ride request RIDE-1746468865958-hcpew0ypf to Kafka","timestamp":"2025-05-05T18:14:26.057Z"}
{"level":"info","message":"📤 Published ride request RIDE-1746468865959-00yz2oo5c to Kafka","timestamp":"2025-05-05T18:14:26.059Z"}
{"level":"info","message":"📤 Published ride request RIDE-1746468865959-nwgmjjone to Kafka","timestamp":"2025-05-05T18:14:26.061Z"}
{"level":"info","message":"🔎 ML response payload:","predicted_fare":14.18,"timestamp":"2025-05-05T18:14:26.318Z"}
{"level":"info","message":"🔎 ML response payload:","predicted_fare":39.34,"timestamp":"2025-05-05T18:14:26.318Z"}
{"level":"info","message":"🔎 ML response payload:","predicted_fare":20.2,"timestamp":"2025-05-05T18:14:26.319Z"}
{"level":"info","message":"📤 Published ride request RIDE-1746468866315-lz5x6h4qn to Kafka","timestamp":"2025-05-05T18:14:26.400Z"}
{"level":"info","message":"📤 Published ride request RIDE-1746468866316-wa7tqdlqx to Kafka","timestamp":"2025-05-05T18:14:26.402Z"}
{"level":"info","message":"📤 Published ride request RIDE-1746468866316-38x1wj5d5 to Kafka","timestamp":"2025-05-05T18:14:26.406Z"}
{"level":"info","message":"🔎 ML response payload:","predicted_fare":14.36,"timestamp":"2025-05-05T18:14:26.546Z"}
{"level":"info","message":"🔎 ML response payload:","predicted_fare":20.78,"timestamp":"2025-05-05T18:14:26.547Z"}
{"level":"info","message":"📤 Published ride request RIDE-1746468866544-onweqoqb9 to Kafka","timestamp":"2025-05-05T18:14:26.636Z"}
{"level":"info","message":"📤 Published ride request RIDE-1746468866544-4tjmomhkt to Kafka","timestamp":"2025-05-05T18:14:26.639Z"}
{"level":"info","message":"🔎 ML response payload:","predicted_fare":47.28,"timestamp":"2025-05-05T18:14:26.965Z"}
{"level":"info","message":"📤 Published ride request RIDE-1746468866963-m4h2vwvml to Kafka","timestamp":"2025-05-05T18:14:27.049Z"}
{"level":"info","message":"🔎 ML response payload:","predicted_fare":32.53,"timestamp":"2025-05-05T18:14:27.395Z"}
{"level":"info","message":"📤 Published ride request RIDE-1746468867393-d8hk13u9h to Kafka","timestamp":"2025-05-05T18:14:27.478Z"}
{"level":"info","message":"🔎 ML response payload:","predicted_fare":25.65,"timestamp":"2025-05-05T18:14:27.653Z"}
{"level":"info","message":"🔎 ML response payload:","predicted_fare":40.98,"timestamp":"2025-05-05T18:14:27.654Z"}
{"level":"info","message":"🔎 ML response payload:","predicted_fare":79.12,"timestamp":"2025-05-05T18:14:27.654Z"}
{"level":"info","message":"📤 Published ride request RIDE-1746468867651-utiisvav2 to Kafka","timestamp":"2025-05-05T18:14:27.738Z"}
{"level":"info","message":"📤 Published ride request RIDE-1746468867650-7edb4m17z to Kafka","timestamp":"2025-05-05T18:14:27.739Z"}
{"level":"info","message":"📤 Published ride request RIDE-1746468867651-3gg5pive1 to Kafka","timestamp":"2025-05-05T18:14:27.748Z"}
{"level":"info","message":"🔎 ML response payload:","predicted_fare":36.73,"timestamp":"2025-05-05T18:14:27.901Z"}
{"level":"info","message":"📤 Published ride request RIDE-1746468867899-68i8eqld6 to Kafka","timestamp":"2025-05-05T18:14:27.985Z"}
{"level":"info","message":"🔎 ML response payload:","predicted_fare":38.79,"timestamp":"2025-05-05T18:14:28.130Z"}
{"level":"info","message":"📤 Published ride request RIDE-1746468868128-91lxeev5y to Kafka","timestamp":"2025-05-05T18:14:28.216Z"}
{"level":"info","message":"🔎 ML response payload:","predicted_fare":49.97,"timestamp":"2025-05-05T18:14:28.359Z"}
{"level":"info","message":"📤 Published ride request RIDE-1746468868357-wsot7wxjf to Kafka","timestamp":"2025-05-05T18:14:28.443Z"}
{"level":"info","message":"🔎 ML response payload:","predicted_fare":72.82,"timestamp":"2025-05-05T18:14:28.580Z"}
{"level":"info","message":"📤 Published ride request RIDE-1746468868578-5lw6321yn to Kafka","timestamp":"2025-05-05T18:14:28.663Z"}
{"level":"info","message":"🔎 ML response payload:","predicted_fare":42.25,"timestamp":"2025-05-05T18:14:28.802Z"}
{"level":"info","message":"📤 Published ride request RIDE-1746468868800-o7dcd204e to Kafka","timestamp":"2025-05-05T18:14:28.884Z"}
{"level":"info","message":"🔎 ML response payload:","predicted_fare":56.28,"timestamp":"2025-05-05T18:14:29.021Z"}
{"level":"info","message":"📤 Published ride request RIDE-1746468869019-pe298wdut to Kafka","timestamp":"2025-05-05T18:14:29.105Z"}
{"level":"info","message":"🔎 ML response payload:","predicted_fare":31.58,"timestamp":"2025-05-05T18:14:29.244Z"}
{"level":"info","message":"📤 Published ride request RIDE-1746468869242-k5wljlpu5 to Kafka","timestamp":"2025-05-05T18:14:29.328Z"}
{"level":"info","message":"🔎 ML response payload:","predicted_fare":35.8,"timestamp":"2025-05-05T18:14:29.459Z"}
{"level":"info","message":"📤 Published ride request RIDE-1746468869456-zuw1es27v to Kafka","timestamp":"2025-05-05T18:14:29.542Z"}
{"level":"info","message":"🔎 ML response payload:","predicted_fare":56.05,"timestamp":"2025-05-05T18:14:29.680Z"}
{"level":"info","message":"📤 Published ride request RIDE-1746468869678-2nc85251p to Kafka","timestamp":"2025-05-05T18:14:29.765Z"}
{"level":"info","message":"🔎 ML response payload:","predicted_fare":8.39,"timestamp":"2025-05-05T18:14:29.921Z"}
{"level":"info","message":"📤 Published ride request RIDE-1746468869904-2p87uuknd to Kafka","timestamp":"2025-05-05T18:14:30.005Z"}
{"level":"info","message":"🔎 ML response payload:","predicted_fare":38.5,"timestamp":"2025-05-05T18:14:30.142Z"}
{"level":"info","message":"📤 Published ride request RIDE-1746468870137-hpws9kjbi to Kafka","timestamp":"2025-05-05T18:14:30.229Z"}
{"level":"info","message":"🔎 ML response payload:","predicted_fare":38.19,"timestamp":"2025-05-05T18:14:30.364Z"}
{"level":"info","message":"📤 Published ride request RIDE-1746468870362-xq4vxzp2n to Kafka","timestamp":"2025-05-05T18:14:30.448Z"}
{"level":"info","message":"🔎 ML response payload:","predicted_fare":23.65,"timestamp":"2025-05-05T18:14:30.586Z"}
{"level":"info","message":"📤 Published ride request RIDE-1746468870584-7ikd9qh4y to Kafka","timestamp":"2025-05-05T18:14:30.669Z"}
{"level":"info","message":"🔎 ML response payload:","predicted_fare":59.95,"timestamp":"2025-05-05T18:14:30.807Z"}
{"level":"info","message":"📤 Published ride request RIDE-1746468870805-b0yyiqgos to Kafka","timestamp":"2025-05-05T18:14:30.892Z"}
{"level":"info","message":"🔎 ML response payload:","predicted_fare":14.14,"timestamp":"2025-05-05T18:14:31.038Z"}
{"level":"info","message":"📤 Published ride request RIDE-1746468871035-3saxxse4s to Kafka","timestamp":"2025-05-05T18:14:31.122Z"}
{"level":"info","message":"🔎 ML response payload:","predicted_fare":24.18,"timestamp":"2025-05-05T18:14:31.154Z"}
{"level":"info","message":"🔎 ML response payload:","predicted_fare":11.07,"timestamp":"2025-05-05T18:14:31.174Z"}
{"level":"info","message":"📤 Published ride request RIDE-1746468871151-kg7alsux5 to Kafka","timestamp":"2025-05-05T18:14:31.236Z"}
{"level":"info","message":"📤 Published ride request RIDE-1746468871171-oj0r4t2cl to Kafka","timestamp":"2025-05-05T18:14:31.258Z"}
{"level":"info","message":"🔎 ML response payload:","predicted_fare":40.69,"timestamp":"2025-05-05T18:15:28.382Z"}
{"level":"info","message":"📤 Published ride request RIDE-1746468928374-lzetlqj29 to Kafka","timestamp":"2025-05-05T18:15:28.483Z"}
{"level":"info","message":"🔎 ML response payload:","predicted_fare":53.2,"timestamp":"2025-05-05T18:15:31.317Z"}
{"level":"info","message":"🔎 ML response payload:","predicted_fare":16.6,"timestamp":"2025-05-05T18:15:31.317Z"}
{"level":"info","message":"🔎 ML response payload:","predicted_fare":19.93,"timestamp":"2025-05-05T18:15:31.319Z"}
{"level":"info","message":"📤 Published ride request RIDE-1746468931309-4sapr1gk4 to Kafka","timestamp":"2025-05-05T18:15:31.403Z"}
{"level":"info","message":"📤 Published ride request RIDE-1746468931307-gf6qm5p33 to Kafka","timestamp":"2025-05-05T18:15:31.405Z"}
{"level":"info","message":"📤 Published ride request RIDE-1746468931311-q62gmskhv to Kafka","timestamp":"2025-05-05T18:15:31.407Z"}
{"level":"info","message":"🔎 ML response payload:","predicted_fare":89.83,"timestamp":"2025-05-05T18:15:39.594Z"}
{"level":"info","message":"🔎 ML response payload:","predicted_fare":111.96,"timestamp":"2025-05-05T18:15:39.595Z"}
{"level":"info","message":"📤 Published ride request RIDE-1746468939590-6tk0oq84m to Kafka","timestamp":"2025-05-05T18:15:39.681Z"}
{"level":"info","message":"📤 Published ride request RIDE-1746468939590-dc3xcuwgk to Kafka","timestamp":"2025-05-05T18:15:39.685Z"}
{"level":"info","message":"🔎 ML response payload:","predicted_fare":102.74,"timestamp":"2025-05-05T18:15:39.823Z"}
{"level":"info","message":"🔎 ML response payload:","predicted_fare":36.75,"timestamp":"2025-05-05T18:15:39.824Z"}
{"level":"info","message":"🔎 ML response payload:","predicted_fare":1.71,"timestamp":"2025-05-05T18:15:39.826Z"}
{"level":"info","message":"🔎 ML response payload:","predicted_fare":13.63,"timestamp":"2025-05-05T18:15:39.827Z"}
{"level":"info","message":"🔎 ML response payload:","predicted_fare":27.93,"timestamp":"2025-05-05T18:15:39.827Z"}
{"level":"info","message":"🔎 ML response payload:","predicted_fare":21.53,"timestamp":"2025-05-05T18:15:39.828Z"}
{"level":"info","message":"🔎 ML response payload:","predicted_fare":38.56,"timestamp":"2025-05-05T18:15:39.828Z"}
{"level":"info","message":"🔎 ML response payload:","predicted_fare":30.08,"timestamp":"2025-05-05T18:15:39.829Z"}
{"level":"info","message":"📤 Published ride request RIDE-1746468939816-buw1ialec to Kafka","timestamp":"2025-05-05T18:15:39.909Z"}
{"level":"info","message":"📤 Published ride request RIDE-1746468939817-t9w6n2b8y to Kafka","timestamp":"2025-05-05T18:15:39.911Z"}
{"level":"info","message":"📤 Published ride request RIDE-1746468939817-gnufjyczy to Kafka","timestamp":"2025-05-05T18:15:39.915Z"}
{"level":"info","message":"📤 Published ride request RIDE-1746468939817-19p97ssk9 to Kafka","timestamp":"2025-05-05T18:15:39.919Z"}
{"level":"info","message":"📤 Published ride request RIDE-1746468939818-wa5cqn9mk to Kafka","timestamp":"2025-05-05T18:15:39.922Z"}
{"level":"info","message":"📤 Published ride request RIDE-1746468939817-s4qwtkrc1 to Kafka","timestamp":"2025-05-05T18:15:39.926Z"}
{"level":"info","message":"📤 Published ride request RIDE-1746468939819-vrvr4qwnb to Kafka","timestamp":"2025-05-05T18:15:39.928Z"}
{"level":"info","message":"📤 Published ride request RIDE-1746468939817-f2cfz7fhq to Kafka","timestamp":"2025-05-05T18:15:39.929Z"}
{"level":"info","message":"🔎 ML response payload:","predicted_fare":19.94,"timestamp":"2025-05-05T18:15:56.928Z"}
{"level":"info","message":"📤 Published ride request RIDE-1746468956915-ovimdw13t to Kafka","timestamp":"2025-05-05T18:15:57.013Z"}
{"level":"info","message":"🔎 ML response payload:","predicted_fare":27.02,"timestamp":"2025-05-05T18:15:59.162Z"}
{"level":"info","message":"🔎 ML response payload:","predicted_fare":60.08,"timestamp":"2025-05-05T18:15:59.168Z"}
{"level":"info","message":"🔎 ML response payload:","predicted_fare":38.29,"timestamp":"2025-05-05T18:15:59.169Z"}
{"level":"info","message":"🔎 ML response payload:","predicted_fare":27.65,"timestamp":"2025-05-05T18:15:59.169Z"}
{"level":"info","message":"🔎 ML response payload:","predicted_fare":36.38,"timestamp":"2025-05-05T18:15:59.170Z"}
{"level":"info","message":"🔎 ML response payload:","predicted_fare":32.2,"timestamp":"2025-05-05T18:15:59.170Z"}
{"level":"info","message":"🔎 ML response payload:","predicted_fare":45.71,"timestamp":"2025-05-05T18:15:59.171Z"}
{"level":"info","message":"🔎 ML response payload:","predicted_fare":52.43,"timestamp":"2025-05-05T18:15:59.171Z"}
{"level":"info","message":"🔎 ML response payload:","predicted_fare":30.74,"timestamp":"2025-05-05T18:15:59.172Z"}
{"level":"info","message":"🔎 ML response payload:","predicted_fare":72.13,"timestamp":"2025-05-05T18:15:59.172Z"}
{"level":"info","message":"🔎 ML response payload:","predicted_fare":58.07,"timestamp":"2025-05-05T18:15:59.172Z"}
{"level":"info","message":"🔎 ML response payload:","predicted_fare":22.62,"timestamp":"2025-05-05T18:15:59.173Z"}
{"level":"info","message":"🔎 ML response payload:","predicted_fare":23.63,"timestamp":"2025-05-05T18:15:59.174Z"}
{"level":"info","message":"🔎 ML response payload:","predicted_fare":26.52,"timestamp":"2025-05-05T18:15:59.174Z"}
{"level":"info","message":"📤 Published ride request RIDE-1746468959153-i5qz3arx1 to Kafka","timestamp":"2025-05-05T18:15:59.270Z"}
{"level":"info","message":"📤 Published ride request RIDE-1746468959153-8txukf0dg to Kafka","timestamp":"2025-05-05T18:15:59.271Z"}
{"level":"info","message":"📤 Published ride request RIDE-1746468959154-2br0yhdur to Kafka","timestamp":"2025-05-05T18:15:59.274Z"}
{"level":"info","message":"📤 Published ride request RIDE-1746468959155-kbtz9hz6r to Kafka","timestamp":"2025-05-05T18:15:59.278Z"}
{"level":"info","message":"📤 Published ride request RIDE-1746468959158-9sac94ll3 to Kafka","timestamp":"2025-05-05T18:15:59.280Z"}
{"level":"info","message":"📤 Published ride request RIDE-1746468959154-45uv3a8g2 to Kafka","timestamp":"2025-05-05T18:15:59.284Z"}
{"level":"info","message":"📤 Published ride request RIDE-1746468959155-oe31qvm7g to Kafka","timestamp":"2025-05-05T18:15:59.285Z"}
{"level":"info","message":"📤 Published ride request RIDE-1746468959157-ui7h9diy6 to Kafka","timestamp":"2025-05-05T18:15:59.288Z"}
{"level":"info","message":"📤 Published ride request RIDE-1746468959158-b4w1m3wkj to Kafka","timestamp":"2025-05-05T18:15:59.289Z"}
{"level":"info","message":"📤 Published ride request RIDE-1746468959158-jqxeku47k to Kafka","timestamp":"2025-05-05T18:15:59.289Z"}
{"level":"info","message":"📤 Published ride request RIDE-1746468959159-hki18j83y to Kafka","timestamp":"2025-05-05T18:15:59.292Z"}
{"level":"info","message":"📤 Published ride request RIDE-1746468959165-nufw3r1to to Kafka","timestamp":"2025-05-05T18:15:59.347Z"}
{"level":"info","message":"📤 Published ride request RIDE-1746468959164-588fywyjz to Kafka","timestamp":"2025-05-05T18:15:59.694Z"}
{"level":"info","message":"📤 Published ride request RIDE-1746468959164-yne4330ex to Kafka","timestamp":"2025-05-05T18:15:59.696Z"}
{"level":"info","message":"🔎 ML response payload:","predicted_fare":34.88,"timestamp":"2025-05-05T18:16:00.147Z"}
{"level":"info","message":"🔎 ML response payload:","predicted_fare":32.47,"timestamp":"2025-05-05T18:16:00.148Z"}
{"level":"info","message":"🔎 ML response payload:","predicted_fare":99.64,"timestamp":"2025-05-05T18:16:00.149Z"}
{"level":"info","message":"🔎 ML response payload:","predicted_fare":66.41,"timestamp":"2025-05-05T18:16:00.149Z"}
{"level":"info","message":"🔎 ML response payload:","predicted_fare":60.06,"timestamp":"2025-05-05T18:16:00.152Z"}
{"level":"info","message":"🔎 ML response payload:","predicted_fare":32.37,"timestamp":"2025-05-05T18:16:00.154Z"}
{"level":"info","message":"🔎 ML response payload:","predicted_fare":26.83,"timestamp":"2025-05-05T18:16:00.154Z"}
{"level":"info","message":"🔎 ML response payload:","predicted_fare":22.05,"timestamp":"2025-05-05T18:16:00.154Z"}
{"level":"info","message":"🔎 ML response payload:","predicted_fare":18.15,"timestamp":"2025-05-05T18:16:00.156Z"}
{"level":"info","message":"🔎 ML response payload:","predicted_fare":57.37,"timestamp":"2025-05-05T18:16:00.158Z"}
{"level":"info","message":"🔎 ML response payload:","predicted_fare":18.5,"timestamp":"2025-05-05T18:16:00.158Z"}
{"level":"info","message":"🔎 ML response payload:","predicted_fare":20.58,"timestamp":"2025-05-05T18:16:00.159Z"}
{"level":"info","message":"🔎 ML response payload:","predicted_fare":34.57,"timestamp":"2025-05-05T18:16:00.159Z"}
{"level":"info","message":"🔎 ML response payload:","predicted_fare":17.43,"timestamp":"2025-05-05T18:16:00.159Z"}
{"level":"info","message":"🔎 ML response payload:","predicted_fare":26.82,"timestamp":"2025-05-05T18:16:00.160Z"}
{"level":"info","message":"🔎 ML response payload:","predicted_fare":38.95,"timestamp":"2025-05-05T18:16:00.161Z"}
{"level":"info","message":"📤 Published ride request RIDE-1746468960144-7s6hpso1v to Kafka","timestamp":"2025-05-05T18:16:00.230Z"}
{"level":"info","message":"📤 Published ride request RIDE-1746468960145-4ekkrycw1 to Kafka","timestamp":"2025-05-05T18:16:00.232Z"}
{"level":"info","message":"📤 Published ride request RIDE-1746468960146-vjwaj251v to Kafka","timestamp":"2025-05-05T18:16:00.236Z"}
{"level":"info","message":"📤 Published ride request RIDE-1746468960148-f3w4ypzj3 to Kafka","timestamp":"2025-05-05T18:16:00.239Z"}
{"level":"info","message":"📤 Published ride request RIDE-1746468960146-juh524rwc to Kafka","timestamp":"2025-05-05T18:16:00.241Z"}
{"level":"info","message":"📤 Published ride request RIDE-1746468960146-868ltsa8l to Kafka","timestamp":"2025-05-05T18:16:00.246Z"}
{"level":"info","message":"📤 Published ride request RIDE-1746468960147-fqld9cjjk to Kafka","timestamp":"2025-05-05T18:16:00.247Z"}
{"level":"info","message":"📤 Published ride request RIDE-1746468960146-2eptgcjb7 to Kafka","timestamp":"2025-05-05T18:16:00.248Z"}
{"level":"info","message":"📤 Published ride request RIDE-1746468960150-nyve60cwm to Kafka","timestamp":"2025-05-05T18:16:00.249Z"}
{"level":"info","message":"📤 Published ride request RIDE-1746468960149-nop6ymy54 to Kafka","timestamp":"2025-05-05T18:16:00.250Z"}
{"level":"info","message":"📤 Published ride request RIDE-1746468960151-a3ms6qcrz to Kafka","timestamp":"2025-05-05T18:16:00.251Z"}
{"level":"info","message":"📤 Published ride request RIDE-1746468960147-gyvuef4b3 to Kafka","timestamp":"2025-05-05T18:16:00.254Z"}
{"level":"info","message":"📤 Published ride request RIDE-1746468960147-lwkiu3xy2 to Kafka","timestamp":"2025-05-05T18:16:00.254Z"}
{"level":"info","message":"📤 Published ride request RIDE-1746468960153-rhthsegsi to Kafka","timestamp":"2025-05-05T18:16:00.313Z"}
{"level":"info","message":"🔎 ML response payload:","predicted_fare":24.75,"timestamp":"2025-05-05T18:16:00.585Z"}
{"level":"info","message":"🔎 ML response payload:","predicted_fare":47.4,"timestamp":"2025-05-05T18:16:00.586Z"}
{"level":"info","message":"🔎 ML response payload:","predicted_fare":22.99,"timestamp":"2025-05-05T18:16:00.586Z"}
{"level":"info","message":"📤 Published ride request RIDE-1746468960152-70rxgmd00 to Kafka","timestamp":"2025-05-05T18:16:00.661Z"}
{"level":"info","message":"📤 Published ride request RIDE-1746468960583-ilml1d3h3 to Kafka","timestamp":"2025-05-05T18:16:00.669Z"}
{"level":"info","message":"📤 Published ride request RIDE-1746468960583-w6e86xrlp to Kafka","timestamp":"2025-05-05T18:16:00.671Z"}
{"level":"info","message":"📤 Published ride request RIDE-1746468960583-hzenuln93 to Kafka","timestamp":"2025-05-05T18:16:00.673Z"}
{"level":"info","message":"📤 Published ride request RIDE-1746468960147-nix9u6jrq to Kafka","timestamp":"2025-05-05T18:16:00.680Z"}
{"level":"info","message":"🔎 ML response payload:","predicted_fare":15.32,"timestamp":"2025-05-05T18:16:00.774Z"}
{"level":"info","message":"🔎 ML response payload:","predicted_fare":23.98,"timestamp":"2025-05-05T18:16:00.775Z"}
{"level":"info","message":"📤 Published ride request RIDE-1746468960772-b2t624sb3 to Kafka","timestamp":"2025-05-05T18:16:00.855Z"}
{"level":"info","message":"📤 Published ride request RIDE-1746468960772-v487gi8mp to Kafka","timestamp":"2025-05-05T18:16:00.858Z"}
{"level":"info","message":"🔎 ML response payload:","predicted_fare":36.07,"timestamp":"2025-05-05T18:16:01.204Z"}
{"level":"info","message":"📤 Published ride request RIDE-1746468961201-f2tbfgst1 to Kafka","timestamp":"2025-05-05T18:16:01.287Z"}
{"level":"info","message":"🔎 ML response payload:","predicted_fare":67.63,"timestamp":"2025-05-05T18:16:01.424Z"}
{"level":"info","message":"📤 Published ride request RIDE-1746468961423-ts42sws6h to Kafka","timestamp":"2025-05-05T18:16:01.506Z"}
{"level":"info","message":"🔎 ML response payload:","predicted_fare":44.86,"timestamp":"2025-05-05T18:16:01.649Z"}
{"level":"info","message":"📤 Published ride request RIDE-1746468961647-m26uuv57o to Kafka","timestamp":"2025-05-05T18:16:01.732Z"}
{"level":"info","message":"🔎 ML response payload:","predicted_fare":16.22,"timestamp":"2025-05-05T18:16:01.868Z"}
{"level":"info","message":"📤 Published ride request RIDE-1746468961866-du419skpi to Kafka","timestamp":"2025-05-05T18:16:01.952Z"}
{"level":"info","message":"🔎 ML response payload:","predicted_fare":10.34,"timestamp":"2025-05-05T18:16:02.097Z"}
{"level":"info","message":"📤 Published ride request RIDE-1746468962095-a3m3npwew to Kafka","timestamp":"2025-05-05T18:16:02.179Z"}
{"level":"info","message":"🔎 ML response payload:","predicted_fare":36.32,"timestamp":"2025-05-05T18:16:02.380Z"}
{"level":"info","message":"📤 Published ride request RIDE-1746468962378-ximo5hns4 to Kafka","timestamp":"2025-05-05T18:16:02.464Z"}
{"level":"info","message":"🔎 ML response payload:","predicted_fare":28.33,"timestamp":"2025-05-05T18:16:02.604Z"}
{"level":"info","message":"📤 Published ride request RIDE-1746468962601-iua12gaqb to Kafka","timestamp":"2025-05-05T18:16:02.688Z"}
{"level":"info","message":"🔎 ML response payload:","predicted_fare":90.96,"timestamp":"2025-05-05T18:16:02.821Z"}
{"level":"info","message":"📤 Published ride request RIDE-1746468962819-gbqghfway to Kafka","timestamp":"2025-05-05T18:16:02.904Z"}
{"level":"info","message":"🔎 ML response payload:","predicted_fare":22.09,"timestamp":"2025-05-05T18:16:03.037Z"}
{"level":"info","message":"📤 Published ride request RIDE-1746468963034-i80bej2dw to Kafka","timestamp":"2025-05-05T18:16:03.120Z"}
{"level":"info","message":"🔎 ML response payload:","predicted_fare":32.48,"timestamp":"2025-05-05T18:16:03.258Z"}
{"level":"info","message":"📤 Published ride request RIDE-1746468963256-vrslqor7b to Kafka","timestamp":"2025-05-05T18:16:03.341Z"}
{"level":"info","message":"🔎 ML response payload:","predicted_fare":63.67,"timestamp":"2025-05-05T18:16:03.482Z"}
{"level":"info","message":"📤 Published ride request RIDE-1746468963479-pjztvlhz8 to Kafka","timestamp":"2025-05-05T18:16:03.563Z"}
{"level":"info","message":"🔎 ML response payload:","predicted_fare":45.77,"timestamp":"2025-05-05T18:16:03.712Z"}
{"level":"info","message":"📤 Published ride request RIDE-1746468963709-jzclqztby to Kafka","timestamp":"2025-05-05T18:16:03.796Z"}
{"level":"info","message":"🔎 ML response payload:","predicted_fare":21.02,"timestamp":"2025-05-05T18:16:03.929Z"}
{"level":"info","message":"📤 Published ride request RIDE-1746468963927-lxpq2ni97 to Kafka","timestamp":"2025-05-05T18:16:04.013Z"}
{"level":"info","message":"🔎 ML response payload:","predicted_fare":28.85,"timestamp":"2025-05-05T18:16:04.154Z"}
{"level":"info","message":"📤 Published ride request RIDE-1746468964152-azodg1psh to Kafka","timestamp":"2025-05-05T18:16:04.237Z"}
{"level":"info","message":"🔎 ML response payload:","predicted_fare":35.42,"timestamp":"2025-05-05T18:16:04.384Z"}
{"level":"info","message":"📤 Published ride request RIDE-1746468964376-9ed8j2cme to Kafka","timestamp":"2025-05-05T18:16:04.467Z"}
{"level":"info","message":"🔎 ML response payload:","predicted_fare":29.22,"timestamp":"2025-05-05T18:16:04.630Z"}
{"level":"info","message":"📤 Published ride request RIDE-1746468964628-k0amxf8wj to Kafka","timestamp":"2025-05-05T18:16:04.716Z"}
{"level":"info","message":"🔎 ML response payload:","predicted_fare":33.16,"timestamp":"2025-05-05T18:16:04.869Z"}
{"level":"info","message":"📤 Published ride request RIDE-1746468964866-moubiv4f7 to Kafka","timestamp":"2025-05-05T18:16:04.952Z"}
{"level":"info","message":"🔎 ML response payload:","predicted_fare":23.67,"timestamp":"2025-05-05T18:16:05.111Z"}
{"level":"info","message":"📤 Published ride request RIDE-1746468965107-gsxpnhnnf to Kafka","timestamp":"2025-05-05T18:16:05.197Z"}
{"level":"info","message":"🔎 ML response payload:","predicted_fare":24.1,"timestamp":"2025-05-05T18:16:05.335Z"}
{"level":"info","message":"📤 Published ride request RIDE-1746468965332-jv4micfik to Kafka","timestamp":"2025-05-05T18:16:05.418Z"}
{"level":"info","message":"🔎 ML response payload:","predicted_fare":90.75,"timestamp":"2025-05-05T18:16:05.559Z"}
{"level":"info","message":"📤 Published ride request RIDE-1746468965557-bb2s2qgur to Kafka","timestamp":"2025-05-05T18:16:05.644Z"}
{"level":"info","message":"🔎 ML response payload:","predicted_fare":59.49,"timestamp":"2025-05-05T18:16:05.781Z"}
{"level":"info","message":"📤 Published ride request RIDE-1746468965779-nkjxiokcd to Kafka","timestamp":"2025-05-05T18:16:05.864Z"}
{"level":"info","message":"🔎 ML response payload:","predicted_fare":10.05,"timestamp":"2025-05-05T18:16:05.998Z"}
{"level":"info","message":"📤 Published ride request RIDE-1746468965996-7w2x0dyz8 to Kafka","timestamp":"2025-05-05T18:16:06.080Z"}
{"level":"info","message":"🔎 ML response payload:","predicted_fare":30.63,"timestamp":"2025-05-05T18:16:06.227Z"}
{"level":"info","message":"📤 Published ride request RIDE-1746468966225-5jp18gqry to Kafka","timestamp":"2025-05-05T18:16:06.315Z"}
{"level":"info","message":"🔎 ML response payload:","predicted_fare":37,"timestamp":"2025-05-05T18:16:06.441Z"}
{"level":"info","message":"📤 Published ride request RIDE-1746468966439-jegfvlipi to Kafka","timestamp":"2025-05-05T18:16:06.525Z"}
{"level":"info","message":"🔎 ML response payload:","predicted_fare":28.78,"timestamp":"2025-05-05T18:16:06.664Z"}
{"level":"info","message":"📤 Published ride request RIDE-1746468966662-lfnuxnbwo to Kafka","timestamp":"2025-05-05T18:16:06.751Z"}
{"level":"info","message":"🔎 ML response payload:","predicted_fare":28.32,"timestamp":"2025-05-05T18:16:06.881Z"}
{"level":"info","message":"📤 Published ride request RIDE-1746468966879-qzz5r0c85 to Kafka","timestamp":"2025-05-05T18:16:06.966Z"}
{"level":"info","message":"🔎 ML response payload:","predicted_fare":27.99,"timestamp":"2025-05-05T18:16:07.124Z"}
{"level":"info","message":"📤 Published ride request RIDE-1746468967122-vo3067t5o to Kafka","timestamp":"2025-05-05T18:16:07.208Z"}
{"level":"info","message":"🔎 ML response payload:","predicted_fare":81.49,"timestamp":"2025-05-05T18:16:07.487Z"}
{"level":"info","message":"📤 Published ride request RIDE-1746468967485-pwaaz1jzy to Kafka","timestamp":"2025-05-05T18:16:07.571Z"}
{"level":"info","message":"🔎 ML response payload:","predicted_fare":30.4,"timestamp":"2025-05-05T18:16:07.723Z"}
{"level":"info","message":"🔎 ML response payload:","predicted_fare":65.46,"timestamp":"2025-05-05T18:16:07.768Z"}
{"level":"info","message":"🔎 ML response payload:","predicted_fare":51.2,"timestamp":"2025-05-05T18:16:07.769Z"}
{"level":"info","message":"📤 Published ride request RIDE-1746468967720-ofp1v7wg1 to Kafka","timestamp":"2025-05-05T18:16:07.809Z"}
{"level":"info","message":"📤 Published ride request RIDE-1746468967766-u4phz1xm2 to Kafka","timestamp":"2025-05-05T18:16:07.851Z"}
{"level":"info","message":"📤 Published ride request RIDE-1746468967766-zfdgr1016 to Kafka","timestamp":"2025-05-05T18:16:07.853Z"}
{"level":"info","message":"🔎 ML response payload:","predicted_fare":8.87,"timestamp":"2025-05-05T18:16:11.467Z"}
{"level":"info","message":"📤 Published ride request RIDE-1746468971464-kp1o5amro to Kafka","timestamp":"2025-05-05T18:16:11.572Z"}
{"level":"info","message":"🔎 ML response payload:","predicted_fare":2.63,"timestamp":"2025-05-05T18:16:12.029Z"}
{"level":"info","message":"🔎 ML response payload:","predicted_fare":44.89,"timestamp":"2025-05-05T18:16:12.035Z"}
{"level":"info","message":"🔎 ML response payload:","predicted_fare":87.84,"timestamp":"2025-05-05T18:16:12.037Z"}
{"level":"info","message":"🔎 ML response payload:","predicted_fare":79.58,"timestamp":"2025-05-05T18:16:12.038Z"}
{"level":"info","message":"🔎 ML response payload:","predicted_fare":24.47,"timestamp":"2025-05-05T18:16:12.039Z"}
{"level":"info","message":"🔎 ML response payload:","predicted_fare":34.18,"timestamp":"2025-05-05T18:16:12.039Z"}
{"level":"info","message":"🔎 ML response payload:","predicted_fare":18.47,"timestamp":"2025-05-05T18:16:12.040Z"}
{"level":"info","message":"🔎 ML response payload:","predicted_fare":40.57,"timestamp":"2025-05-05T18:16:12.040Z"}
{"level":"info","message":"🔎 ML response payload:","predicted_fare":86.6,"timestamp":"2025-05-05T18:16:12.041Z"}
{"level":"info","message":"🔎 ML response payload:","predicted_fare":47.28,"timestamp":"2025-05-05T18:16:12.041Z"}
{"level":"info","message":"🔎 ML response payload:","predicted_fare":11.97,"timestamp":"2025-05-05T18:16:12.045Z"}
{"level":"info","message":"🔎 ML response payload:","predicted_fare":39.45,"timestamp":"2025-05-05T18:16:12.046Z"}
{"level":"info","message":"🔎 ML response payload:","predicted_fare":36.49,"timestamp":"2025-05-05T18:16:12.047Z"}
{"level":"info","message":"🔎 ML response payload:","predicted_fare":37.61,"timestamp":"2025-05-05T18:16:12.048Z"}
{"level":"info","message":"🔎 ML response payload:","predicted_fare":25.62,"timestamp":"2025-05-05T18:16:12.048Z"}
{"level":"info","message":"🔎 ML response payload:","predicted_fare":30.2,"timestamp":"2025-05-05T18:16:12.049Z"}
{"level":"info","message":"🔎 ML response payload:","predicted_fare":31.59,"timestamp":"2025-05-05T18:16:12.049Z"}
{"level":"info","message":"📤 Published ride request RIDE-1746468972002-skjhkhvhw to Kafka","timestamp":"2025-05-05T18:16:12.116Z"}
{"level":"info","message":"📤 Published ride request RIDE-1746468972009-3ny7ny0qx to Kafka","timestamp":"2025-05-05T18:16:12.119Z"}
{"level":"info","message":"📤 Published ride request RIDE-1746468972006-509r611ze to Kafka","timestamp":"2025-05-05T18:16:12.122Z"}
{"level":"info","message":"📤 Published ride request RIDE-1746468972012-p7ny873fw to Kafka","timestamp":"2025-05-05T18:16:12.126Z"}
{"level":"info","message":"📤 Published ride request RIDE-1746468972011-zvm9jtlgv to Kafka","timestamp":"2025-05-05T18:16:12.131Z"}
{"level":"info","message":"📤 Published ride request RIDE-1746468972017-g3pt8keg9 to Kafka","timestamp":"2025-05-05T18:16:12.132Z"}
{"level":"info","message":"📤 Published ride request RIDE-1746468972029-wdq6jo702 to Kafka","timestamp":"2025-05-05T18:16:12.133Z"}
{"level":"info","message":"📤 Published ride request RIDE-1746468972027-awqhs6oeo to Kafka","timestamp":"2025-05-05T18:16:12.134Z"}
{"level":"info","message":"📤 Published ride request RIDE-1746468972038-uwykvvl7m to Kafka","timestamp":"2025-05-05T18:16:12.137Z"}
{"level":"info","message":"📤 Published ride request RIDE-1746468972037-8p0rvb0x2 to Kafka","timestamp":"2025-05-05T18:16:12.139Z"}
{"level":"info","message":"📤 Published ride request RIDE-1746468972041-4pu8tcn0w to Kafka","timestamp":"2025-05-05T18:16:12.141Z"}
{"level":"info","message":"📤 Published ride request RIDE-1746468972042-jhttbrlm7 to Kafka","timestamp":"2025-05-05T18:16:12.142Z"}
{"level":"info","message":"📤 Published ride request RIDE-1746468972042-kj5qqcmhk to Kafka","timestamp":"2025-05-05T18:16:12.146Z"}
{"level":"info","message":"📤 Published ride request RIDE-1746468972037-u0ixi4vp0 to Kafka","timestamp":"2025-05-05T18:16:12.147Z"}
{"level":"info","message":"📤 Published ride request RIDE-1746468972043-p6g7inkem to Kafka","timestamp":"2025-05-05T18:16:12.147Z"}
{"level":"info","message":"🔎 ML response payload:","predicted_fare":13.42,"timestamp":"2025-05-05T18:16:12.507Z"}
{"level":"info","message":"📤 Published ride request RIDE-1746468972037-qvq48aqh5 to Kafka","timestamp":"2025-05-05T18:16:12.559Z"}
{"level":"info","message":"📤 Published ride request RIDE-1746468972037-8ju6udvmw to Kafka","timestamp":"2025-05-05T18:16:12.581Z"}
{"level":"info","message":"📤 Published ride request RIDE-1746468972505-1xssgrqjy to Kafka","timestamp":"2025-05-05T18:16:12.590Z"}
